{
  "real_facts": {
    "kurtosis": 4.60339786339658,
    "return_acf": [
      -0.006129896495456233,
      -0.005410572515444318,
      -0.004850442150800915,
      -0.0036463281274129967,
      -0.005386376919333319,
      -0.0031757095684462507,
      -0.0038579477775226357,
      -0.0039151866634744275,
      -0.005292579737192809,
      -0.003945431906172928,
      -0.004851899003124628,
      -0.0046194163631568036,
      -0.005172885457709455,
      -0.004211124507857456,
      -0.003735645228058452,
      -0.0037680503626371766,
      -0.004010344632969521,
      -0.003202785018342763,
      -0.0032783054102908417,
      -0.004305299142885759
    ],
    "absolute_return_acf": [
      0.08947994314640795,
      0.08706221495064048,
      0.08482332847898004,
      0.08305845971378771,
      0.08067919327684936,
      0.07845742851805035,
      0.07822117883161873,
      0.07314431128699136,
      0.07130771041124338,
      0.07008872915004222,
      0.06696331074490364,
      0.06571267470156224,
      0.06297135471751543,
      0.06143142913263746,
      0.058780572831940825,
      0.05806321182989763,
      0.05548740810128411,
      0.053705708316469335,
      0.05131013846360228,
      0.0498567169204288,
      0.04751329320018901,
      0.04666906945559521,
      0.04433729311956561,
      0.04351708917810179,
      0.040605979435813976,
      0.03982570287915335,
      0.03750091418173794,
      0.035092790865346994,
      0.03401017096821067,
      0.0322637376223491,
      0.030973581918145796,
      0.03080148907385584,
      0.027930149354695358,
      0.027127365950542544,
      0.02524615258377359,
      0.023932512169302107,
      0.02233021877941033,
      0.020586613788424087,
      0.01928397702155667,
      0.01715488076489573,
      0.01650369251883455,
      0.014150051520215104,
      0.013640884493037063,
      0.012754180978707456,
      0.011389362354853725,
      0.007673126877138603,
      0.007936203346543302,
      0.00707422777302266,
      0.006542557740364,
      0.00457947612939156
    ],
    "leverage_correlation": [
      -0.03220236985226149,
      -0.030007698100387906,
      -0.031877264599439036,
      -0.030177338239747133,
      -0.029888435813181728,
      -0.028638150486819166,
      -0.02749954963028258,
      -0.027585348466969264,
      -0.02666613555497109,
      -0.025635656995973862
    ],
    "aggregational_kurtosis": {
      "1": 4.60339786339658,
      "5": 4.586748838947848,
      "21": 4.801096172464452
    },
    "tail_index": 4.278436214587005
  },
  "fake_facts": {
    "kurtosis": 12.143519053957766,
    "return_acf": [
      -0.0010190806190277955,
      0.0026716349325532564,
      0.0033883827521974277,
      0.00319282511328986,
      0.0022902445011299477,
      0.0025600709697630166,
      0.002514117389408569,
      0.0025433320441941164,
      0.003104661915907598,
      0.0020698169249580727,
      0.001769557154040309,
      0.0016379198977489288,
      0.0021413146097316576,
      0.002127809480991554,
      0.0014762773884483297,
      0.000991994793727144,
      0.0006974321519703483,
      0.0008703507859699245,
      0.0009968258727192803,
      0.00031221617890006906
    ],
    "absolute_return_acf": [
      0.0875332680383117,
      0.08580098288197503,
      0.08351351028929452,
      0.08167033479475702,
      0.07975316407712779,
      0.07713042471265633,
      0.07533411684714707,
      0.07334095938289306,
      0.07082997429797881,
      0.07013121420555515,
      0.06760750670036048,
      0.06618541022255467,
      0.0630855354392584,
      0.06205766134171801,
      0.05980043972945656,
      0.058154604543889696,
      0.05595041787091205,
      0.05473253791728757,
      0.053275077912072484,
      0.05049677481810657,
      0.048767291712603494,
      0.04754404755768857,
      0.046549901727092745,
      0.04428358218176065,
      0.042754913364793666,
      0.0408236743982353,
      0.0390279350039631,
      0.03800521916892545,
      0.03641713806035583,
      0.034921974956427536,
      0.032767534819149055,
      0.03169957512219682,
      0.030872506221049475,
      0.028553323980700072,
      0.026097081429039663,
      0.026280864746552942,
      0.025504312388347494,
      0.024265818969967178,
      0.022821571424984304,
      0.021115405392063757,
      0.02066995472554799,
      0.018907713879237054,
      0.017596391998807543,
      0.01607350932532035,
      0.01472856466714928,
      0.014229588088351562,
      0.013568356275830563,
      0.011966642089385278,
      0.010702917141366695,
      0.009108415396001606
    ],
    "leverage_correlation": [
      -0.03892197806634886,
      -0.03801154133508833,
      -0.03690816870031911,
      -0.03681825413177729,
      -0.0362269368422832,
      -0.035955715303270644,
      -0.03528916584450035,
      -0.0343334120383481,
      -0.03322546804758208,
      -0.03386630104908096
    ],
    "aggregational_kurtosis": {
      "1": 12.143519053957766,
      "5": 25.05405815709895,
      "21": 35.64883844359356
    },
    "tail_index": 2.5431030846921616
  },
  "stylized_facts_comparison": {
    "kurtosis_real": 4.60339786339658,
    "kurtosis_fake": 12.143519053957766,
    "kurtosis_abs_diff": 7.540121190561186,
    "return_acf_l1": 0.006155196561345565,
    "absolute_return_acf_l1": 0.002130104708904809,
    "leverage_correlation_l1": 0.006937899361856567,
    "aggregational_kurtosis_l1": {
      "1": 7.540121190561186,
      "5": 20.467309318151102,
      "21": 30.84774227112911
    },
    "tail_index_real": 4.278436214587005,
    "tail_index_fake": 2.5431030846921616,
    "tail_index_abs_diff": 1.7353331298948436
  },
  "distances": {
    "marginal_wasserstein_mean": 0.001543693558087985,
    "marginal_wasserstein_max": 0.0021083751951344624,