{
  "real_facts": {
    "kurtosis": 4.60339786339658,
    "return_acf": [
      -0.006129896495456233,
      -0.005410572515444318,
      -0.004850442150800915,
      -0.0036463281274129967,
      -0.005386376919333319,
      -0.0031757095684462507,
      -0.0038579477775226357,
      -0.0039151866634744275,
      -0.005292579737192809,
      -0.003945431906172928,
      -0.004851899003124628,
      -0.0046194163631568036,
      -0.005172885457709455,
      -0.004211124507857456,
      -0.003735645228058452,
      -0.0037680503626371766,
      -0.004010344632969521,
      -0.003202785018342763,
      -0.0032783054102908417,
      -0.004305299142885759
    ],
    "absolute_return_acf": [
      0.08947994314640795,
      0.08706221495064048,
      0.08482332847898004,
      0.08305845971378771,
      0.08067919327684936,
      0.07845742851805035,
      0.07822117883161873,
      0.07314431128699136,
      0.07130771041124338,
      0.07008872915004222,
      0.06696331074490364,
      0.06571267470156224,
      0.06297135471751543,
      0.06143142913263746,
      0.058780572831940825,
      0.05806321182989763,
      0.05548740810128411,
      0.053705708316469335,
      0.05131013846360228,
      0.0498567169204288,
      0.04751329320018901,
      0.04666906945559521,
      0.04433729311956561,
      0.04351708917810179,
      0.040605979435813976,
      0.03982570287915335,
      0.03750091418173794,
      0.035092790865346994,
      0.03401017096821067,
      0.0322637376223491,
      0.030973581918145796,
      0.03080148907385584,
      0.027930149354695358,
      0.027127365950542544,
      0.02524615258377359,
      0.023932512169302107,
      0.02233021877941033,
      0.020586613788424087,
      0.01928397702155667,
      0.01715488076489573,
      0.01650369251883455,
      0.014150051520215104,
      0.013640884493037063,
      0.012754180978707456,
      0.011389362354853725,
      0.007673126877138603,
      0.007936203346543302,
      0.00707422777302266,
      0.006542557740364,
      0.00457947612939156
    ],
    "leverage_correlation": [
      -0.03220236985226149,
      -0.030007698100387906,
      -0.031877264599439036,
      -0.030177338239747133,
      -0.029888435813181728,
      -0.028638150486819166,
      -0.02749954963028258,
      -0.027585348466969264,
      -0.02666613555497109,
      -0.025635656995973862
    ],
    "aggregational_kurtosis": {
      "1": 4.60339786339658,
      "5": 4.586748838947848,
      "21": 4.801096172464452
    },
    "tail_index": 4.278436214587005
  },
  "fake_facts": {
    "kurtosis": 12.143519057801699,
    "return_acf": [
      -0.0010190806425233853,
      0.002671634952387693,
      0.003388382743874188,
      0.0031928251110075055,
      0.002290244507569629,
      0.0025600709980899508,
      0.0025141174082439696,
      0.0025433320549971884,
      0.0031046619281694626,
      0.002069816912995925,
      0.0017695571442565008,
      0.0016379198859736313,
      0.002141314625507609,
      0.0021278094704009565,
      0.00147627740397333,
      0.0009919947527554853,
      0.0006974321621295271,
      0.000870350795909167,
      0.0009968258232744718,
      0.0003122161931149259
    ],
    "absolute_return_acf": [
      0.09283062155023857,
      0.09079748426399495,
      0.08851712539106857,
      0.08637539786617368,
      0.08423900596172602,
      0.08158013825217349,
      0.07972535531289247,
      0.077552506388288,
      0.07491695130437741,
      0.07418811825235738,
      0.0714852939045616,
      0.06995490428918141,
      0.06667785177207237,
      0.06546905122938028,
      0.06318075054266739,
      0.06123825472065102,
      0.05912498947960094,
      0.05777223079913837,
      0.056047838619147555,
      0.053341638288080515,
      0.0515514177044391,
      0.05001833590917914,
      0.04906977014437769,
      0.04664929701537089,
      0.04502010953178174,
      0.042714480644219226,
      0.041089434588295136,
      0.03991774415374024,
      0.038453592503741266,
      0.03683133213308125,
      0.034488013711814446,
      0.03341472100124367,
      0.0325669765633633,
      0.03020034671620597,
      0.02768637476152988,
      0.027503063838067793,
      0.026724634668055306,
      0.025610364309129517,
      0.023728842871464862,
      0.022243118233964188,
      0.02169768771770542,
      0.019619545560710466,
      0.018388415610642212,
      0.0168153866532879,
      0.015367389822037185,
      0.01492920116401815,
      0.014142729362173733,
      0.012460193142137197,
      0.011310784642990457,
      0.009406079736576492
    ],
    "leverage_correlation": [
      -0.0381659391121585,
      -0.03760111217354588,
      -0.036644498116430634,
      -0.03649197720836551,
      -0.03579735727980305,
      -0.03557468114569228,
      -0.034912865834447415,
      -0.03398972440813998,
      -0.03302290948381184,
      -0.03350031487844724
    ],
    "aggregational_kurtosis": {
      "1": 12.143519057801699,
      "5": 25.05405812107679,
      "21": 35.64883847266014
    },
    "tail_index": 2.523294748892894
  },
  "stylized_facts_comparison": {
    "kurtosis_real": 4.60339786339658,
    "kurtosis_fake": 12.143519057801699,
    "kurtosis_abs_diff": 7.540121194405119,
    "return_acf_l1": 0.006155196561019871,
    "absolute_return_acf_l1": 0.004101662460709776,
    "leverage_correlation_l1": 0.006552343190080907,
    "aggregational_kurtosis_l1": {
      "1": 7.540121194405119,
      "5": 20.46730928212894,
      "21": 30.847742300195687
    },
    "tail_index_real": 4.278436214587005,
    "tail_index_fake": 2.523294748892894,
    "tail_index_abs_diff": 1.7551414656941113
  },
  "distances": {
    "marginal_wasserstein_mean": 0.0020073014157657486,
    "marginal_wasserstein_max": 0.0026658474784408285,