{
  "real_facts": {
    "kurtosis": 4.272541644877583,
    "return_acf": [
      -0.003322451247679334,
      -0.004101547282240711,
      -0.00447491673128215,
      -0.005231909927910729,
      -0.0054215102253120165,
      -0.0038614966917528896,
      -0.005834215605208535,
      -0.003986781877639433,
      -0.004307648294517403,
      -0.004626650395340947,
      -0.00337181767775262,
      -0.004860434181298144,
      -0.004287120442262697,
      -0.004958457794720612,
      -0.003672494072241073,
      -0.003561543172021355,
      -0.003990656386901153,
      -0.004523040548782432,
      -0.003638232816146648,
      -0.0035583720032881286
    ],
    "absolute_return_acf": [
      0.08462038449707913,
      0.08067923170073117,
      0.0788018176577032,
      0.0772984350692897,
      0.07477235368631956,
      0.07251729906658098,
      0.07108860776797261,
      0.06936396557237615,
      0.06689045361054269,
      0.06540322167332309,
      0.06257376440772398,
      0.06113858156927403,
      0.05888776447758337,
      0.05687919672937205,
      0.054329604303812846,
      0.053606145968563966,
      0.05292272958740317,
      0.0505210868984192,
      0.047770243430576,
      0.045820643132853514,
      0.04385218786789532,
      0.04261446469714827,
      0.04137928386103374,
      0.03822276710531994,
      0.038584693055946806,
      0.035338489790033976,
      0.03516292150932871,
      0.03311486970781744,
      0.03178475357270825,
      0.03051211901593013,
      0.029528733780752617,
      0.026442627944182236,
      0.026643122609048664,
      0.023204858154845902,
      0.02354857030790352,
      0.020947109300656616,
      0.021386209941002467,
      0.01940181885965392,
      0.01876673406728991,
      0.01650567891032854,
      0.01460812574698004,
      0.013695281876243942,
      0.013189460777621568,
      0.012558714536806341,
      0.011433232544318923,
      0.009793274829863051,
      0.008579865364447888,
      0.006460436792545516,
      0.005150688058676939,
      0.006397220073783309
    ],
    "leverage_correlation": [
      -0.02986903265099973,
      -0.028912555603676452,
      -0.02925335248160145,
      -0.027037183616833466,
      -0.028035263638299113,
      -0.025874238894829794,
      -0.02713704894369023,
      -0.027025339826888047,
      -0.02572624067317069,
      -0.024083827458357295
    ],
    "aggregational_kurtosis": {
      "1": 4.272541644877583,
      "5": 4.292280687463866,
      "21": 4.457242230530562
    },
    "tail_index": 4.506327066413634
  },
  "fake_facts": {
    "kurtosis": 3.375286021191384,
    "return_acf": [
      0.028913580472989094,
      -0.0018274390695721611,
      -0.003382510805537289,
      -0.005390120298800739,
      -0.0035598575727159784,
      -0.0029870941949607416,
      -0.0049865731455436026,
      -0.0035767740013582967,
      -0.004236783476183443,
      -0.00426610365481804,
      -0.005134833891860854,
      -0.004233364321439709,
      -0.004429496677661103,
      -0.00293530631880803,
      -0.004568084830107547,
      -0.003486209684760528,
      -0.004007832595713212,
      -0.004494839051210735,
      -0.0029950129327750014,
      -0.00328767015222143
    ],
    "absolute_return_acf": [
      0.21991216451365345,
      0.20735854727125844,
      0.20078526170232655,
      0.19668688185308214,
      0.19085364608168823,
      0.18556714950269504,
      0.18103271975312663,
      0.17650536478351445,
      0.1703564433023706,
      0.16527778350295863,
      0.16195271891594828,
      0.15486861137837654,
      0.15076072657214626,
      0.1459999485165959,
      0.14109670413833753,
      0.1366006049420046,
      0.1332141899253944,
      0.1282387455391804,
      0.12398392461524142,
      0.12082840696515235,
      0.11560453653612542,
      0.11161047160563917,
      0.10617659111838236,
      0.10331237034180438,
      0.09968737163082055,
      0.09494559631288645,
      0.09053626825205592,
      0.08680105261018813,
      0.08465457664859433,
      0.07873531867551486,
      0.07547976958646342,
      0.07300850048338824,
      0.06875410482110654,
      0.06545787111616314,
      0.061816506254172315,
      0.05980626811002894,
      0.055540462764576706,
      0.05260453094801868,
      0.048460959473173915,
      0.0451810288400992,
      0.043178535362357086,
      0.04088005042029448,
      0.03634263450053729,
      0.034048724579171685,
      0.0322280945448611,
      0.02816318767505744,
      0.025449380986575246,
      0.023066547896826335,
      0.018293617390850458,
      0.01634861299212703
    ],
    "leverage_correlation": [
      -0.011150064311799912,
      -0.017797479145180376,
      -0.018664096545794394,
      -0.01893470651658706,
      -0.01850180263628433,
      -0.017493523064408514,
      -0.018223464216677226,
      -0.01825305228149073,
      -0.016871074432384177,
      -0.01617073266232023
    ],
    "aggregational_kurtosis": {
      "1": 3.375286021191384,
      "5": 4.719854290063958,
      "21": 4.934361779568986
    },
    "tail_index": 6.1496689686933985
  },
  "stylized_facts_comparison": {
    "kurtosis_real": 4.272541644877583,
    "kurtosis_fake": 3.375286021191384,
    "kurtosis_abs_diff": 0.8972556236861986,
    "return_acf_l1": 0.0023335855372695015,
    "absolute_return_acf_l1": 0.06366720481570595,
    "leverage_correlation_l1": 0.010089408797541933,
    "aggregational_kurtosis_l1": {
      "1": 0.8972556236861986,
      "5": 0.42757360260009225,
      "21": 0.4771195490384246
    },
    "tail_index_real": 4.506327066413634,
    "tail_index_fake": 6.1496689686933985,
    "tail_index_abs_diff": 1.6433419022797642
  },
  "distances": {
    "marginal_wasserstein_mean": 0.007678492968394053,
    "marginal_wasserstein_max": 0.009907668001333922,