{
  "real_facts": {
    "kurtosis": 4.272541644877583,
    "return_acf": [
      -0.003322451247679334,
      -0.004101547282240711,
      -0.00447491673128215,
      -0.005231909927910729,
      -0.0054215102253120165,
      -0.0038614966917528896,
      -0.005834215605208535,
      -0.003986781877639433,
      -0.004307648294517403,
      -0.004626650395340947,
      -0.00337181767775262,
      -0.004860434181298144,
      -0.004287120442262697,
      -0.004958457794720612,
      -0.003672494072241073,
      -0.003561543172021355,
      -0.003990656386901153,
      -0.004523040548782432,
      -0.003638232816146648,
      -0.0035583720032881286
    ],
    "absolute_return_acf": [
      0.08462038449707913,
      0.08067923170073117,
      0.0788018176577032,
      0.0772984350692897,
      0.07477235368631956,
      0.07251729906658098,
      0.07108860776797261,
      0.06936396557237615,
      0.06689045361054269,
      0.06540322167332309,
      0.06257376440772398,
      0.06113858156927403,
      0.05888776447758337,
      0.05687919672937205,
      0.054329604303812846,
      0.053606145968563966,
      0.05292272958740317,
      0.0505210868984192,
      0.047770243430576,
      0.045820643132853514,
      0.04385218786789532,
      0.04261446469714827,
      0.04137928386103374,
      0.03822276710531994,
      0.038584693055946806,
      0.035338489790033976,
      0.03516292150932871,
      0.03311486970781744,
      0.03178475357270825,
      0.03051211901593013,
      0.029528733780752617,
      0.026442627944182236,
      0.026643122609048664,
      0.023204858154845902,
      0.02354857030790352,
      0.020947109300656616,
      0.021386209941002467,
      0.01940181885965392,
      0.01876673406728991,
      0.01650567891032854,
      0.01460812574698004,
      0.013695281876243942,
      0.013189460777621568,
      0.012558714536806341,
      0.011433232544318923,
      0.009793274829863051,
      0.008579865364447888,
      0.006460436792545516,
      0.005150688058676939,
      0.006397220073783309
    ],
    "leverage_correlation": [
      -0.02986903265099973,
      -0.028912555603676452,
      -0.02925335248160145,
      -0.027037183616833466,
      -0.028035263638299113,
      -0.025874238894829794,
      -0.02713704894369023,
      -0.027025339826888047,
      -0.02572624067317069,
      -0.024083827458357295
    ],
    "aggregational_kurtosis": {
      "1": 4.272541644877583,
      "5": 4.292280687463866,
      "21": 4.457242230530562
    },
    "tail_index": 4.506327066413634
  },
  "fake_facts": {
    "kurtosis": 3.3752860211984155,
    "return_acf": [
      0.028913580431900964,
      -0.001827439050766341,
      -0.003382510772284727,
      -0.005390120323886702,
      -0.0035598575522532835,
      -0.002987094160565645,
      -0.0049865731324101005,
      -0.0035767739716901026,
      -0.004236783471308178,
      -0.004266103629592836,
      -0.005134833908962498,
      -0.004233364304799434,
      -0.0044294966464629906,
      -0.0029353063025179347,
      -0.004568084829891397,
      -0.00348620969943079,
      -0.004007832617604936,
      -0.004494839070752529,
      -0.0029950129574783948,
      -0.003287670180512032
    ],
    "absolute_return_acf": [
      0.21963568167888478,
      0.2070147388232577,
      0.20042003699544647,
      0.19634314121572646,
      0.19047710889977715,
      0.1852605337936088,
      0.18072272354509503,
      0.17615575801292077,
      0.17003475395623305,
      0.16498860825840467,
      0.1616686790807886,
      0.15457144059025263,
      0.15046954914845406,
      0.145693608779037,
      0.14087486050011175,
      0.13630614423296047,
      0.13293382221703712,
      0.12799293309555165,
      0.12378560051549307,
      0.12060211439845496,
      0.1153951495842328,
      0.11140339910614998,
      0.10597419653988513,
      0.10313313574069168,
      0.09943480552237259,
      0.09479882502041626,
      0.09035320545569227,
      0.08664232199684983,
      0.08449667048754432,
      0.07861131208099292,
      0.07530174662653577,
      0.07290454289096365,
      0.06864689541074923,
      0.06536982786701147,
      0.061754294886882166,
      0.05970840575897091,
      0.055432448663878746,
      0.05256235317109334,
      0.048381896241458305,
      0.045144753565709156,
      0.043114193538530035,
      0.040812481014090685,
      0.03630372248947228,
      0.03399447449018953,
      0.03216960445717612,
      0.028103606872684816,
      0.02542611253485744,
      0.023037164941035318,
      0.018266491228348416,
      0.01632805024303709
    ],
    "leverage_correlation": [
      -0.010615960886861526,
      -0.01793575067152893,
      -0.01883942998662938,
      -0.019155559686770594,
      -0.01866931119605689,
      -0.017649068523618416,
      -0.018420321191800225,
      -0.018410026679913226,
      -0.017037431920958652,
      -0.01633729488837709
    ],
    "aggregational_kurtosis": {
      "1": 3.3752860211984155,
      "5": 4.719854290533681,
      "21": 4.934361777309498
    },
    "tail_index": 6.165040916787432
  },
  "stylized_facts_comparison": {
    "kurtosis_real": 4.272541644877583,
    "kurtosis_fake": 3.3752860211984155,
    "kurtosis_abs_diff": 0.8972556236791673,
    "return_acf_l1": 0.0023335855431254817,
    "absolute_return_acf_l1": 0.06348528161394767,
    "leverage_correlation_l1": 0.009988392815583133,
    "aggregational_kurtosis_l1": {
      "1": 0.8972556236791673,
      "5": 0.4275736030698152,
      "21": 0.477119546778936
    },
    "tail_index_real": 4.506327066413634,
    "tail_index_fake": 6.165040916787432,
    "tail_index_abs_diff": 1.6587138503737977
  },
  "distances": {
    "marginal_wasserstein_mean": 0.0006572842952453243,
    "marginal_wasserstein_max": 0.0014472279742506543,