{
  "real_facts": {
    "kurtosis": 4.272541644877583,
    "return_acf": [
      -0.003322451247679334,
      -0.004101547282240711,
      -0.00447491673128215,
      -0.005231909927910729,
      -0.0054215102253120165,
      -0.0038614966917528896,
      -0.005834215605208535,
      -0.003986781877639433,
      -0.004307648294517403,
      -0.004626650395340947,
      -0.00337181767775262,
      -0.004860434181298144,
      -0.004287120442262697,
      -0.004958457794720612,
      -0.003672494072241073,
      -0.003561543172021355,
      -0.003990656386901153,
      -0.004523040548782432,
      -0.003638232816146648,
      -0.0035583720032881286
    ],
    "absolute_return_acf": [
      0.08462038449707913,
      0.08067923170073117,
      0.0788018176577032,
      0.0772984350692897,
      0.07477235368631956,
      0.07251729906658098,
      0.07108860776797261,
      0.06936396557237615,
      0.06689045361054269,
      0.06540322167332309,
      0.06257376440772398,
      0.06113858156927403,
      0.05888776447758337,
      0.05687919672937205,
      0.054329604303812846,
      0.053606145968563966,
      0.05292272958740317,
      0.0505210868984192,
      0.047770243430576,
      0.045820643132853514,
      0.04385218786789532,
      0.04261446469714827,
      0.04137928386103374,
      0.03822276710531994,
      0.038584693055946806,
      0.035338489790033976,
      0.03516292150932871,
      0.03311486970781744,
      0.03178475357270825,
      0.03051211901593013,
      0.029528733780752617,
      0.026442627944182236,
      0.026643122609048664,
      0.023204858154845902,
      0.02354857030790352,
      0.020947109300656616,
      0.021386209941002467,
      0.01940181885965392,
      0.01876673406728991,
      0.01650567891032854,
      0.01460812574698004,
      0.013695281876243942,
      0.013189460777621568,
      0.012558714536806341,
      0.011433232544318923,
      0.009793274829863051,
      0.008579865364447888,
      0.006460436792545516,
      0.005150688058676939,
      0.006397220073783309
    ],
    "leverage_correlation": [
      -0.02986903265099973,
      -0.028912555603676452,
      -0.02925335248160145,
      -0.027037183616833466,
      -0.028035263638299113,
      -0.025874238894829794,
      -0.02713704894369023,
      -0.027025339826888047,
      -0.02572624067317069,
      -0.024083827458357295
    ],
    "aggregational_kurtosis": {
      "1": 4.272541644877583,
      "5": 4.292280687463866,
      "21": 4.457242230530562
    },
    "tail_index": 4.506327066413634
  },
  "fake_facts": {
    "kurtosis": 3.3867087298034506,
    "return_acf": [
      0.05380490916481998,
      0.0004741220193744865,
      -0.0034219040167114004,
      -0.005582926059155352,
      -0.0038258217526192673,
      -0.0032736008085755535,
      -0.005210466836462138,
      -0.0038524380023897266,
      -0.00449229676906676,
      -0.004569904653008696,
      -0.0054033592206480935,
      -0.0045349314756291175,
      -0.004686693423266573,
      -0.003187699662252697,
      -0.0047559843753355235,
      -0.00374974257317111,
      -0.004239327716582115,
      -0.0047397718963167286,
      -0.0032413720620348306,
      -0.003513851481685277
    ],
    "absolute_return_acf": [
      0.21974687168798365,
      0.2056061163989908,
      0.1989046946258173,
      0.19492785339134547,
      0.18917737523792108,
      0.18394499777709808,
      0.1795170426673004,
      0.17487455906490015,
      0.16882284122713123,
      0.16382106954112308,
      0.16057962179264568,
      0.1535246846277776,
      0.1494681786892426,
      0.14469686010998695,
      0.1398340729547164,
      0.13543721538428688,
      0.13200481055077454,
      0.1271306805256145,
      0.12296979016722114,
      0.11982702875096031,
      0.1146235762021048,
      0.1107300979385997,
      0.10519115376164377,
      0.1024589951374006,
      0.09876788305910345,
      0.09419690911568986,
      0.08970643628174563,
      0.08610345177935674,
      0.08393598293840314,
      0.07807315808885983,
      0.07482360375057977,
      0.07241239947643587,
      0.06810575365234503,
      0.06493092843462464,
      0.061305425861221216,
      0.059265945855452785,
      0.05506783597879411,
      0.05219700380893985,
      0.048036505357774366,
      0.044820710609588706,
      0.042807406497014346,
      0.04048550167690955,
      0.03609780069809887,
      0.03368720301936651,
      0.032004645852700485,
      0.027934386367783833,
      0.02525705367462731,
      0.02288703293538316,
      0.01816478543507184,
      0.016231117221592525
    ],
    "leverage_correlation": [
      -0.006098760933916674,
      -0.01664273149820484,
      -0.018149463302409706,
      -0.01852388925393912,
      -0.01810882790604719,
      -0.01708627496398668,
      -0.017861812042114282,
      -0.017831874190704824,
      -0.016488925896170473,
      -0.015845508054039083
    ],
    "aggregational_kurtosis": {
      "1": 3.3867087298034506,
      "5": 4.745477723567177,
      "21": 5.0102842646693695
    },
    "tail_index": 6.155490964456461
  },
  "stylized_facts_comparison": {
    "kurtosis_real": 4.272541644877583,
    "kurtosis_fake": 3.3867087298034506,
    "kurtosis_abs_diff": 0.8858329150741322,
    "return_acf_l1": 0.0036497989397944056,
    "absolute_return_acf_l1": 0.0628086642034487,
    "leverage_correlation_l1": 0.011031601574681337,
    "aggregational_kurtosis_l1": {
      "1": 0.8858329150741322,
      "5": 0.45319703610331086,
      "21": 0.5530420341388078
    },
    "tail_index_real": 4.506327066413634,
    "tail_index_fake": 6.155490964456461,
    "tail_index_abs_diff": 1.6491638980428265
  },
  "distances": {
    "marginal_wasserstein_mean": 0.0006517890816091227,
    "marginal_wasserstein_max": 0.001417689155715442,