{
  "real_facts": {
    "kurtosis": 4.272541644877583,
    "return_acf": [
      -0.003322451247679334,
      -0.004101547282240711,
      -0.00447491673128215,
      -0.005231909927910729,
      -0.0054215102253120165,
      -0.0038614966917528896,
      -0.005834215605208535,
      -0.003986781877639433,
      -0.004307648294517403,
      -0.004626650395340947,
      -0.00337181767775262,
      -0.004860434181298144,
      -0.004287120442262697,
      -0.004958457794720612,
      -0.003672494072241073,
      -0.003561543172021355,
      -0.003990656386901153,
      -0.004523040548782432,
      -0.003638232816146648,
      -0.0035583720032881286
    ],
    "absolute_return_acf": [
      0.08462038449707913,
      0.08067923170073117,
      0.0788018176577032,
      0.0772984350692897,
      0.07477235368631956,
      0.07251729906658098,
      0.07108860776797261,
      0.06936396557237615,
      0.06689045361054269,
      0.06540322167332309,
      0.06257376440772398,
      0.06113858156927403,
      0.05888776447758337,
      0.05687919672937205,
      0.054329604303812846,
      0.053606145968563966,
      0.05292272958740317,
      0.0505210868984192,
      0.047770243430576,
      0.045820643132853514,
      0.04385218786789532,
      0.04261446469714827,
      0.04137928386103374,
      0.03822276710531994,
      0.038584693055946806,
      0.035338489790033976,
      0.03516292150932871,
      0.03311486970781744,
      0.03178475357270825,
      0.03051211901593013,
      0.029528733780752617,
      0.026442627944182236,
      0.026643122609048664,
      0.023204858154845902,
      0.02354857030790352,
      0.020947109300656616,
      0.021386209941002467,
      0.01940181885965392,
      0.01876673406728991,
      0.01650567891032854,
      0.01460812574698004,
      0.013695281876243942,
      0.013189460777621568,
      0.012558714536806341,
      0.011433232544318923,
      0.009793274829863051,
      0.008579865364447888,
      0.006460436792545516,
      0.005150688058676939,
      0.006397220073783309
    ],
    "leverage_correlation": [
      -0.02986903265099973,
      -0.028912555603676452,
      -0.02925335248160145,
      -0.027037183616833466,
      -0.028035263638299113,
      -0.025874238894829794,
      -0.02713704894369023,
      -0.027025339826888047,
      -0.02572624067317069,
      -0.024083827458357295
    ],
    "aggregational_kurtosis": {
      "1": 4.272541644877583,
      "5": 4.292280687463866,
      "21": 4.457242230530562
    },
    "tail_index": 4.506327066413634
  },
  "fake_facts": {
    "kurtosis": 3.3867087291466307,
    "return_acf": [
      0.05380490915735596,
      0.0004741220299273396,
      -0.0034219040732795312,
      -0.005582926134556874,
      -0.0038258218016568313,
      -0.003273600784167856,
      -0.005210466852162244,
      -0.003852437968495162,
      -0.004492296758520185,
      -0.004569904636421842,
      -0.005403359173940678,
      -0.004534931387841193,
      -0.004686693412202376,
      -0.003187699682955881,
      -0.0047559843458858855,
      -0.0037497425936553973,
      -0.004239327651079887,
      -0.004739771882263808,
      -0.0032413720294464836,
      -0.00351385146403485
    ],
    "absolute_return_acf": [
      0.21988032733417576,
      0.20584714589605652,
      0.19917538912448274,
      0.19518042285208823,
      0.18946257114883355,
      0.18416424330095102,
      0.17973858885014984,
      0.17513993743424577,
      0.1690565868412699,
      0.1640337244753365,
      0.16078760351782745,
      0.15374584564470065,
      0.14968692435793077,
      0.14493143607045314,
      0.13999311213449164,
      0.13566190392190114,
      0.13221868770197256,
      0.12731603223197352,
      0.12310893783118625,
      0.11999146223490387,
      0.11477714883906481,
      0.11088348025237509,
      0.10534767299916056,
      0.10259012455782701,
      0.0989653221553622,
      0.09430367223548836,
      0.08984276356794775,
      0.08622318236652693,
      0.0840579919994158,
      0.07816041068723048,
      0.07496432261690478,
      0.07248757381427064,
      0.06818403586207733,
      0.06499048986055075,
      0.06133853403060072,
      0.05933885616369556,
      0.055148728440437375,
      0.052215561281264,
      0.04808965735898485,
      0.04483903821847964,
      0.042846696834621216,
      0.04053605607418768,
      0.03611777697967782,
      0.033716806330414906,
      0.03205394368515815,
      0.02798058429669167,
      0.025265335428721353,
      0.022907350447031495,
      0.018184412831117065,
      0.016243953131723422
    ],
    "leverage_correlation": [
      -0.007146721292728695,
      -0.016552081994442865,
      -0.017974682332953903,
      -0.018302416074785565,
      -0.01793731272523298,
      -0.01692632447302197,
      -0.01766329423102854,
      -0.017670936376319956,
      -0.016319341865910924,
      -0.015674871889901205
    ],
    "aggregational_kurtosis": {
      "1": 3.3867087291466307,
      "5": 4.745477721113078,
      "21": 5.010284259194027
    },
    "tail_index": 6.144644700340928
  },
  "stylized_facts_comparison": {
    "kurtosis_real": 4.272541644877583,
    "kurtosis_fake": 3.3867087291466307,
    "kurtosis_abs_diff": 0.8858329157309521,
    "return_acf_l1": 0.00364979893942233,
    "absolute_return_acf_l1": 0.0629405704156865,
    "leverage_correlation_l1": 0.011078610053201968,
    "aggregational_kurtosis_l1": {
      "1": 0.8858329157309521,
      "5": 0.4531970336492117,
      "21": 0.553042028663465
    },
    "tail_index_real": 4.506327066413634,
    "tail_index_fake": 6.144644700340928,
    "tail_index_abs_diff": 1.6383176339272936
  },
  "distances": {
    "marginal_wasserstein_mean": 0.007642395884751745,
    "marginal_wasserstein_max": 0.0098359295399267,