{
  "real_facts": {
    "kurtosis": 4.60339786339658,
    "return_acf": [
      -0.006129896495456233,
      -0.005410572515444318,
      -0.004850442150800915,
      -0.0036463281274129967,
      -0.005386376919333319,
      -0.0031757095684462507,
      -0.0038579477775226357,
      -0.0039151866634744275,
      -0.005292579737192809,
      -0.003945431906172928,
      -0.004851899003124628,
      -0.0046194163631568036,
      -0.005172885457709455,
      -0.004211124507857456,
      -0.003735645228058452,
      -0.0037680503626371766,
      -0.004010344632969521,
      -0.003202785018342763,
      -0.0032783054102908417,
      -0.004305299142885759
    ],
    "absolute_return_acf": [
      0.08947994314640795,
      0.08706221495064048,
      0.08482332847898004,
      0.08305845971378771,
      0.08067919327684936,
      0.07845742851805035,
      0.07822117883161873,
      0.07314431128699136,
      0.07130771041124338,
      0.07008872915004222,
      0.06696331074490364,
      0.06571267470156224,
      0.06297135471751543,
      0.06143142913263746,
      0.058780572831940825,
      0.05806321182989763,
      0.05548740810128411,
      0.053705708316469335,
      0.05131013846360228,
      0.0498567169204288,
      0.04751329320018901,
      0.04666906945559521,
      0.04433729311956561,
      0.04351708917810179,
      0.040605979435813976,
      0.03982570287915335,
      0.03750091418173794,
      0.035092790865346994,
      0.03401017096821067,
      0.0322637376223491,
      0.030973581918145796,
      0.03080148907385584,
      0.027930149354695358,
      0.027127365950542544,
      0.02524615258377359,
      0.023932512169302107,
      0.02233021877941033,
      0.020586613788424087,
      0.01928397702155667,
      0.01715488076489573,
      0.01650369251883455,
      0.014150051520215104,
      0.013640884493037063,
      0.012754180978707456,
      0.011389362354853725,
      0.007673126877138603,
      0.007936203346543302,
      0.00707422777302266,
      0.006542557740364,
      0.00457947612939156
    ],
    "leverage_correlation": [
      -0.03220236985226149,
      -0.030007698100387906,
      -0.031877264599439036,
      -0.030177338239747133,
      -0.029888435813181728,
      -0.028638150486819166,
      -0.02749954963028258,
      -0.027585348466969264,
      -0.02666613555497109,
      -0.025635656995973862
    ],
    "aggregational_kurtosis": {
      "1": 4.60339786339658,
      "5": 4.586748838947848,
      "21": 4.801096172464452
    },
    "tail_index": 4.278436214587005
  },
  "fake_facts": {
    "kurtosis": 4.40742445480667,
    "return_acf": [
      -0.004705166577972481,
      -0.002920844062660709,
      -0.0030825565786698813,
      -0.003571913553384824,
      -0.003796505805117314,
      -0.003783275028030625,
      -0.003152957775336565,
      -0.004733645664003379,
      -0.004542610805382132,
      -0.0024925492199413986,
      -0.003733660719707783,
      -0.003061200491222485,
      -0.003991830667080595,
      -0.004884571627970897,
      -0.004334504608498829,
      -0.006137680644431151,
      -0.0033370297023771023,
      -0.004411141699966638,
      -0.00414867861025896,
      -0.00426590783515155
    ],
    "absolute_return_acf": [
      0.06845173661757645,
      0.06847928269487101,
      0.0651854365710423,
      0.06405122025805357,
      0.061445469838336854,
      0.059392803711591856,
      0.05787413159640424,
      0.05659927357986321,
      0.055097926558706864,
      0.05283427541775784,
      0.0517198559819819,
      0.04861035293046134,
      0.0483034793438632,
      0.046982425815277354,
      0.043459322708933504,
      0.04269222188905395,
      0.04076201073050708,
      0.040925451093674514,
      0.03899041206826287,
      0.03704049807385464,
      0.03526661758282133,
      0.035280391571313345,
      0.03304960178810561,
      0.03254938858237676,
      0.03060141447925423,
      0.02841098288792996,
      0.02873394861594064,
      0.027073871448311086,
      0.024724909071512233,
      0.02397866245110626,
      0.02447183950930796,
      0.024153593675966853,
      0.019043469906422247,
      0.01967354843285359,
      0.017146285571166934,
      0.016436077786151807,
      0.015636857946226455,
      0.013115319558663527,
      0.014494034267653007,
      0.0134383512635619,
      0.012205797458299774,
      0.012856977529076996,
      0.00906879204063001,
      0.007830967447499091,
      0.006645382770203008,
      0.006488005477478341,
      0.006827623347859462,
      0.0027193532953452594,
      0.004729884496527779,
      0.0022670418006847833
    ],
    "leverage_correlation": [
      -0.031593136417843025,
      -0.022728812671891672,
      -0.022076814927484444,
      -0.023870170137840516,
      -0.02274539610190794,
      -0.021977212604157588,
      -0.02109321695156059,
      -0.019111640982427416,
      -0.020761597950711086,
      -0.020239773479645572
    ],
    "aggregational_kurtosis": {
      "1": 4.40742445480667,
      "5": 4.229812109809842,
      "21": 4.188376091789993
    },
    "tail_index": 4.392618261505901
  },
  "stylized_facts_comparison": {
    "kurtosis_real": 4.60339786339658,
    "kurtosis_fake": 4.40742445480667,
    "kurtosis_abs_diff": 0.19597340858990986,
    "return_acf_l1": 0.0010985688779615308,
    "absolute_return_acf_l1": 0.010634703800546047,
    "leverage_correlation_l1": 0.00639801755145634,
    "aggregational_kurtosis_l1": {
      "1": 0.19597340858990986,
      "5": 0.3569367291380061,
      "21": 0.6127200806744586
    },
    "tail_index_real": 4.278436214587005,
    "tail_index_fake": 4.392618261505901,
    "tail_index_abs_diff": 0.11418204691889589
  },
  "distances": {
    "marginal_wasserstein_mean": 0.0005588616867077055,
    "marginal_wasserstein_max": 0.0015140409376505886,