{
  "real_facts": {
    "kurtosis": 4.60339786339658,
    "return_acf": [
      -0.006129896495456233,
      -0.005410572515444318,
      -0.004850442150800915,
      -0.0036463281274129967,
      -0.005386376919333319,
      -0.0031757095684462507,
      -0.0038579477775226357,
      -0.0039151866634744275,
      -0.005292579737192809,
      -0.003945431906172928,
      -0.004851899003124628,
      -0.0046194163631568036,
      -0.005172885457709455,
      -0.004211124507857456,
      -0.003735645228058452,
      -0.0037680503626371766,
      -0.004010344632969521,
      -0.003202785018342763,
      -0.0032783054102908417,
      -0.004305299142885759
    ],
    "absolute_return_acf": [
      0.08947994314640795,
      0.08706221495064048,
      0.08482332847898004,
      0.08305845971378771,
      0.08067919327684936,
      0.07845742851805035,
      0.07822117883161873,
      0.07314431128699136,
      0.07130771041124338,
      0.07008872915004222,
      0.06696331074490364,
      0.06571267470156224,
      0.06297135471751543,
      0.06143142913263746,
      0.058780572831940825,
      0.05806321182989763,
      0.05548740810128411,
      0.053705708316469335,
      0.05131013846360228,
      0.0498567169204288,
      0.04751329320018901,
      0.04666906945559521,
      0.04433729311956561,
      0.04351708917810179,
      0.040605979435813976,
      0.03982570287915335,
      0.03750091418173794,
      0.035092790865346994,
      0.03401017096821067,
      0.0322637376223491,
      0.030973581918145796,
      0.03080148907385584,
      0.027930149354695358,
      0.027127365950542544,
      0.02524615258377359,
      0.023932512169302107,
      0.02233021877941033,
      0.020586613788424087,
      0.01928397702155667,
      0.01715488076489573,
      0.01650369251883455,
      0.014150051520215104,
      0.013640884493037063,
      0.012754180978707456,
      0.011389362354853725,
      0.007673126877138603,
      0.007936203346543302,
      0.00707422777302266,
      0.006542557740364,
      0.00457947612939156
    ],
    "leverage_correlation": [
      -0.03220236985226149,
      -0.030007698100387906,
      -0.031877264599439036,
      -0.030177338239747133,
      -0.029888435813181728,
      -0.028638150486819166,
      -0.02749954963028258,
      -0.027585348466969264,
      -0.02666613555497109,
      -0.025635656995973862
    ],
    "aggregational_kurtosis": {
      "1": 4.60339786339658,
      "5": 4.586748838947848,
      "21": 4.801096172464452
    },
    "tail_index": 4.278436214587005
  },
  "fake_facts": {
    "kurtosis": 4.296137326538161,
    "return_acf": [
      0.009503110004706291,
      -0.004014619944818121,
      -0.004467382608600493,
      -0.00493031455969231,
      -0.004961988197307693,
      -0.005007051227643732,
      -0.004270501088808316,
      -0.005931802678489026,
      -0.005637959701313747,
      -0.003579147010360375,
      -0.004865653535981544,
      -0.0040567150231742115,
      -0.00508466109395597,
      -0.00580920749484596,
      -0.005344507772041403,
      -0.006983573250265049,
      -0.004286145657243515,
      -0.005256421860745277,
      -0.005016537621302209,
      -0.005113834586445589
    ],
    "absolute_return_acf": [
      0.07595587967177198,
      0.0757485151725476,
      0.07214025564102797,
      0.07075714935174819,
      0.06800786289007658,
      0.06522192816461418,
      0.06388687950796546,
      0.06214354714376625,
      0.06024643632709357,
      0.057748970226174264,
      0.05657606064081641,
      0.053455231721125464,
      0.052709418317428494,
      0.05121420535816535,
      0.047542731356430765,
      0.04649367255064529,
      0.04430815162502107,
      0.04456164270533131,
      0.04222145313424677,
      0.04056408451624689,
      0.0380971006081914,
      0.03802539489104155,
      0.035751275339561836,
      0.03481668775907368,
      0.032862786742191306,
      0.030640818723797446,
      0.030644902371191836,
      0.02884055541109703,
      0.026298889037108968,
      0.025255559428509038,
      0.0258370528725433,
      0.025284625076493133,
      0.02019598856207359,
      0.02035148405941069,
      0.017757135346008063,
      0.016939751848484775,
      0.0162421061647449,
      0.013605115583520629,
      0.014770692899959414,
      0.01381352752766817,
      0.012498841243264884,
      0.013096211817659267,
      0.00900126068063091,
      0.008142450706185472,
      0.006963400929167483,
      0.006280367815341849,
      0.00628272338146935,
      0.002438511958200175,
      0.004227272575810085,
      0.0015516340781513106
    ],
    "leverage_correlation": [
      -0.02873484748884422,
      -0.013667435191927722,
      -0.013193346451246944,
      -0.015149041463789457,
      -0.014075059794073926,
      -0.013487053675092318,
      -0.01282941300979443,
      -0.011053876550425727,
      -0.012849989769347078,
      -0.01247720206031474
    ],
    "aggregational_kurtosis": {
      "1": 4.296137326538161,
      "5": 4.360414456713296,
      "21": 4.638967027540514
    },
    "tail_index": 4.4709261260647875
  },
  "stylized_facts_comparison": {
    "kurtosis_real": 4.60339786339658,
    "kurtosis_fake": 4.296137326538161,
    "kurtosis_abs_diff": 0.30726053685841936,
    "return_acf_l1": 0.001802796189458268,
    "absolute_return_acf_l1": 0.008030671362136633,
    "leverage_correlation_l1": 0.01426606822851767,
    "aggregational_kurtosis_l1": {
      "1": 0.30726053685841936,
      "5": 0.22633438223455205,
      "21": 0.16212914492393793
    },
    "tail_index_real": 4.278436214587005,
    "tail_index_fake": 4.4709261260647875,
    "tail_index_abs_diff": 0.19248991147778227
  },
  "distances": {
    "marginal_wasserstein_mean": 0.0005691458918046173,
    "marginal_wasserstein_max": 0.0015107425787708282,