{
  "real_facts": {
    "kurtosis": 4.60339786339658,
    "return_acf": [
      -0.006129896495456233,
      -0.005410572515444318,
      -0.004850442150800915,
      -0.0036463281274129967,
      -0.005386376919333319,
      -0.0031757095684462507,
      -0.0038579477775226357,
      -0.0039151866634744275,
      -0.005292579737192809,
      -0.003945431906172928,
      -0.004851899003124628,
      -0.0046194163631568036,
      -0.005172885457709455,
      -0.004211124507857456,
      -0.003735645228058452,
      -0.0037680503626371766,
      -0.004010344632969521,
      -0.003202785018342763,
      -0.0032783054102908417,
      -0.004305299142885759
    ],
    "absolute_return_acf": [
      0.08947994314640795,
      0.08706221495064048,
      0.08482332847898004,
      0.08305845971378771,
      0.08067919327684936,
      0.07845742851805035,
      0.07822117883161873,
      0.07314431128699136,
      0.07130771041124338,
      0.07008872915004222,
      0.06696331074490364,
      0.06571267470156224,
      0.06297135471751543,
      0.06143142913263746,
      0.058780572831940825,
      0.05806321182989763,
      0.05548740810128411,
      0.053705708316469335,
      0.05131013846360228,
      0.0498567169204288,
      0.04751329320018901,
      0.04666906945559521,
      0.04433729311956561,
      0.04351708917810179,
      0.040605979435813976,
      0.03982570287915335,
      0.03750091418173794,
      0.035092790865346994,
      0.03401017096821067,
      0.0322637376223491,
      0.030973581918145796,
      0.03080148907385584,
      0.027930149354695358,
      0.027127365950542544,
      0.02524615258377359,
      0.023932512169302107,
      0.02233021877941033,
      0.020586613788424087,
      0.01928397702155667,
      0.01715488076489573,
      0.01650369251883455,
      0.014150051520215104,
      0.013640884493037063,
      0.012754180978707456,
      0.011389362354853725,
      0.007673126877138603,
      0.007936203346543302,
      0.00707422777302266,
      0.006542557740364,
      0.00457947612939156
    ],
    "leverage_correlation": [
      -0.03220236985226149,
      -0.030007698100387906,
      -0.031877264599439036,
      -0.030177338239747133,
      -0.029888435813181728,
      -0.028638150486819166,
      -0.02749954963028258,
      -0.027585348466969264,
      -0.02666613555497109,
      -0.025635656995973862
    ],
    "aggregational_kurtosis": {
      "1": 4.60339786339658,
      "5": 4.586748838947848,
      "21": 4.801096172464452
    },
    "tail_index": 4.278436214587005
  },
  "fake_facts": {
    "kurtosis": 4.407424455853495,
    "return_acf": [
      -0.004705166659788493,
      -0.0029208441623870657,
      -0.0030825567040280864,
      -0.0035719134801957234,
      -0.0037965058192973144,
      -0.003783275046291495,
      -0.0031529577923826713,
      -0.004733645730243652,
      -0.004542610867939228,
      -0.002492549209122197,
      -0.0037336607433856414,
      -0.003061200523958506,
      -0.0039918307775489124,
      -0.004884571587736494,
      -0.004334504602413637,
      -0.006137680620625707,
      -0.00333702963364294,
      -0.004411141648679925,
      -0.004148678507355112,
      -0.0042659078613759135
    ],
    "absolute_return_acf": [
      0.06742399001120766,
      0.06763841012866414,
      0.0644365907503582,
      0.06320275276248886,
      0.06066781849405231,
      0.05863447687813749,
      0.057166574173364015,
      0.05590503886005269,
      0.054394212838213954,
      0.052174892337954144,
      0.05109195761096913,
      0.04795096581205468,
      0.04775668294870447,
      0.046411930512506194,
      0.04290440685829381,
      0.04214858999139062,
      0.04027887798335882,
      0.040357625751657966,
      0.038527161646739465,
      0.03652805989199379,
      0.034731547703058564,
      0.03484271793018313,
      0.03260461717537323,
      0.032200957907037454,
      0.030233454387880068,
      0.028029401986781464,
      0.02834532833039625,
      0.02669556940477699,
      0.024379862601654357,
      0.023608766274650552,
      0.02418440127741462,
      0.023818140967719625,
      0.01878927349483587,
      0.01938616576829593,
      0.016937841947245867,
      0.01624900269313392,
      0.015419179034777753,
      0.012890505540410624,
      0.014313548450152976,
      0.013201368454211092,
      0.012012410902688878,
      0.012665800988283665,
      0.00894765070927935,
      0.007761885577490334,
      0.0065524380655931965,
      0.006351324157048772,
      0.006697205881066198,
      0.002642295794486571,
      0.004606754637949627,
      0.0022149576255122566
    ],
    "leverage_correlation": [
      -0.031721045081660244,
      -0.02280992049928013,
      -0.02215103114755725,
      -0.02396687001814997,
      -0.022832016145995115,
      -0.022081697129641264,
      -0.021171154113571233,
      -0.019242185999812828,
      -0.02087539979289665,
      -0.02031624536437313
    ],
    "aggregational_kurtosis": {
      "1": 4.407424455853495,
      "5": 4.229812104644518,
      "21": 4.188376087375179
    },
    "tail_index": 4.3924281046295155
  },
  "stylized_facts_comparison": {
    "kurtosis_real": 4.60339786339658,
    "kurtosis_fake": 4.407424455853495,
    "kurtosis_abs_diff": 0.195973407543085,
    "return_acf_l1": 0.001098568848918414,
    "absolute_return_acf_l1": 0.011052727553121509,
    "leverage_correlation_l1": 0.006301038244709544,
    "aggregational_kurtosis_l1": {
      "1": 0.195973407543085,
      "5": 0.3569367343033303,
      "21": 0.6127200850892729
    },
    "tail_index_real": 4.278436214587005,
    "tail_index_fake": 4.3924281046295155,
    "tail_index_abs_diff": 0.11399189004251031
  },
  "distances": {
    "marginal_wasserstein_mean": 0.002266180688291288,
    "marginal_wasserstein_max": 0.003029914439017841,