{
  "real_facts": {
    "kurtosis": 4.60339786339658,
    "return_acf": [
      -0.006129896495456233,
      -0.005410572515444318,
      -0.004850442150800915,
      -0.0036463281274129967,
      -0.005386376919333319,
      -0.0031757095684462507,
      -0.0038579477775226357,
      -0.0039151866634744275,
      -0.005292579737192809,
      -0.003945431906172928,
      -0.004851899003124628,
      -0.0046194163631568036,
      -0.005172885457709455,
      -0.004211124507857456,
      -0.003735645228058452,
      -0.0037680503626371766,
      -0.004010344632969521,
      -0.003202785018342763,
      -0.0032783054102908417,
      -0.004305299142885759
    ],
    "absolute_return_acf": [
      0.08947994314640795,
      0.08706221495064048,
      0.08482332847898004,
      0.08305845971378771,
      0.08067919327684936,
      0.07845742851805035,
      0.07822117883161873,
      0.07314431128699136,
      0.07130771041124338,
      0.07008872915004222,
      0.06696331074490364,
      0.06571267470156224,
      0.06297135471751543,
      0.06143142913263746,
      0.058780572831940825,
      0.05806321182989763,
      0.05548740810128411,
      0.053705708316469335,
      0.05131013846360228,
      0.0498567169204288,
      0.04751329320018901,
      0.04666906945559521,
      0.04433729311956561,
      0.04351708917810179,
      0.040605979435813976,
      0.03982570287915335,
      0.03750091418173794,
      0.035092790865346994,
      0.03401017096821067,
      0.0322637376223491,
      0.030973581918145796,
      0.03080148907385584,
      0.027930149354695358,
      0.027127365950542544,
      0.02524615258377359,
      0.023932512169302107,
      0.02233021877941033,
      0.020586613788424087,
      0.01928397702155667,
      0.01715488076489573,
      0.01650369251883455,
      0.014150051520215104,
      0.013640884493037063,
      0.012754180978707456,
      0.011389362354853725,
      0.007673126877138603,
      0.007936203346543302,
      0.00707422777302266,
      0.006542557740364,
      0.00457947612939156
    ],
    "leverage_correlation": [
      -0.03220236985226149,
      -0.030007698100387906,
      -0.031877264599439036,
      -0.030177338239747133,
      -0.029888435813181728,
      -0.028638150486819166,
      -0.02749954963028258,
      -0.027585348466969264,
      -0.02666613555497109,
      -0.025635656995973862
    ],
    "aggregational_kurtosis": {
      "1": 4.60339786339658,
      "5": 4.586748838947848,
      "21": 4.801096172464452
    },
    "tail_index": 4.278436214587005
  },
  "fake_facts": {
    "kurtosis": 4.296137321514981,
    "return_acf": [
      0.009503109913099696,
      -0.004014619874142918,
      -0.004467382602417183,
      -0.004930314553734542,
      -0.004961988183140206,
      -0.005007051226704493,
      -0.004270501082869775,
      -0.005931802689943081,
      -0.005637959736927663,
      -0.003579146976132367,
      -0.004865653458009429,
      -0.00405671509909877,
      -0.0050846610710869305,
      -0.005809207593691145,
      -0.005344507767465141,
      -0.0069835732925355685,
      -0.004286145542673853,
      -0.005256421824169342,
      -0.0050165376632000935,
      -0.0051138345721018314
    ],
    "absolute_return_acf": [
      0.07434916092228482,
      0.07510850000225315,
      0.07170185680509111,
      0.06989273236548227,
      0.06740465418556187,
      0.06459764935976615,
      0.06345063440818016,
      0.06168218075100451,
      0.05964047314408452,
      0.05730317839300862,
      0.05613756855203903,
      0.05291341800589222,
      0.05241489975438426,
      0.050860880938694224,
      0.04716406336173758,
      0.04609315942438049,
      0.04411023977302831,
      0.04392643947363061,
      0.041916285428598515,
      0.0400135890792052,
      0.037440407823672965,
      0.037708826432645476,
      0.03535932951145125,
      0.034695460339391124,
      0.03272498380245471,
      0.030304412791426927,
      0.0303742739382406,
      0.028443690896597065,
      0.026010769855772355,
      0.024835481980222236,
      0.02558507718160076,
      0.024877503391492764,
      0.02006580789879139,
      0.02013427579586364,
      0.017710952332926175,
      0.016942896447757348,
      0.016162849602805583,
      0.01343038786495672,
      0.014800982492871526,
      0.013375810595510785,
      0.012301392287272011,
      0.012925474907165812,
      0.009033473153682463,
      0.008261926708612997,
      0.007007629689012756,
      0.006036056033292931,
      0.006066971756359002,
      0.002429644663797352,
      0.00394361787927239,
      0.001594471360338843
    ],
    "leverage_correlation": [
      -0.028073744978785727,
      -0.014128306825950444,
      -0.013667674558594191,
      -0.015688217468819415,
      -0.014580630405814591,
      -0.014046710500701741,
      -0.01328836451811722,
      -0.011701480148599619,
      -0.013431654433209022,
      -0.012909876735149593
    ],
    "aggregational_kurtosis": {
      "1": 4.296137321514981,
      "5": 4.360414451310115,
      "21": 4.638967020627117
    },
    "tail_index": 4.476290309415705
  },
  "stylized_facts_comparison": {
    "kurtosis_real": 4.60339786339658,
    "kurtosis_fake": 4.296137321514981,
    "kurtosis_abs_diff": 0.30726054188159946,
    "return_acf_l1": 0.0018027961869482763,
    "absolute_return_acf_l1": 0.00836570732048123,
    "leverage_correlation_l1": 0.01386612871662917,
    "aggregational_kurtosis_l1": {
      "1": 0.30726054188159946,
      "5": 0.22633438763773306,
      "21": 0.1621291518373349
    },
    "tail_index_real": 4.278436214587005,
    "tail_index_fake": 4.476290309415705,
    "tail_index_abs_diff": 0.19785409482869998
  },
  "distances": {
    "marginal_wasserstein_mean": 0.0028490502575638666,
    "marginal_wasserstein_max": 0.0036081093413861363,