{
  "real_facts": {
    "kurtosis": 4.272541644877583,
    "return_acf": [
      -0.003322451247679334,
      -0.004101547282240711,
      -0.00447491673128215,
      -0.005231909927910729,
      -0.0054215102253120165,
      -0.0038614966917528896,
      -0.005834215605208535,
      -0.003986781877639433,
      -0.004307648294517403,
      -0.004626650395340947,
      -0.00337181767775262,
      -0.004860434181298144,
      -0.004287120442262697,
      -0.004958457794720612,
      -0.003672494072241073,
      -0.003561543172021355,
      -0.003990656386901153,
      -0.004523040548782432,
      -0.003638232816146648,
      -0.0035583720032881286
    ],
    "absolute_return_acf": [
      0.08462038449707913,
      0.08067923170073117,
      0.0788018176577032,
      0.0772984350692897,
      0.07477235368631956,
      0.07251729906658098,
      0.07108860776797261,
      0.06936396557237615,
      0.06689045361054269,
      0.06540322167332309,
      0.06257376440772398,
      0.06113858156927403,
      0.05888776447758337,
      0.05687919672937205,
      0.054329604303812846,
      0.053606145968563966,
      0.05292272958740317,
      0.0505210868984192,
      0.047770243430576,
      0.045820643132853514,
      0.04385218786789532,
      0.04261446469714827,
      0.04137928386103374,
      0.03822276710531994,
      0.038584693055946806,
      0.035338489790033976,
      0.03516292150932871,
      0.03311486970781744,
      0.03178475357270825,
      0.03051211901593013,
      0.029528733780752617,
      0.026442627944182236,
      0.026643122609048664,
      0.023204858154845902,
      0.02354857030790352,
      0.020947109300656616,
      0.021386209941002467,
      0.01940181885965392,
      0.01876673406728991,
      0.01650567891032854,
      0.01460812574698004,
      0.013695281876243942,
      0.013189460777621568,
      0.012558714536806341,
      0.011433232544318923,
      0.009793274829863051,
      0.008579865364447888,
      0.006460436792545516,
      0.005150688058676939,
      0.006397220073783309
    ],
    "leverage_correlation": [
      -0.02986903265099973,
      -0.028912555603676452,
      -0.02925335248160145,
      -0.027037183616833466,
      -0.028035263638299113,
      -0.025874238894829794,
      -0.02713704894369023,
      -0.027025339826888047,
      -0.02572624067317069,
      -0.024083827458357295
    ],
    "aggregational_kurtosis": {
      "1": 4.272541644877583,
      "5": 4.292280687463866,
      "21": 4.457242230530562
    },
    "tail_index": 4.506327066413634
  },
  "fake_facts": {
    "kurtosis": 4.030376749938126,
    "return_acf": [
      0.015586256256932537,
      -0.003107837086375686,
      -0.003490699263386295,
      -0.004535200147783663,
      -0.004234584073025474,
      -0.004223496625709413,
      -0.0035496041537941368,
      -0.005172325936764582,
      -0.005103484116907374,
      -0.00313947163266056,
      -0.004199288439323686,
      -0.0036998306507567483,
      -0.004416188374972747,
      -0.0054237835050741775,
      -0.004872902926517981,
      -0.006820962116852891,
      -0.003823614226834678,
      -0.00467005006595691,
      -0.00426874986709181,
      -0.004523163444549426
    ],
    "absolute_return_acf": [
      0.06381730946074879,
      0.06415253669909894,
      0.06075688865270604,
      0.05968029480364322,
      0.05740383314372442,
      0.055208716222863566,
      0.05420241947380784,
      0.053187737704225926,
      0.05188499934707055,
      0.04974326196483467,
      0.04913749683241537,
      0.04632535816731706,
      0.045927387514105494,
      0.04450383407046014,
      0.04076288449458568,
      0.040402739313776394,
      0.03854782662617872,
      0.03911560666923039,
      0.037228264923586586,
      0.03559156300504417,
      0.033739472638222315,
      0.033811505870402006,
      0.03164927943136243,
      0.03142816501452961,
      0.029847521111816735,
      0.02733464095294804,
      0.027927860859379042,
      0.026308807742783914,
      0.02398583062711643,
      0.023398379614194696,
      0.024111408522859295,
      0.023768235522774152,
      0.01920569011145959,
      0.019660943549275087,
      0.016941866975935495,
      0.01607760569413606,
      0.0159119457393599,
      0.013214144093212374,
      0.014569623608706209,
      0.01371524411437019,
      0.012952079612558887,
      0.01297564259304801,
      0.009294528100820851,
      0.008387734128253785,
      0.007083853949509572,
      0.007452616619936383,
      0.007568268638515613,
      0.0038775238835568465,
      0.005594827211165254,
      0.0031865123025645245
    ],
    "leverage_correlation": [
      -0.015406014085950983,
      -0.020660257090619204,
      -0.020069884319306213,
      -0.022228571468357963,
      -0.020954533515131574,
      -0.020554599061208496,
      -0.01941448995956551,
      -0.017877259644093976,
      -0.019644743515523522,
      -0.019126423251857674
    ],
    "aggregational_kurtosis": {
      "1": 4.030376749938126,
      "5": 4.0853928212396395,
      "21": 4.084202625389953
    },
    "tail_index": 4.7127283972318965
  },
  "stylized_facts_comparison": {
    "kurtosis_real": 4.272541644877583,
    "kurtosis_fake": 4.030376749938126,
    "kurtosis_abs_diff": 0.2421648949394566,
    "return_acf_l1": 0.001891854851704236,
    "absolute_return_acf_l1": 0.009060388116967886,
    "leverage_correlation_l1": 0.007701730787673114,
    "aggregational_kurtosis_l1": {
      "1": 0.2421648949394566,
      "5": 0.2068878662242266,
      "21": 0.3730396051406091
    },
    "tail_index_real": 4.506327066413634,
    "tail_index_fake": 4.7127283972318965,
    "tail_index_abs_diff": 0.20640133081826217
  },
  "distances": {
    "marginal_wasserstein_mean": 0.0013201679942455315,
    "marginal_wasserstein_max": 0.0017156573246865062,