{
  "real_facts": {
    "kurtosis": 4.272541644877583,
    "return_acf": [
      -0.003322451247679334,
      -0.004101547282240711,
      -0.00447491673128215,
      -0.005231909927910729,
      -0.0054215102253120165,
      -0.0038614966917528896,
      -0.005834215605208535,
      -0.003986781877639433,
      -0.004307648294517403,
      -0.004626650395340947,
      -0.00337181767775262,
      -0.004860434181298144,
      -0.004287120442262697,
      -0.004958457794720612,
      -0.003672494072241073,
      -0.003561543172021355,
      -0.003990656386901153,
      -0.004523040548782432,
      -0.003638232816146648,
      -0.0035583720032881286
    ],
    "absolute_return_acf": [
      0.08462038449707913,
      0.08067923170073117,
      0.0788018176577032,
      0.0772984350692897,
      0.07477235368631956,
      0.07251729906658098,
      0.07108860776797261,
      0.06936396557237615,
      0.06689045361054269,
      0.06540322167332309,
      0.06257376440772398,
      0.06113858156927403,
      0.05888776447758337,
      0.05687919672937205,
      0.054329604303812846,
      0.053606145968563966,
      0.05292272958740317,
      0.0505210868984192,
      0.047770243430576,
      0.045820643132853514,
      0.04385218786789532,
      0.04261446469714827,
      0.04137928386103374,
      0.03822276710531994,
      0.038584693055946806,
      0.035338489790033976,
      0.03516292150932871,
      0.03311486970781744,
      0.03178475357270825,
      0.03051211901593013,
      0.029528733780752617,
      0.026442627944182236,
      0.026643122609048664,
      0.023204858154845902,
      0.02354857030790352,
      0.020947109300656616,
      0.021386209941002467,
      0.01940181885965392,
      0.01876673406728991,
      0.01650567891032854,
      0.01460812574698004,
      0.013695281876243942,
      0.013189460777621568,
      0.012558714536806341,
      0.011433232544318923,
      0.009793274829863051,
      0.008579865364447888,
      0.006460436792545516,
      0.005150688058676939,
      0.006397220073783309
    ],
    "leverage_correlation": [
      -0.02986903265099973,
      -0.028912555603676452,
      -0.02925335248160145,
      -0.027037183616833466,
      -0.028035263638299113,
      -0.025874238894829794,
      -0.02713704894369023,
      -0.027025339826888047,
      -0.02572624067317069,
      -0.024083827458357295
    ],
    "aggregational_kurtosis": {
      "1": 4.272541644877583,
      "5": 4.292280687463866,
      "21": 4.457242230530562
    },
    "tail_index": 4.506327066413634
  },
  "fake_facts": {
    "kurtosis": 4.395212659486185,
    "return_acf": [
      0.01755964018936538,
      -0.0031132598370767995,
      -0.0034725754061571195,
      -0.0046985535179444,
      -0.004427911656573837,
      -0.0043602938228927465,
      -0.003580177465852474,
      -0.005252803630694768,
      -0.005151177956371108,
      -0.003235446342414572,
      -0.004225753684962019,
      -0.003772939740949313,
      -0.0044744013302379015,
      -0.005507286801079377,
      -0.005010525130149862,
      -0.006845716908226622,
      -0.003961026299631867,
      -0.004778221471706344,
      -0.00426481255465434,
      -0.004582182951218004
    ],
    "absolute_return_acf": [
      0.07692170897292545,
      0.077056013426232,
      0.07344049127582518,
      0.07192059857722638,
      0.06918301221577476,
      0.06681224951166662,
      0.06535092737623556,
      0.06397523283413305,
      0.06251251567564348,
      0.05999100786747345,
      0.05878256070516298,
      0.056049725059672165,
      0.055304039060332676,
      0.05341659728968085,
      0.04931491665892154,
      0.04881377498270053,
      0.046823552611151294,
      0.04679443346172593,
      0.04472588890985289,
      0.04274423138770189,
      0.04060166672365802,
      0.040372944193178134,
      0.03817009666066774,
      0.037701686550688514,
      0.03585624069395794,
      0.03304760633623111,
      0.033523368706606285,
      0.03166236508175029,
      0.028967373366084303,
      0.02833504853777103,
      0.02877103102066648,
      0.02805799516726284,
      0.023365754766570716,
      0.023623168926411094,
      0.0207748105026863,
      0.019759252987185952,
      0.019272668803550913,
      0.016351597157920075,
      0.017502013986304174,
      0.016455404640110013,
      0.015485916248711913,
      0.015304684913866027,
      0.01154235948572537,
      0.010324247184947342,
      0.008862789315364775,
      0.009272136516726717,
      0.009086297689653923,
      0.005360141480390249,
      0.006813162978792191,
      0.004211904341692778
    ],
    "leverage_correlation": [
      -0.019004251008585656,
      -0.024085614085239102,
      -0.0235777603911617,
      -0.025362102020613633,
      -0.024381516367755564,
      -0.023777551488463753,
      -0.022495989541392005,
      -0.020916047464828027,
      -0.022604176075857702,
      -0.022012946918136735
    ],
    "aggregational_kurtosis": {
      "1": 4.395212659486185,
      "5": 4.581405633498743,
      "21": 4.81361358461239
    },
    "tail_index": 4.441121628863399
  },
  "stylized_facts_comparison": {
    "kurtosis_real": 4.272541644877583,
    "kurtosis_fake": 4.395212659486185,
    "kurtosis_abs_diff": 0.12267101460860186,
    "return_acf_l1": 0.001994410637850326,
    "absolute_return_acf_l1": 0.0029940838040217015,
    "leverage_correlation_l1": 0.004473612842631239,
    "aggregational_kurtosis_l1": {
      "1": 0.12267101460860186,
      "5": 0.28912494603487726,
      "21": 0.3563713540818281
    },
    "tail_index_real": 4.506327066413634,
    "tail_index_fake": 4.441121628863399,
    "tail_index_abs_diff": 0.06520543755023578
  },
  "distances": {
    "marginal_wasserstein_mean": 0.0005864137306428705,
    "marginal_wasserstein_max": 0.0010288062885326775,