{
  "real_facts": {
    "kurtosis": 4.60339786339658,
    "return_acf": [
      -0.006129896495456233,
      -0.005410572515444318,
      -0.004850442150800915,
      -0.0036463281274129967,
      -0.005386376919333319,
      -0.0031757095684462507,
      -0.0038579477775226357,
      -0.0039151866634744275,
      -0.005292579737192809,
      -0.003945431906172928,
      -0.004851899003124628,
      -0.0046194163631568036,
      -0.005172885457709455,
      -0.004211124507857456,
      -0.003735645228058452,
      -0.0037680503626371766,
      -0.004010344632969521,
      -0.003202785018342763,
      -0.0032783054102908417,
      -0.004305299142885759
    ],
    "absolute_return_acf": [
      0.08947994314640795,
      0.08706221495064048,
      0.08482332847898004,
      0.08305845971378771,
      0.08067919327684936,
      0.07845742851805035,
      0.07822117883161873,
      0.07314431128699136,
      0.07130771041124338,
      0.07008872915004222,
      0.06696331074490364,
      0.06571267470156224,
      0.06297135471751543,
      0.06143142913263746,
      0.058780572831940825,
      0.05806321182989763,
      0.05548740810128411,
      0.053705708316469335,
      0.05131013846360228,
      0.0498567169204288,
      0.04751329320018901,
      0.04666906945559521,
      0.04433729311956561,
      0.04351708917810179,
      0.040605979435813976,
      0.03982570287915335,
      0.03750091418173794,
      0.035092790865346994,
      0.03401017096821067,
      0.0322637376223491,
      0.030973581918145796,
      0.03080148907385584,
      0.027930149354695358,
      0.027127365950542544,
      0.02524615258377359,
      0.023932512169302107,
      0.02233021877941033,
      0.020586613788424087,
      0.01928397702155667,
      0.01715488076489573,
      0.01650369251883455,
      0.014150051520215104,
      0.013640884493037063,
      0.012754180978707456,
      0.011389362354853725,
      0.007673126877138603,
      0.007936203346543302,
      0.00707422777302266,
      0.006542557740364,
      0.00457947612939156
    ],
    "leverage_correlation": [
      -0.03220236985226149,
      -0.030007698100387906,
      -0.031877264599439036,
      -0.030177338239747133,
      -0.029888435813181728,
      -0.028638150486819166,
      -0.02749954963028258,
      -0.027585348466969264,
      -0.02666613555497109,
      -0.025635656995973862
    ],
    "aggregational_kurtosis": {
      "1": 4.60339786339658,
      "5": 4.586748838947848,
      "21": 4.801096172464452
    },
    "tail_index": 4.278436214587005
  },
  "fake_facts": {
    "kurtosis": 4.651463992639634,
    "return_acf": [
      -0.008252226636838058,
      -0.0007572712411789929,
      -0.0006435705273354213,
      -0.0014461666675607693,
      -0.0017110688871145611,
      -0.0017144932729401155,
      -0.0009177418218150967,
      -0.0025876097013619397,
      -0.0024301746132001528,
      -0.0004837825318568636,
      -0.0016601905427302114,
      -0.0009909424666076547,
      -0.0021294905241740054,
      -0.003169550607112182,
      -0.0026911084383477836,
      -0.004139898936731898,
      -0.00184326254368192,
      -0.0027115676795294932,
      -0.0021816241220993424,
      -0.0025479962351547827
    ],
    "absolute_return_acf": [
      0.09169321032871622,
      0.09234806306871793,
      0.08866198472193178,
      0.08655265902187104,
      0.08328041057487615,
      0.0807399591953728,
      0.07810701512313359,
      0.07633797083392369,
      0.07461167503233168,
      0.07143749740950485,
      0.06946754649855155,
      0.06643739548003431,
      0.06546787250824118,
      0.06337371952117084,
      0.05861783533330308,
      0.05797879924860398,
      0.055336357552855986,
      0.054671328811410194,
      0.05227376249441753,
      0.04975426314637786,
      0.04747394116848147,
      0.0471237010110159,
      0.04450290541871017,
      0.04369351843468039,
      0.041234572474337594,
      0.03835529565364393,
      0.03851579193988423,
      0.03634925800731646,
      0.03342677290462675,
      0.03260724065124208,
      0.0323948046167422,
      0.031117081919096467,
      0.0262600737345761,
      0.02647890668159738,
      0.024031990385805713,
      0.022621445433041534,
      0.021026627482750925,
      0.018380886141297015,
      0.01919860478320571,
      0.017655105600254187,
      0.016422624033720613,
      0.01609879899396416,
      0.012559528467463221,
      0.01071224638351156,
      0.009535735366534454,
      0.009376408604693414,
      0.009192307530311491,
      0.004844547259917371,
      0.006220769213803104,
      0.0033718957661295966
    ],
    "leverage_correlation": [
      -0.03850843513214473,
      -0.03698079708458626,
      -0.03642119827799809,
      -0.037335519629496175,
      -0.03620831042217469,
      -0.035002216048867954,
      -0.03359949550752412,
      -0.031557657893317784,
      -0.03299562533315722,
      -0.03179839442763222
    ],
    "aggregational_kurtosis": {
      "1": 4.651463992639634,
      "5": 4.706271962820818,
      "21": 5.0563315589819915
    },
    "tail_index": 4.28268969133047
  },
  "stylized_facts_comparison": {
    "kurtosis_real": 4.60339786339658,
    "kurtosis_fake": 4.651463992639634,
    "kurtosis_abs_diff": 0.04806612924305398,
    "return_acf_l1": 0.002337242321093577,
    "absolute_return_acf_l1": 0.0013661574853718029,
    "leverage_correlation_l1": 0.006022970201686599,
    "aggregational_kurtosis_l1": {
      "1": 0.04806612924305398,
      "5": 0.1195231238729697,
      "21": 0.25523538651753963
    },
    "tail_index_real": 4.278436214587005,
    "tail_index_fake": 4.28268969133047,
    "tail_index_abs_diff": 0.004253476743464546
  },
  "distances": {
    "marginal_wasserstein_mean": 0.00044610117033148266,
    "marginal_wasserstein_max": 0.000879540092590054,