{
  "real_facts": {
    "kurtosis": 4.60339786339658,
    "return_acf": [
      -0.006129896495456233,
      -0.005410572515444318,
      -0.004850442150800915,
      -0.0036463281274129967,
      -0.005386376919333319,
      -0.0031757095684462507,
      -0.0038579477775226357,
      -0.0039151866634744275,
      -0.005292579737192809,
      -0.003945431906172928,
      -0.004851899003124628,
      -0.0046194163631568036,
      -0.005172885457709455,
      -0.004211124507857456,
      -0.003735645228058452,
      -0.0037680503626371766,
      -0.004010344632969521,
      -0.003202785018342763,
      -0.0032783054102908417,
      -0.004305299142885759
    ],
    "absolute_return_acf": [
      0.08947994314640795,
      0.08706221495064048,
      0.08482332847898004,
      0.08305845971378771,
      0.08067919327684936,
      0.07845742851805035,
      0.07822117883161873,
      0.07314431128699136,
      0.07130771041124338,
      0.07008872915004222,
      0.06696331074490364,
      0.06571267470156224,
      0.06297135471751543,
      0.06143142913263746,
      0.058780572831940825,
      0.05806321182989763,
      0.05548740810128411,
      0.053705708316469335,
      0.05131013846360228,
      0.0498567169204288,
      0.04751329320018901,
      0.04666906945559521,
      0.04433729311956561,
      0.04351708917810179,
      0.040605979435813976,
      0.03982570287915335,
      0.03750091418173794,
      0.035092790865346994,
      0.03401017096821067,
      0.0322637376223491,
      0.030973581918145796,
      0.03080148907385584,
      0.027930149354695358,
      0.027127365950542544,
      0.02524615258377359,
      0.023932512169302107,
      0.02233021877941033,
      0.020586613788424087,
      0.01928397702155667,
      0.01715488076489573,
      0.01650369251883455,
      0.014150051520215104,
      0.013640884493037063,
      0.012754180978707456,
      0.011389362354853725,
      0.007673126877138603,
      0.007936203346543302,
      0.00707422777302266,
      0.006542557740364,
      0.00457947612939156
    ],
    "leverage_correlation": [
      -0.03220236985226149,
      -0.030007698100387906,
      -0.031877264599439036,
      -0.030177338239747133,
      -0.029888435813181728,
      -0.028638150486819166,
      -0.02749954963028258,
      -0.027585348466969264,
      -0.02666613555497109,
      -0.025635656995973862
    ],
    "aggregational_kurtosis": {
      "1": 4.60339786339658,
      "5": 4.586748838947848,
      "21": 4.801096172464452
    },
    "tail_index": 4.278436214587005
  },
  "fake_facts": {
    "kurtosis": 4.651463986049393,
    "return_acf": [
      -0.008252226666751118,
      -0.0007572711784898357,
      -0.0006435704789652218,
      -0.0014461664847445444,
      -0.0017110689638902964,
      -0.0017144932423154913,
      -0.0009177417427569031,
      -0.0025876098186599036,
      -0.002430174643187316,
      -0.0004837824872392869,
      -0.0016601906937106367,
      -0.0009909424309485016,
      -0.002129490561743105,
      -0.003169550635760058,
      -0.002691108390537216,
      -0.004139898946738119,
      -0.0018432625480249505,
      -0.0027115676161171584,
      -0.002181624091103588,
      -0.0025479962481170086
    ],
    "absolute_return_acf": [
      0.09439559307448457,
      0.095033227579529,
      0.09116227917098944,
      0.08917106270578369,
      0.08572296926468093,
      0.08314781991813523,
      0.08040402098896118,
      0.07854327553791193,
      0.07684619550381551,
      0.07352367366249513,
      0.07147257475293294,
      0.06849288202920827,
      0.06725892294569241,
      0.06517681803254412,
      0.06033603461943924,
      0.05975324107430782,
      0.05691705225919437,
      0.05637469568626069,
      0.05372867351247655,
      0.05133700708755429,
      0.04909648178075686,
      0.04850506028761332,
      0.045882268464489576,
      0.04484000652966346,
      0.04245036597333642,
      0.03958420126043237,
      0.03969574421510323,
      0.03751294450793953,
      0.034577505599415505,
      0.033708706639094276,
      0.0332941269560364,
      0.03213403333770296,
      0.027126407865064834,
      0.027333634441160614,
      0.02473596399113982,
      0.023270803670335245,
      0.02177539354368813,
      0.019144838793508964,
      0.019762266911619322,
      0.018281760120081834,
      0.01699101270997397,
      0.016630805464708697,
      0.01290321646034617,
      0.010938356011629274,
      0.009813721837948314,
      0.009779371205890605,
      0.009533633041247144,
      0.005097301277192646,
      0.006561547780110637,
      0.003544872221766178
    ],
    "leverage_correlation": [
      -0.037913182316391646,
      -0.036762628954202556,
      -0.03623881706068056,
      -0.03706525139316326,
      -0.035988453473521274,
      -0.03473448122581127,
      -0.033403137434398746,
      -0.031237080640270868,
      -0.032705358209024774,
      -0.03160592154050853
    ],
    "aggregational_kurtosis": {
      "1": 4.651463986049393,
      "5": 4.706271957926183,
      "21": 5.056331556113442
    },
    "tail_index": 4.264262741358659
  },
  "stylized_facts_comparison": {
    "kurtosis_real": 4.60339786339658,
    "kurtosis_fake": 4.651463986049393,
    "kurtosis_abs_diff": 0.04806612265281274,
    "return_acf_l1": 0.002337242331464054,
    "absolute_return_acf_l1": 0.0023292282287841054,
    "leverage_correlation_l1": 0.005747636450794022,
    "aggregational_kurtosis_l1": {
      "1": 0.04806612265281274,
      "5": 0.11952311897833479,
      "21": 0.2552353836489898
    },
    "tail_index_real": 4.278436214587005,
    "tail_index_fake": 4.264262741358659,
    "tail_index_abs_diff": 0.014173473228345834
  },
  "distances": {
    "marginal_wasserstein_mean": 0.0008093078551945705,
    "marginal_wasserstein_max": 0.0013491408030522846,