{
  "real_facts": {
    "kurtosis": 4.60339786339658,
    "return_acf": [
      -0.006129896495456233,
      -0.005410572515444318,
      -0.004850442150800915,
      -0.0036463281274129967,
      -0.005386376919333319,
      -0.0031757095684462507,
      -0.0038579477775226357,
      -0.0039151866634744275,
      -0.005292579737192809,
      -0.003945431906172928,
      -0.004851899003124628,
      -0.0046194163631568036,
      -0.005172885457709455,
      -0.004211124507857456,
      -0.003735645228058452,
      -0.0037680503626371766,
      -0.004010344632969521,
      -0.003202785018342763,
      -0.0032783054102908417,
      -0.004305299142885759
    ],
    "absolute_return_acf": [
      0.08947994314640795,
      0.08706221495064048,
      0.08482332847898004,
      0.08305845971378771,
      0.08067919327684936,
      0.07845742851805035,
      0.07822117883161873,
      0.07314431128699136,
      0.07130771041124338,
      0.07008872915004222,
      0.06696331074490364,
      0.06571267470156224,
      0.06297135471751543,
      0.06143142913263746,
      0.058780572831940825,
      0.05806321182989763,
      0.05548740810128411,
      0.053705708316469335,
      0.05131013846360228,
      0.0498567169204288,
      0.04751329320018901,
      0.04666906945559521,
      0.04433729311956561,
      0.04351708917810179,
      0.040605979435813976,
      0.03982570287915335,
      0.03750091418173794,
      0.035092790865346994,
      0.03401017096821067,
      0.0322637376223491,
      0.030973581918145796,
      0.03080148907385584,
      0.027930149354695358,
      0.027127365950542544,
      0.02524615258377359,
      0.023932512169302107,
      0.02233021877941033,
      0.020586613788424087,
      0.01928397702155667,
      0.01715488076489573,
      0.01650369251883455,
      0.014150051520215104,
      0.013640884493037063,
      0.012754180978707456,
      0.011389362354853725,
      0.007673126877138603,
      0.007936203346543302,
      0.00707422777302266,
      0.006542557740364,
      0.00457947612939156
    ],
    "leverage_correlation": [
      -0.03220236985226149,
      -0.030007698100387906,
      -0.031877264599439036,
      -0.030177338239747133,
      -0.029888435813181728,
      -0.028638150486819166,
      -0.02749954963028258,
      -0.027585348466969264,
      -0.02666613555497109,
      -0.025635656995973862
    ],
    "aggregational_kurtosis": {
      "1": 4.60339786339658,
      "5": 4.586748838947848,
      "21": 4.801096172464452
    },
    "tail_index": 4.278436214587005
  },
  "fake_facts": {
    "kurtosis": 5.334382384409762,
    "return_acf": [
      -0.008423476885267374,
      0.0002723165293666761,
      0.0004897989962806406,
      -0.00041722136250889666,
      -0.0007076745470704839,
      -0.0007177190357399447,
      3.231667595703328e-05,
      -0.0015896206392719298,
      -0.001460150197688634,
      0.0004396550029365767,
      -0.0005717499820424376,
      -4.969964207588707e-05,
      -0.0011790090375584396,
      -0.002263100869777425,
      -0.0018062026395391027,
      -0.0031988208629855535,
      -0.0009045158048679653,
      -0.0017638329479276959,
      -0.001355427432459556,
      -0.0017554243159094284
    ],
    "absolute_return_acf": [
      0.094096374109578,
      0.09477666944068766,
      0.09119067490962833,
      0.08895779816794352,
      0.08564325637234588,
      0.08310950801078176,
      0.08039147830851784,
      0.07851796415372242,
      0.07696231701118696,
      0.07382948928989679,
      0.07179999651044915,
      0.06879300515675192,
      0.06757678805810013,
      0.06568869238964718,
      0.06081444487711168,
      0.06026449900267636,
      0.05741135326871946,
      0.05672373511479537,
      0.05433448342391791,
      0.05186307929355096,
      0.04961123017168048,
      0.04936343262999468,
      0.04667205590930437,
      0.04595171036814993,
      0.04346847916401714,
      0.04061437299747107,
      0.04041049019002969,
      0.03864515110064237,
      0.035553778168934354,
      0.03469078018037613,
      0.0344755047848507,
      0.03316184652502497,
      0.02828647229999155,
      0.02862794040200151,
      0.02618313229225069,
      0.02483189792927398,
      0.02312197146351222,
      0.02030135391013182,
      0.021260555975115638,
      0.019552924652684624,
      0.018314038363076532,
      0.017931503576968325,
      0.014505584807726962,
      0.012637165875154304,
      0.011396360499978183,
      0.011198122563414223,
      0.010976620408353099,
      0.006889831508889586,
      0.008172964949953402,
      0.005154800416348509
    ],
    "leverage_correlation": [
      -0.03962792137770051,
      -0.038406515870924675,
      -0.03784620439053901,
      -0.038835514688783664,
      -0.0376559079402613,
      -0.036452258564525275,
      -0.03507862878504942,
      -0.033099505006255935,
      -0.03433962917307351,
      -0.03321122335350189
    ],
    "aggregational_kurtosis": {
      "1": 5.334382384409762,
      "5": 5.7308462984818975,
      "21": 7.6644345988633935
    },
    "tail_index": 3.9743147929076312
  },
  "stylized_facts_comparison": {
    "kurtosis_real": 4.60339786339658,
    "kurtosis_fake": 5.334382384409762,
    "kurtosis_abs_diff": 0.7309845210131822,
    "return_acf_l1": 0.0032211914384881074,
    "absolute_return_acf_l1": 0.0027265850775928047,
    "leverage_correlation_l1": 0.0074375361410581944,
    "aggregational_kurtosis_l1": {
      "1": 0.7309845210131822,
      "5": 1.1440974595340494,
      "21": 2.8633384263989416
    },
    "tail_index_real": 4.278436214587005,
    "tail_index_fake": 3.9743147929076312,
    "tail_index_abs_diff": 0.30412142167937395
  },
  "distances": {
    "marginal_wasserstein_mean": 0.0005511005732843013,
    "marginal_wasserstein_max": 0.0009414562739974937,