{
  "real_facts": {
    "kurtosis": 4.60339786339658,
    "return_acf": [
      -0.006129896495456233,
      -0.005410572515444318,
      -0.004850442150800915,
      -0.0036463281274129967,
      -0.005386376919333319,
      -0.0031757095684462507,
      -0.0038579477775226357,
      -0.0039151866634744275,
      -0.005292579737192809,
      -0.003945431906172928,
      -0.004851899003124628,
      -0.0046194163631568036,
      -0.005172885457709455,
      -0.004211124507857456,
      -0.003735645228058452,
      -0.0037680503626371766,
      -0.004010344632969521,
      -0.003202785018342763,
      -0.0032783054102908417,
      -0.004305299142885759
    ],
    "absolute_return_acf": [
      0.08947994314640795,
      0.08706221495064048,
      0.08482332847898004,
      0.08305845971378771,
      0.08067919327684936,
      0.07845742851805035,
      0.07822117883161873,
      0.07314431128699136,
      0.07130771041124338,
      0.07008872915004222,
      0.06696331074490364,
      0.06571267470156224,
      0.06297135471751543,
      0.06143142913263746,
      0.058780572831940825,
      0.05806321182989763,
      0.05548740810128411,
      0.053705708316469335,
      0.05131013846360228,
      0.0498567169204288,
      0.04751329320018901,
      0.04666906945559521,
      0.04433729311956561,
      0.04351708917810179,
      0.040605979435813976,
      0.03982570287915335,
      0.03750091418173794,
      0.035092790865346994,
      0.03401017096821067,
      0.0322637376223491,
      0.030973581918145796,
      0.03080148907385584,
      0.027930149354695358,
      0.027127365950542544,
      0.02524615258377359,
      0.023932512169302107,
      0.02233021877941033,
      0.020586613788424087,
      0.01928397702155667,
      0.01715488076489573,
      0.01650369251883455,
      0.014150051520215104,
      0.013640884493037063,
      0.012754180978707456,
      0.011389362354853725,
      0.007673126877138603,
      0.007936203346543302,
      0.00707422777302266,
      0.006542557740364,
      0.00457947612939156
    ],
    "leverage_correlation": [
      -0.03220236985226149,
      -0.030007698100387906,
      -0.031877264599439036,
      -0.030177338239747133,
      -0.029888435813181728,
      -0.028638150486819166,
      -0.02749954963028258,
      -0.027585348466969264,
      -0.02666613555497109,
      -0.025635656995973862
    ],
    "aggregational_kurtosis": {
      "1": 4.60339786339658,
      "5": 4.586748838947848,
      "21": 4.801096172464452
    },
    "tail_index": 4.278436214587005
  },
  "fake_facts": {
    "kurtosis": 5.334382393935046,
    "return_acf": [
      -0.008423476921422882,
      0.0002723165227967086,
      0.0004897990194865479,
      -0.0004172213467836659,
      -0.0007076745558507495,
      -0.0007177190366994209,
      3.2316723158419716e-05,
      -0.0015896206411588063,
      -0.0014601501937566506,
      0.00043965498166849713,
      -0.0005717500590074643,
      -4.969967435865158e-05,
      -0.0011790090398199643,
      -0.002263100910786125,
      -0.0018062026679366583,
      -0.003198820863227562,
      -0.000904515833349606,
      -0.0017638328965603862,
      -0.0013554273880169848,
      -0.0017554243235456376
    ],
    "absolute_return_acf": [
      0.09754255787558327,
      0.09821384905682497,
      0.0943770903505334,
      0.09229536143947499,
      0.08876991178769261,
      0.0861757277049918,
      0.0833502108989529,
      0.08135402750631002,
      0.07981673637202445,
      0.07647436663122588,
      0.07436208915427306,
      0.07140752150474261,
      0.06988761974474508,
      0.06802215653674704,
      0.06302009693948486,
      0.06251802429748632,
      0.0594315650509488,
      0.058888629675334994,
      0.05620320780423935,
      0.05388340740918716,
      0.051663330249799355,
      0.05112538560415117,
      0.04842690824040534,
      0.04743499022728979,
      0.045030839095775856,
      0.04217023582441384,
      0.041890728487203446,
      0.04013327639575962,
      0.036999349991706156,
      0.036085519308306564,
      0.03563735519108759,
      0.034453215804087105,
      0.029381651578062832,
      0.029740846518423233,
      0.02710282104277671,
      0.02564734474681773,
      0.02408693576402224,
      0.021258681167821453,
      0.022001488548814733,
      0.020385262698643714,
      0.019057118697091736,
      0.018614633262319658,
      0.01497387626815246,
      0.012941276237575789,
      0.011766437422620561,
      0.011720095909325342,
      0.011419662183391896,
      0.0072265066415441144,
      0.008629688547817309,
      0.005378333183517844
    ],
    "leverage_correlation": [
      -0.0389046544930462,
      -0.038172391545307924,
      -0.03766730383127219,
      -0.03853913934397568,
      -0.03742170758315089,
      -0.036157953596344036,
      -0.03486829975988315,
      -0.032738239918651234,
      -0.034019928379529836,
      -0.03300296120614456
    ],
    "aggregational_kurtosis": {
      "1": 5.334382393935046,
      "5": 5.730846305205187,
      "21": 7.664434640540718
    },
    "tail_index": 3.959394566655907
  },
  "stylized_facts_comparison": {
    "kurtosis_real": 4.60339786339658,
    "kurtosis_fake": 5.334382393935046,
    "kurtosis_abs_diff": 0.7309845305384659,
    "return_acf_l1": 0.0032211914367525967,
    "absolute_return_acf_l1": 0.004376523660238035,
    "leverage_correlation_l1": 0.007131463191727243,
    "aggregational_kurtosis_l1": {
      "1": 0.7309845305384659,
      "5": 1.1440974662573389,
      "21": 2.8633384680762664
    },
    "tail_index_real": 4.278436214587005,
    "tail_index_fake": 3.959394566655907,
    "tail_index_abs_diff": 0.319041647931098
  },
  "distances": {
    "marginal_wasserstein_mean": 0.0008119012784534869,
    "marginal_wasserstein_max": 0.0015289624984361468,