{
  "real_facts": {
    "kurtosis": 4.272541644877583,
    "return_acf": [
      -0.003322451247679334,
      -0.004101547282240711,
      -0.00447491673128215,
      -0.005231909927910729,
      -0.0054215102253120165,
      -0.0038614966917528896,
      -0.005834215605208535,
      -0.003986781877639433,
      -0.004307648294517403,
      -0.004626650395340947,
      -0.00337181767775262,
      -0.004860434181298144,
      -0.004287120442262697,
      -0.004958457794720612,
      -0.003672494072241073,
      -0.003561543172021355,
      -0.003990656386901153,
      -0.004523040548782432,
      -0.003638232816146648,
      -0.0035583720032881286
    ],
    "absolute_return_acf": [
      0.08462038449707913,
      0.08067923170073117,
      0.0788018176577032,
      0.0772984350692897,
      0.07477235368631956,
      0.07251729906658098,
      0.07108860776797261,
      0.06936396557237615,
      0.06689045361054269,
      0.06540322167332309,
      0.06257376440772398,
      0.06113858156927403,
      0.05888776447758337,
      0.05687919672937205,
      0.054329604303812846,
      0.053606145968563966,
      0.05292272958740317,
      0.0505210868984192,
      0.047770243430576,
      0.045820643132853514,
      0.04385218786789532,
      0.04261446469714827,
      0.04137928386103374,
      0.03822276710531994,
      0.038584693055946806,
      0.035338489790033976,
      0.03516292150932871,
      0.03311486970781744,
      0.03178475357270825,
      0.03051211901593013,
      0.029528733780752617,
      0.026442627944182236,
      0.026643122609048664,
      0.023204858154845902,
      0.02354857030790352,
      0.020947109300656616,
      0.021386209941002467,
      0.01940181885965392,
      0.01876673406728991,
      0.01650567891032854,
      0.01460812574698004,
      0.013695281876243942,
      0.013189460777621568,
      0.012558714536806341,
      0.011433232544318923,
      0.009793274829863051,
      0.008579865364447888,
      0.006460436792545516,
      0.005150688058676939,
      0.006397220073783309
    ],
    "leverage_correlation": [
      -0.02986903265099973,
      -0.028912555603676452,
      -0.02925335248160145,
      -0.027037183616833466,
      -0.028035263638299113,
      -0.025874238894829794,
      -0.02713704894369023,
      -0.027025339826888047,
      -0.02572624067317069,
      -0.024083827458357295
    ],
    "aggregational_kurtosis": {
      "1": 4.272541644877583,
      "5": 4.292280687463866,
      "21": 4.457242230530562
    },
    "tail_index": 4.506327066413634
  },
  "fake_facts": {
    "kurtosis": 4.067334386043351,
    "return_acf": [
      0.011886204095743988,
      -0.0028744947318273995,
      -0.0032980419435722622,
      -0.005378211432856381,
      -0.00399824071677354,
      -0.0029863144575695,
      -0.005171049245221055,
      -0.0035615569230966855,
      -0.003961039601255193,
      -0.004151077181649456,
      -0.004660269367238281,
      -0.004387751406501024,
      -0.004248787583438879,
      -0.0032902193536743667,
      -0.004491559979431679,
      -0.0033494136329547735,
      -0.0041829924618510895,
      -0.00415235129173462,
      -0.0035069209428466985,
      -0.003339498793188825
    ],
    "absolute_return_acf": [
      0.06558833904470139,
      0.06321886680318808,
      0.06023495499333617,
      0.05982849050593005,
      0.057626688905850494,
      0.05699123919474771,
      0.055823127064110044,
      0.05408474592576771,
      0.051213721959945724,
      0.05051184327129394,
      0.05069932595420457,
      0.04690163542965145,
      0.04577484478374943,
      0.0455970433957357,
      0.04368377079525541,
      0.04206232258498076,
      0.04229883168682464,
      0.03926133520784224,
      0.038156377469947884,
      0.0374342329115372,
      0.03629476954567203,
      0.03442283639271311,
      0.03163096471535613,
      0.03231687752426503,
      0.03068695857995595,
      0.029113130692849966,
      0.02688652351537139,
      0.026115881658975736,
      0.02702388395024883,
      0.024238747072017567,
      0.023076879595651315,
      0.021987301902428712,
      0.0203593131407527,
      0.019545962504546398,
      0.018452373991803613,
      0.017844713697843396,
      0.016495509721948576,
      0.01586716970243921,
      0.013692629177082626,
      0.012359611120764058,
      0.01251578682578835,
      0.012377660926917942,
      0.009956475172767374,
      0.00974401296327425,
      0.010236569402905042,
      0.0077629560870704495,
      0.006883899328687858,
      0.006341639429189293,
      0.0023067870312486727,
      0.0029078152249084857
    ],
    "leverage_correlation": [
      -0.018864056697390576,
      -0.01962835873030455,
      -0.01998095922775027,
      -0.02069812188073064,
      -0.019781106601363466,
      -0.018868815267382596,
      -0.019874102202362715,
      -0.020361024711027607,
      -0.017957513190388654,
      -0.017470969044353222
    ],
    "aggregational_kurtosis": {
      "1": 4.067334386043351,
      "5": 4.0688708749297655,
      "21": 4.202311345633136
    },
    "tail_index": 4.673649047983079
  },
  "stylized_facts_comparison": {
    "kurtosis_real": 4.272541644877583,
    "kurtosis_fake": 4.067334386043351,
    "kurtosis_abs_diff": 0.20520725883423196,
    "return_acf_l1": 0.00136900103882525,
    "absolute_return_acf_l1": 0.008365129339671406,
    "leverage_correlation_l1": 0.007946905623529196,
    "aggregational_kurtosis_l1": {
      "1": 0.20520725883423196,
      "5": 0.22340981253410064,
      "21": 0.25493088489742544
    },
    "tail_index_real": 4.506327066413634,
    "tail_index_fake": 4.673649047983079,
    "tail_index_abs_diff": 0.16732198156944467
  },
  "distances": {
    "marginal_wasserstein_mean": 0.001283007643051194,
    "marginal_wasserstein_max": 0.0016845457842522536,