{
  "real_facts": {
    "kurtosis": 4.5503086141112465,
    "return_acf": [
      -0.0032970565734304308,
      -0.003916767577744105,
      -0.004003187568264671,
      -0.0035966694725899566,
      -0.006101797725858926,
      -0.0037390316089594934,
      -0.004494883624368708,
      -0.003758042122341809,
      -0.00497392195396462,
      -0.0033046163492152837,
      -0.0038263272882163714,
      -0.0046967992531499305,
      -0.004359314382080116,
      -0.004766853431570415,
      -0.004288347112885053,
      -0.004797158285582864,
      -0.003825695341810173,
      -0.004083624987373833,
      -0.0036006728767024455,
      -0.004384782526074391
    ],
    "absolute_return_acf": [
      0.08829964385635657,
      0.08558482922390048,
      0.08357951226078636,
      0.07956633706811858,
      0.07897136514085461,
      0.07723666904353242,
      0.07583757716897052,
      0.07267724868006693,
      0.07062011669724293,
      0.06752968846428985,
      0.06486093975261553,
      0.06355334996103164,
      0.06274938579695004,
      0.06007969892321586,
      0.05864696336110651,
      0.055081679497806964,
      0.05411894316572216,
      0.05243056599404394,
      0.04996561430810575,
      0.046121867392377745,
      0.04588765081470537,
      0.04569211537933965,
      0.042682941780788124,
      0.04171174756454894,
      0.03930069051519147,
      0.03813978527046761,
      0.0366250894654657,
      0.034168406439532804,
      0.031523332488505244,
      0.030362775312828084,
      0.028796893038384525,
      0.028283921424957625,
      0.026942290677548886,
      0.025067191828216578,
      0.022442431228304895,
      0.02328459226101375,
      0.021429650421561926,
      0.019055325211644526,
      0.017861133174279318,
      0.0166121152636082,
      0.016510511942707716,
      0.014149158769425924,
      0.013361959388044152,
      0.011614984106329105,
      0.011349434208202894,
      0.009674663733020214,
      0.008025736553249849,
      0.006161560263841222,
      0.005423820730041533,
      0.004788913354672419
    ],
    "leverage_correlation": [
      -0.031150383790535977,
      -0.030729858629127495,
      -0.03002914489255876,
      -0.028848036850028375,
      -0.02764683172294107,
      -0.028688430705443,
      -0.0280815376049998,
      -0.027112139177582775,
      -0.026103519484664002,
      -0.02585927910527335
    ],
    "aggregational_kurtosis": {
      "1": 4.5503086141112465,
      "5": 4.57246032803674,
      "21": 4.606175539659222
    },
    "tail_index": 4.305647702843879
  },
  "fake_facts": {
    "kurtosis": 6.1910464803329255,
    "return_acf": [
      -0.004238292838965429,
      0.012052876444310506,
      0.010226469847637832,
      0.007038811714101373,
      0.008006692617852905,
      0.007278358194752301,
      0.004139148484223248,
      0.00498880320073617,
      0.003661222417566711,
      0.0026178339821858,
      0.00154818649788221,
      0.0011371667493550047,
      0.0006289692834490156,
      0.000910818854017395,
      -0.000669502015612701,
      -0.0001292244797677251,
      -0.0011945186639765245,
      -0.0016683850896517366,
      -0.0011712215236596895,
      -0.001551957040914739
    ],
    "absolute_return_acf": [
      0.09146332544171386,
      0.0879386200948594,
      0.08386996190449361,
      0.08168689541811726,
      0.07848130132069303,
      0.07661934553805534,
      0.07429162960052527,
      0.07149539030417422,
      0.06826004139125962,
      0.06666174515898558,
      0.06540377779203728,
      0.06147051013646115,
      0.059457573487974466,
      0.05836584286371475,
      0.056848585263674194,
      0.05404302636803411,
      0.05339889568914265,
      0.0507396953339216,
      0.048334419423687,
      0.04700459978895945,
      0.04600590137547474,
      0.04329428379949382,
      0.04028832783109302,
      0.039948436966367185,
      0.038448832170462424,
      0.035856249136974445,
      0.032642019374913164,
      0.03174422858989317,
      0.03165374304783334,
      0.028745866439940464,
      0.027957633785881706,
      0.026084691684218234,
      0.02409170533666549,
      0.02324709097265906,
      0.021754196572125004,
      0.020564663351875505,
      0.018694070503708936,
      0.017203446517858125,
      0.015376973900729578,
      0.014347014612952813,
      0.013887183889712301,
      0.012981020713950082,
      0.00991298430465993,
      0.010040547815072989,
      0.009619943367160055,
      0.006962076227542467,
      0.005463458519065232,
      0.005643969304724424,
      0.0017361547261142323,
      0.0013905693745050163
    ],
    "leverage_correlation": [
      -0.025875144152450524,
      -0.02442985834982071,
      -0.024265848717242994,
      -0.023720079978532767,
      -0.023784445621851138,
      -0.022416990770480563,
      -0.023341788922344925,
      -0.022955414545438483,
      -0.02069817431527609,
      -0.020554834012893774
    ],
    "aggregational_kurtosis": {
      "1": 6.1910464803329255,
      "5": 7.636658565728971,
      "21": 10.951822341575367
    },
    "tail_index": 4.114786491209833
  },
  "stylized_facts_comparison": {
    "kurtosis_real": 4.5503086141112465,
    "kurtosis_fake": 6.1910464803329255,
    "kurtosis_abs_diff": 1.640737866221679,
    "return_acf_l1": 0.006965513961438775,
    "absolute_return_acf_l1": 0.0018445155169131795,
    "leverage_correlation_l1": 0.005220658257682265,
    "aggregational_kurtosis_l1": {
      "1": 1.640737866221679,
      "5": 3.0641982376922305,
      "21": 6.345646801916145
    },
    "tail_index_real": 4.305647702843879,
    "tail_index_fake": 4.114786491209833,
    "tail_index_abs_diff": 0.19086121163404535
  },
  "distances": {
    "marginal_wasserstein_mean": 0.0018820342944007404,
    "marginal_wasserstein_max": 0.002302137021066858,