{
  "real_facts": {
    "kurtosis": 4.272541644877587,
    "return_acf": [
      -0.003322451247679334,
      -0.004101547282240711,
      -0.00447491673128215,
      -0.005231909927910729,
      -0.0054215102253120165,
      -0.0038614966917528896,
      -0.005834215605208535,
      -0.003986781877639433,
      -0.004307648294517403,
      -0.004626650395340947,
      -0.00337181767775262,
      -0.004860434181298144,
      -0.004287120442262697,
      -0.004958457794720612,
      -0.003672494072241073,
      -0.003561543172021355,
      -0.003990656386901153,
      -0.004523040548782432,
      -0.003638232816146648,
      -0.0035583720032881286
    ],
    "absolute_return_acf": [
      0.08462038449707913,
      0.08067923170073117,
      0.0788018176577032,
      0.0772984350692897,
      0.07477235368631956,
      0.07251729906658098,
      0.07108860776797261,
      0.06936396557237615,
      0.06689045361054269,
      0.06540322167332309,
      0.06257376440772398,
      0.06113858156927403,
      0.05888776447758337,
      0.05687919672937205,
      0.054329604303812846,
      0.053606145968563966,
      0.05292272958740317,
      0.0505210868984192,
      0.047770243430576,
      0.045820643132853514,
      0.04385218786789532,
      0.04261446469714827,
      0.04137928386103374,
      0.03822276710531994,
      0.038584693055946806,
      0.035338489790033976,
      0.03516292150932871,
      0.03311486970781744,
      0.03178475357270825,
      0.03051211901593013,
      0.029528733780752617,
      0.026442627944182236,
      0.026643122609048664,
      0.023204858154845902,
      0.02354857030790352,
      0.020947109300656616,
      0.021386209941002467,
      0.01940181885965392,
      0.01876673406728991,
      0.01650567891032854,
      0.01460812574698004,
      0.013695281876243942,
      0.013189460777621568,
      0.012558714536806341,
      0.011433232544318923,
      0.009793274829863051,
      0.008579865364447888,
      0.006460436792545516,
      0.005150688058676939,
      0.006397220073783309
    ],
    "leverage_correlation": [
      -0.029869032650999727,
      -0.028912555603676445,
      -0.02925335248160145,
      -0.027037183616833466,
      -0.028035263638299113,
      -0.025874238894829794,
      -0.02713704894369023,
      -0.02702533982688805,
      -0.025726240673170683,
      -0.0240838274583573
    ],
    "aggregational_kurtosis": {
      "1": 4.272541644877587,
      "5": 4.292280687463866,
      "21": 4.457242230530562
    },
    "tail_index": 4.506327066413633
  },
  "fake_facts": {
    "kurtosis": 3.8206825435806895,
    "return_acf": [
      0.009094648815873255,
      -7.704465121982595e-05,
      -0.006532873718291778,
      -0.013203653530290588,
      -0.003374263599847735,
      -0.0011534339289182983,
      -0.005212347054016592,
      -0.005199327519225149,
      -0.006037739562063276,
      -0.006440558405581019,
      -0.005523377712539855,
      -0.00392920196924454,
      -0.004800477057041595,
      -0.004084448763493298,
      -0.003113547250033712,
      -0.008108641356795988,
      -0.004096290305324774,
      -0.004671504782602189,
      -0.0024563012941449082,
      -0.0009165405436178351
    ],
    "absolute_return_acf": [
      0.047945026256300434,
      0.043301996231899544,
      0.043985345262597494,
      0.04396438262439495,
      0.037468434582062865,
      0.03998699164192511,
      0.03604829383816759,
      0.03812278470160053,
      0.03769077908235583,
      0.03420678207651359,
      0.0313429909776543,
      0.03338413981968505,
      0.02969531102920419,
      0.03395330669999925,
      0.03067500476451974,
      0.025188276230695944,
      0.028961771119893533,
      0.027037107751809585,
      0.024801727637482743,
      0.022568185487235503,
      0.027795792055509774,
      0.023146582268047507,
      0.02704700226797888,
      0.01781410165920179,
      0.01510812901406279,
      0.019736093734300426,
      0.013545962643035857,
      0.013960935645081315,
      0.020167771307656214,
      0.017726788867318235,
      0.011484056953326958,
      0.013363415527084133,
      0.021324750423556013,
      0.013021047345373207,
      0.02006879680592277,
      0.008463132255344999,
      0.008569231246478497,
      0.013661182755641378,
      0.005485845884238052,
      0.010470967208332353,
      0.009054882923834382,
      0.010693044968292714,
      0.005654501051213408,
      0.0072458605018747724,
      0.006843158540084163,
      0.0031582867580869194,
      0.007838636374591243,
      0.00010448554160019942,
      0.0022636127806017767,
      -0.0006605780343445006
    ],
    "leverage_correlation": [
      -0.02737777658781874,
      -0.01982490209985565,
      -0.02417793039203344,
      -0.019179521934495916,
      -0.016574195425735436,
      -0.01584267040242613,
      -0.019240315307177517,
      -0.018021037982341035,
      -0.01578707453241417,
      -0.017177846046725707
    ],
    "aggregational_kurtosis": {
      "1": 3.8206825435806895,
      "5": 3.896810064074961,
      "21": 3.962663571151399
    },
    "tail_index": 4.780306643208064
  },
  "stylized_facts_comparison": {
    "kurtosis_real": 4.272541644877587,
    "kurtosis_fake": 3.8206825435806895,
    "kurtosis_abs_diff": 0.45185910129689777,
    "return_acf_l1": 0.0025129545088284945,
    "absolute_return_acf_l1": 0.01840415460756582,
    "leverage_correlation_l1": 0.007975081307732253,
    "aggregational_kurtosis_l1": {
      "1": 0.45185910129689777,
      "5": 0.39547062338890493,
      "21": 0.49457865937916257
    },
    "tail_index_real": 4.506327066413633,
    "tail_index_fake": 4.780306643208064,
    "tail_index_abs_diff": 0.2739795767944315
  },
  "distances": {
    "marginal_wasserstein_mean": 0.0014024908801369416,
    "marginal_wasserstein_max": 0.00236812610501795,