{
  "real_facts": {
    "kurtosis": 4.60339786339658,
    "return_acf": [
      -0.006129896495456233,
      -0.005410572515444318,
      -0.004850442150800915,
      -0.0036463281274129967,
      -0.005386376919333319,
      -0.0031757095684462507,
      -0.0038579477775226357,
      -0.0039151866634744275,
      -0.005292579737192809,
      -0.003945431906172928,
      -0.004851899003124628,
      -0.0046194163631568036,
      -0.005172885457709455,
      -0.004211124507857456,
      -0.003735645228058452,
      -0.0037680503626371766,
      -0.004010344632969521,
      -0.003202785018342763,
      -0.0032783054102908417,
      -0.004305299142885759
    ],
    "absolute_return_acf": [
      0.08947994314640795,
      0.08706221495064048,
      0.08482332847898004,
      0.08305845971378771,
      0.08067919327684936,
      0.07845742851805035,
      0.07822117883161873,
      0.07314431128699136,
      0.07130771041124338,
      0.07008872915004222,
      0.06696331074490364,
      0.06571267470156224,
      0.06297135471751543,
      0.06143142913263746,
      0.058780572831940825,
      0.05806321182989763,
      0.05548740810128411,
      0.053705708316469335,
      0.05131013846360228,
      0.0498567169204288,
      0.04751329320018901,
      0.04666906945559521,
      0.04433729311956561,
      0.04351708917810179,
      0.040605979435813976,
      0.03982570287915335,
      0.03750091418173794,
      0.035092790865346994,
      0.03401017096821067,
      0.0322637376223491,
      0.030973581918145796,
      0.03080148907385584,
      0.027930149354695358,
      0.027127365950542544,
      0.02524615258377359,
      0.023932512169302107,
      0.02233021877941033,
      0.020586613788424087,
      0.01928397702155667,
      0.01715488076489573,
      0.01650369251883455,
      0.014150051520215104,
      0.013640884493037063,
      0.012754180978707456,
      0.011389362354853725,
      0.007673126877138603,
      0.007936203346543302,
      0.00707422777302266,
      0.006542557740364,
      0.00457947612939156
    ],
    "leverage_correlation": [
      -0.03220236985226149,
      -0.030007698100387906,
      -0.031877264599439036,
      -0.030177338239747133,
      -0.029888435813181728,
      -0.028638150486819166,
      -0.02749954963028258,
      -0.027585348466969264,
      -0.02666613555497109,
      -0.025635656995973862
    ],
    "aggregational_kurtosis": {
      "1": 4.60339786339658,
      "5": 4.586748838947848,
      "21": 4.801096172464452
    },
    "tail_index": 4.278436214587005
  },
  "fake_facts": {
    "kurtosis": 4.0784080899580575,
    "return_acf": [
      -6.525090855646935e-06,
      -0.0038033257577767834,
      -0.004043399264581326,
      -0.004489137270216384,
      -0.004767895141088201,
      -0.0047204094910922164,
      -0.003845105214629136,
      -0.005478572002114843,
      -0.005464966694125354,
      -0.0035633602698107135,
      -0.0043758054818210275,
      -0.003695726789132197,
      -0.0047855993080211144,
      -0.005560473220488679,
      -0.0050172839292507675,
      -0.006996451349184811,
      -0.004108619764009785,
      -0.0051069567122873916,
      -0.0047332464032988734,
      -0.0050148321734593704
    ],
    "absolute_return_acf": [
      0.06153929215441004,
      0.06249515288710385,
      0.05893268355511515,
      0.05798515950310627,
      0.05554951052542971,
      0.05317137696169285,
      0.052270995069222295,
      0.05099882994878364,
      0.04927576844044787,
      0.047375848931181415,
      0.046296514916416856,
      0.04356609582134931,
      0.04301390884537821,
      0.0418596072696566,
      0.03827517675751836,
      0.03772092406320541,
      0.035874892134846605,
      0.0363738717554719,
      0.034078321561924724,
      0.03277701634333675,
      0.030808087423661732,
      0.030962667092952548,
      0.028906099146509854,
      0.02855325405804213,
      0.02682053624735063,
      0.02448113035927427,
      0.024900997658446628,
      0.023451720624718193,
      0.02105432420258572,
      0.020386096762140656,
      0.020976239266508014,
      0.020931011070954412,
      0.016135813806062403,
      0.016746501701646654,
      0.014100111090046483,
      0.013634909245070517,
      0.012970069374428125,
      0.010392613676773587,
      0.011782949914176945,
      0.01099693932382958,
      0.010025028990290081,
      0.010431179914580863,
      0.006693691464344212,
      0.005952375301048122,
      0.004607973765342486,
      0.004671387845997973,
      0.004891967254900858,
      0.00129389150835152,
      0.0031376118133582018,
      0.0006482753315524752
    ],
    "leverage_correlation": [
      -0.014071589597447448,
      -0.01984682754124892,
      -0.019431036937165035,
      -0.02134977515541319,
      -0.020014413544541004,
      -0.01958620835592277,
      -0.018458399279744235,
      -0.016866407916690432,
      -0.018432550952123226,
      -0.017888156869172615
    ],
    "aggregational_kurtosis": {
      "1": 4.0784080899580575,
      "5": 4.078547717126489,
      "21": 4.094380312582654
    },
    "tail_index": 4.615303544603873
  },
  "stylized_facts_comparison": {
    "kurtosis_real": 4.60339786339658,
    "kurtosis_fake": 4.0784080899580575,
    "kurtosis_abs_diff": 0.5249897734385227,
    "return_acf_l1": 0.0012743858440482554,
    "absolute_return_acf_l1": 0.01457550733774167,
    "leverage_correlation_l1": 0.01042325815905644,
    "aggregational_kurtosis_l1": {
      "1": 0.5249897734385227,
      "5": 0.5082011218213589,
      "21": 0.7067158598817977
    },
    "tail_index_real": 4.278436214587005,
    "tail_index_fake": 4.615303544603873,
    "tail_index_abs_diff": 0.33686733001686786
  },
  "distances": {
    "marginal_wasserstein_mean": 0.0005023415908903623,
    "marginal_wasserstein_max": 0.0008500576401450871,