{
  "real_facts": {
    "kurtosis": 4.60339786339658,
    "return_acf": [
      -0.006129896495456233,
      -0.005410572515444318,
      -0.004850442150800915,
      -0.0036463281274129967,
      -0.005386376919333319,
      -0.0031757095684462507,
      -0.0038579477775226357,
      -0.0039151866634744275,
      -0.005292579737192809,
      -0.003945431906172928,
      -0.004851899003124628,
      -0.0046194163631568036,
      -0.005172885457709455,
      -0.004211124507857456,
      -0.003735645228058452,
      -0.0037680503626371766,
      -0.004010344632969521,
      -0.003202785018342763,
      -0.0032783054102908417,
      -0.004305299142885759
    ],
    "absolute_return_acf": [
      0.08947994314640795,
      0.08706221495064048,
      0.08482332847898004,
      0.08305845971378771,
      0.08067919327684936,
      0.07845742851805035,
      0.07822117883161873,
      0.07314431128699136,
      0.07130771041124338,
      0.07008872915004222,
      0.06696331074490364,
      0.06571267470156224,
      0.06297135471751543,
      0.06143142913263746,
      0.058780572831940825,
      0.05806321182989763,
      0.05548740810128411,
      0.053705708316469335,
      0.05131013846360228,
      0.0498567169204288,
      0.04751329320018901,
      0.04666906945559521,
      0.04433729311956561,
      0.04351708917810179,
      0.040605979435813976,
      0.03982570287915335,
      0.03750091418173794,
      0.035092790865346994,
      0.03401017096821067,
      0.0322637376223491,
      0.030973581918145796,
      0.03080148907385584,
      0.027930149354695358,
      0.027127365950542544,
      0.02524615258377359,
      0.023932512169302107,
      0.02233021877941033,
      0.020586613788424087,
      0.01928397702155667,
      0.01715488076489573,
      0.01650369251883455,
      0.014150051520215104,
      0.013640884493037063,
      0.012754180978707456,
      0.011389362354853725,
      0.007673126877138603,
      0.007936203346543302,
      0.00707422777302266,
      0.006542557740364,
      0.00457947612939156
    ],
    "leverage_correlation": [
      -0.03220236985226149,
      -0.030007698100387906,
      -0.031877264599439036,
      -0.030177338239747133,
      -0.029888435813181728,
      -0.028638150486819166,
      -0.02749954963028258,
      -0.027585348466969264,
      -0.02666613555497109,
      -0.025635656995973862
    ],
    "aggregational_kurtosis": {
      "1": 4.60339786339658,
      "5": 4.586748838947848,
      "21": 4.801096172464452
    },
    "tail_index": 4.278436214587005
  },
  "fake_facts": {
    "kurtosis": 4.078408088694812,
    "return_acf": [
      -6.525222897697976e-06,
      -0.003803325743756493,
      -0.00404339929850116,
      -0.004489137204914232,
      -0.004767895086471839,
      -0.004720409455566678,
      -0.003845105153507636,
      -0.005478572089663308,
      -0.005464966760140811,
      -0.003563360324185079,
      -0.004375805408230748,
      -0.0036957267463105055,
      -0.004785599231200067,
      -0.005560473143792815,
      -0.0050172838784910785,
      -0.006996451346087403,
      -0.004108619791027293,
      -0.0051069567173379566,
      -0.00473324644154678,
      -0.005014832178127327
    ],
    "absolute_return_acf": [
      0.06117831409743317,
      0.06202382683591508,
      0.058536348375887726,
      0.057495127259295634,
      0.055109829608586985,
      0.052740117122803146,
      0.05187533163639591,
      0.05060440227925471,
      0.04888088595776482,
      0.04701237677723531,
      0.045947346505018825,
      0.04319482499643963,
      0.042717580825004806,
      0.04154568091391579,
      0.037942033819317496,
      0.03739537593819734,
      0.03561761066249743,
      0.03601459405483135,
      0.03381761831489384,
      0.032468318453048525,
      0.030473167298961015,
      0.030715051990094992,
      0.02862262210074433,
      0.028379010354908432,
      0.026628499830192612,
      0.024255513476109367,
      0.02467857192806852,
      0.02321338538271613,
      0.020843799740983725,
      0.020156324376439785,
      0.020808824916889155,
      0.020718694074129258,
      0.015988583171170398,
      0.016593702357406096,
      0.013995579169703962,
      0.013533981356705508,
      0.012847947711957007,
      0.010245988459364863,
      0.011716914921724398,
      0.01082494373929139,
      0.009893505105113058,
      0.0103132006769139,
      0.0066347188191006636,
      0.005929126606642982,
      0.004554182360631468,
      0.004571966264735317,
      0.004809527498027561,
      0.001238479618426623,
      0.0030390350718825683,
      0.0006272888070680009
    ],
    "leverage_correlation": [
      -0.014107615779662724,
      -0.01994125466737678,
      -0.019521872836856812,
      -0.021457164140687147,
      -0.020116690940268488,
      -0.019704648858594645,
      -0.018545858208210884,
      -0.017005997891906217,
      -0.0185586161598175,
      -0.017981527088020897
    ],
    "aggregational_kurtosis": {
      "1": 4.078408088694812,
      "5": 4.07854771605776,
      "21": 4.0943803163929005
    },
    "tail_index": 4.612333270541485
  },
  "stylized_facts_comparison": {
    "kurtosis_real": 4.60339786339658,
    "kurtosis_fake": 4.078408088694812,
    "kurtosis_abs_diff": 0.5249897747017682,
    "return_acf_l1": 0.001274385849039362,
    "absolute_return_acf_l1": 0.014811641758955729,
    "leverage_correlation_l1": 0.010323670116863118,
    "aggregational_kurtosis_l1": {
      "1": 0.5249897747017682,
      "5": 0.508201122890088,
      "21": 0.7067158560715514
    },
    "tail_index_real": 4.278436214587005,
    "tail_index_fake": 4.612333270541485,
    "tail_index_abs_diff": 0.3338970559544796
  },
  "distances": {
    "marginal_wasserstein_mean": 0.0013344167206915077,
    "marginal_wasserstein_max": 0.0018882543973864471,