{
  "real_facts": {
    "kurtosis": 4.60339786339658,
    "return_acf": [
      -0.006129896495456233,
      -0.005410572515444318,
      -0.004850442150800915,
      -0.0036463281274129967,
      -0.005386376919333319,
      -0.0031757095684462507,
      -0.0038579477775226357,
      -0.0039151866634744275,
      -0.005292579737192809,
      -0.003945431906172928,
      -0.004851899003124628,
      -0.0046194163631568036,
      -0.005172885457709455,
      -0.004211124507857456,
      -0.003735645228058452,
      -0.0037680503626371766,
      -0.004010344632969521,
      -0.003202785018342763,
      -0.0032783054102908417,
      -0.004305299142885759
    ],
    "absolute_return_acf": [
      0.08947994314640795,
      0.08706221495064048,
      0.08482332847898004,
      0.08305845971378771,
      0.08067919327684936,
      0.07845742851805035,
      0.07822117883161873,
      0.07314431128699136,
      0.07130771041124338,
      0.07008872915004222,
      0.06696331074490364,
      0.06571267470156224,
      0.06297135471751543,
      0.06143142913263746,
      0.058780572831940825,
      0.05806321182989763,
      0.05548740810128411,
      0.053705708316469335,
      0.05131013846360228,
      0.0498567169204288,
      0.04751329320018901,
      0.04666906945559521,
      0.04433729311956561,
      0.04351708917810179,
      0.040605979435813976,
      0.03982570287915335,
      0.03750091418173794,
      0.035092790865346994,
      0.03401017096821067,
      0.0322637376223491,
      0.030973581918145796,
      0.03080148907385584,
      0.027930149354695358,
      0.027127365950542544,
      0.02524615258377359,
      0.023932512169302107,
      0.02233021877941033,
      0.020586613788424087,
      0.01928397702155667,
      0.01715488076489573,
      0.01650369251883455,
      0.014150051520215104,
      0.013640884493037063,
      0.012754180978707456,
      0.011389362354853725,
      0.007673126877138603,
      0.007936203346543302,
      0.00707422777302266,
      0.006542557740364,
      0.00457947612939156
    ],
    "leverage_correlation": [
      -0.03220236985226149,
      -0.030007698100387906,
      -0.031877264599439036,
      -0.030177338239747133,
      -0.029888435813181728,
      -0.028638150486819166,
      -0.02749954963028258,
      -0.027585348466969264,
      -0.02666613555497109,
      -0.025635656995973862
    ],
    "aggregational_kurtosis": {
      "1": 4.60339786339658,
      "5": 4.586748838947848,
      "21": 4.801096172464452
    },
    "tail_index": 4.278436214587005
  },
  "fake_facts": {
    "kurtosis": 3.1056191272667615,
    "return_acf": [
      0.03929136375939657,
      -0.0016027490878979939,
      -0.004351751029772894,
      -0.004588685232607351,
      -0.004410176564751421,
      -0.004960153260379821,
      -0.004612332274730758,
      -0.005372786495446965,
      -0.005496804883700565,
      -0.003339427318812055,
      -0.004265331145745973,
      -0.003401204781307686,
      -0.005470121760433334,
      -0.0060825942671590945,
      -0.005541429190438067,
      -0.006373510883157606,
      -0.00434212527854159,
      -0.005637306087852636,
      -0.005145217131966526,
      -0.005080212205044326
    ],
    "absolute_return_acf": [
      0.16772247992343503,
      0.15899240572639506,
      0.15312517432441164,
      0.14897920389936956,
      0.14394035701878846,
      0.13728189928028042,
      0.1333652238528264,
      0.1298717177706843,
      0.1255711699428746,
      0.12056395239528592,
      0.11751272582190393,
      0.11172458117146407,
      0.10876596622604957,
      0.10496195112313969,
      0.0993494417228535,
      0.09591544328267228,
      0.09099458657208066,
      0.09034294494430294,
      0.08529911976170473,
      0.08252039452752946,
      0.07808079191080561,
      0.07588385356146748,
      0.07155352726147532,
      0.06955472079877502,
      0.06503183551422168,
      0.06183866790732526,
      0.0590795392181212,
      0.056213740793046085,
      0.05222245857598128,
      0.04962385303766342,
      0.04812716851753188,
      0.04636117817111489,
      0.040345576199546054,
      0.03825137156673252,
      0.0348456951264208,
      0.03188734372780613,
      0.030766613907614954,
      0.028266343856050993,
      0.026904082940152802,
      0.02455883759142917,
      0.02228645451402404,
      0.020878131423939836,
      0.016502416966237825,
      0.014615357444044842,
      0.012912096370249777,
      0.010188956766948655,
      0.009099368093654159,
      0.004744352041810325,
      0.004206678846347654,
      0.0010396934040094949
    ],
    "leverage_correlation": [
      -0.09681881660953963,
      -0.032904526888233226,
      -0.029268286834359402,
      -0.03092501813034111,
      -0.02909238099389097,
      -0.02834140111009063,
      -0.026933521541166856,
      -0.02488743298359631,
      -0.026769389478609913,
      -0.025757838236198607
    ],
    "aggregational_kurtosis": {
      "1": 3.1056191272667615,
      "5": 4.223311941910376,
      "21": 4.397163625320651
    },
    "tail_index": 7.008619558472294
  },
  "stylized_facts_comparison": {
    "kurtosis_real": 4.60339786339658,
    "kurtosis_fake": 3.1056191272667615,
    "kurtosis_abs_diff": 1.4977787361298187,
    "return_acf_l1": 0.0035122923250627902,
    "absolute_return_acf_l1": 0.027990615009523916,
    "leverage_correlation_l1": 0.007545211613316861,
    "aggregational_kurtosis_l1": {
      "1": 1.4977787361298187,
      "5": 0.36343689703747195,
      "21": 0.40393254714380067
    },
    "tail_index_real": 4.278436214587005,
    "tail_index_fake": 7.008619558472294,
    "tail_index_abs_diff": 2.7301833438852885
  },
  "distances": {
    "marginal_wasserstein_mean": 0.0008604191625392555,
    "marginal_wasserstein_max": 0.00170191852537539,