{
  "real_facts": {
    "kurtosis": 4.60339786339658,
    "return_acf": [
      -0.006129896495456233,
      -0.005410572515444318,
      -0.004850442150800915,
      -0.0036463281274129967,
      -0.005386376919333319,
      -0.0031757095684462507,
      -0.0038579477775226357,
      -0.0039151866634744275,
      -0.005292579737192809,
      -0.003945431906172928,
      -0.004851899003124628,
      -0.0046194163631568036,
      -0.005172885457709455,
      -0.004211124507857456,
      -0.003735645228058452,
      -0.0037680503626371766,
      -0.004010344632969521,
      -0.003202785018342763,
      -0.0032783054102908417,
      -0.004305299142885759
    ],
    "absolute_return_acf": [
      0.08947994314640795,
      0.08706221495064048,
      0.08482332847898004,
      0.08305845971378771,
      0.08067919327684936,
      0.07845742851805035,
      0.07822117883161873,
      0.07314431128699136,
      0.07130771041124338,
      0.07008872915004222,
      0.06696331074490364,
      0.06571267470156224,
      0.06297135471751543,
      0.06143142913263746,
      0.058780572831940825,
      0.05806321182989763,
      0.05548740810128411,
      0.053705708316469335,
      0.05131013846360228,
      0.0498567169204288,
      0.04751329320018901,
      0.04666906945559521,
      0.04433729311956561,
      0.04351708917810179,
      0.040605979435813976,
      0.03982570287915335,
      0.03750091418173794,
      0.035092790865346994,
      0.03401017096821067,
      0.0322637376223491,
      0.030973581918145796,
      0.03080148907385584,
      0.027930149354695358,
      0.027127365950542544,
      0.02524615258377359,
      0.023932512169302107,
      0.02233021877941033,
      0.020586613788424087,
      0.01928397702155667,
      0.01715488076489573,
      0.01650369251883455,
      0.014150051520215104,
      0.013640884493037063,
      0.012754180978707456,
      0.011389362354853725,
      0.007673126877138603,
      0.007936203346543302,
      0.00707422777302266,
      0.006542557740364,
      0.00457947612939156
    ],
    "leverage_correlation": [
      -0.03220236985226149,
      -0.030007698100387906,
      -0.031877264599439036,
      -0.030177338239747133,
      -0.029888435813181728,
      -0.028638150486819166,
      -0.02749954963028258,
      -0.027585348466969264,
      -0.02666613555497109,
      -0.025635656995973862
    ],
    "aggregational_kurtosis": {
      "1": 4.60339786339658,
      "5": 4.586748838947848,
      "21": 4.801096172464452
    },
    "tail_index": 4.278436214587005
  },
  "fake_facts": {
    "kurtosis": 2.491734619358441,
    "return_acf": [
      0.03471049412058573,
      0.07318606051848553,
      0.07982802213617646,
      0.0816431043088395,
      0.07772987737000916,
      0.0726814180818673,
      0.07010076835173507,
      0.06659921217725137,
      0.06446292362295314,
      0.0622211838549808,
      0.06106195595259008,
      0.06040231446823172,
      0.056041145444253995,
      0.05605815733345698,
      0.053246994960304904,
      0.05055657175979359,
      0.051475996895471554,
      0.04860771449666085,
      0.05075360123217153,
      0.04650191629718936
    ],
    "absolute_return_acf": [
      0.15164804212010896,
      0.1503150594052177,
      0.14508171292045394,
      0.14068949791463367,
      0.1387562905562644,
      0.1376679322062427,
      0.13510882741736738,
      0.13327311790479213,
      0.12907867109076054,
      0.12878725122057139,
      0.12515523226962832,
      0.12313594514069978,
      0.12106374038986258,
      0.11986748787835466,
      0.11662020975444296,
      0.1137696923639485,
      0.11344128541888127,
      0.11150552377121041,
      0.10887692883282397,
      0.10567171309031391,
      0.10563479934148845,
      0.10224491953783398,
      0.1001636608024396,
      0.09896471812134079,
      0.09543077140179783,
      0.09360512711297406,
      0.09206929260132483,
      0.08901792898806415,
      0.0870116962953781,
      0.0844460562241977,
      0.08272999048275917,
      0.08157765159904924,
      0.07733617297945083,
      0.07567541078781821,
      0.07392298180553418,
      0.07289028088211824,
      0.06903134495963374,
      0.06582569026232031,
      0.06454544038420389,
      0.060890746129511515,
      0.059737124000137067,
      0.05746788165988021,
      0.05476362894561994,
      0.05256195778705422,
      0.05191179026708488,
      0.04827123094555202,
      0.046966413320333515,
      0.04304046125561714,
      0.04258706420740716,
      0.03948881062913507
    ],
    "leverage_correlation": [
      -0.0889736393060496,
      -0.09764124808298662,
      -0.10233160410882523,
      -0.10175879342477935,
      -0.09999108878728778,
      -0.10066962744403671,
      -0.09882315134281763,
      -0.0980673658023542,
      -0.09680476417264612,
      -0.0966475467928557
    ],
    "aggregational_kurtosis": {
      "1": 2.491734619358441,
      "5": 2.6253977672714393,
      "21": 1.840900364652073
    },
    "tail_index": 7.774112525171809
  },
  "stylized_facts_comparison": {
    "kurtosis_real": 4.60339786339658,
    "kurtosis_fake": 2.491734619358441,
    "kurtosis_abs_diff": 2.111663244038139,
    "return_acf_l1": 0.06523178301856492,
    "absolute_return_acf_l1": 0.051795468716320237,
    "leverage_correlation_l1": 0.06915308815246057,
    "aggregational_kurtosis_l1": {
      "1": 2.111663244038139,
      "5": 1.9613510716764089,
      "21": 2.960195807812379
    },
    "tail_index_real": 4.278436214587005,
    "tail_index_fake": 7.774112525171809,
    "tail_index_abs_diff": 3.4956763105848037
  },
  "distances": {
    "marginal_wasserstein_mean": 0.003705380887440439,
    "marginal_wasserstein_max": 0.00682803271216502,