{
  "real_facts": {
    "kurtosis": 4.60339786339658,
    "return_acf": [
      -0.006129896495456233,
      -0.005410572515444318,
      -0.004850442150800915,
      -0.0036463281274129967,
      -0.005386376919333319,
      -0.0031757095684462507,
      -0.0038579477775226357,
      -0.0039151866634744275,
      -0.005292579737192809,
      -0.003945431906172928,
      -0.004851899003124628,
      -0.0046194163631568036,
      -0.005172885457709455,
      -0.004211124507857456,
      -0.003735645228058452,
      -0.0037680503626371766,
      -0.004010344632969521,
      -0.003202785018342763,
      -0.0032783054102908417,
      -0.004305299142885759
    ],
    "absolute_return_acf": [
      0.08947994314640795,
      0.08706221495064048,
      0.08482332847898004,
      0.08305845971378771,
      0.08067919327684936,
      0.07845742851805035,
      0.07822117883161873,
      0.07314431128699136,
      0.07130771041124338,
      0.07008872915004222,
      0.06696331074490364,
      0.06571267470156224,
      0.06297135471751543,
      0.06143142913263746,
      0.058780572831940825,
      0.05806321182989763,
      0.05548740810128411,
      0.053705708316469335,
      0.05131013846360228,
      0.0498567169204288,
      0.04751329320018901,
      0.04666906945559521,
      0.04433729311956561,
      0.04351708917810179,
      0.040605979435813976,
      0.03982570287915335,
      0.03750091418173794,
      0.035092790865346994,
      0.03401017096821067,
      0.0322637376223491,
      0.030973581918145796,
      0.03080148907385584,
      0.027930149354695358,
      0.027127365950542544,
      0.02524615258377359,
      0.023932512169302107,
      0.02233021877941033,
      0.020586613788424087,
      0.01928397702155667,
      0.01715488076489573,
      0.01650369251883455,
      0.014150051520215104,
      0.013640884493037063,
      0.012754180978707456,
      0.011389362354853725,
      0.007673126877138603,
      0.007936203346543302,
      0.00707422777302266,
      0.006542557740364,
      0.00457947612939156
    ],
    "leverage_correlation": [
      -0.03220236985226149,
      -0.030007698100387906,
      -0.031877264599439036,
      -0.030177338239747133,
      -0.029888435813181728,
      -0.028638150486819166,
      -0.02749954963028258,
      -0.027585348466969264,
      -0.02666613555497109,
      -0.025635656995973862
    ],
    "aggregational_kurtosis": {
      "1": 4.60339786339658,
      "5": 4.586748838947848,
      "21": 4.801096172464452
    },
    "tail_index": 4.278436214587005
  },
  "fake_facts": {
    "kurtosis": 2.4917346197967785,
    "return_acf": [
      0.03471049413064894,
      0.07318606045698697,
      0.07982802210202947,
      0.08164310436459517,
      0.07772987742699052,
      0.07268141809109024,
      0.07010076831643923,
      0.06659921215643541,
      0.06446292373440572,
      0.062221183844044674,
      0.061061955963648745,
      0.060402314465173274,
      0.05604114538580641,
      0.05605815730965321,
      0.05324699497064597,
      0.050556571815239655,
      0.0514759970044891,
      0.04860771451550817,
      0.05075360129852534,
      0.04650191629001395
    ],
    "absolute_return_acf": [
      0.2575600670521402,
      0.2648728652698345,
      0.26152004550878993,
      0.25655045131628923,
      0.25144290164317334,
      0.24855582238349538,
      0.24440605026073892,
      0.2388766130014861,
      0.2336986490510025,
      0.23103822750461153,
      0.22607422296841728,
      0.22336268776133553,
      0.21867497197489003,
      0.21494849161277566,
      0.20953585177000442,
      0.20517040898688693,
      0.20247531694214072,
      0.19951558582290158,
      0.19559427678302813,
      0.19026699684759202,
      0.18787108893510457,
      0.1838317387781213,
      0.18035487799866393,
      0.1758438410026041,
      0.1720750543050241,
      0.16809200159135107,
      0.16457590767748773,
      0.15930756481639904,
      0.1553239617382207,
      0.15127033662284306,
      0.1482645641450423,
      0.14402782838914857,
      0.13891769136166543,
      0.1349844478514851,
      0.13139074795453537,
      0.12778993818143583,
      0.1232194375896569,
      0.11898014640380351,
      0.1151243350051951,
      0.11069057347214628,
      0.1076889411996999,
      0.10282153030476258,
      0.09864826561201766,
      0.0946959975382584,
      0.09122033713409025,
      0.08661453284988638,
      0.0825046128932226,
      0.0776490269205649,
      0.07535860304468,
      0.0704229242431448
    ],
    "leverage_correlation": [
      -0.09618672562745839,
      -0.12377593164974092,
      -0.13195749405972168,
      -0.13257445715596722,
      -0.12898875941350088,
      -0.12673348345642307,
      -0.12337915470093212,
      -0.12079107106580213,
      -0.1184930740753847,
      -0.11703419871815066
    ],
    "aggregational_kurtosis": {
      "1": 2.4917346197967785,
      "5": 2.6253977665340273,
      "21": 1.8409003649670468
    },
    "tail_index": 9.371017699981122
  },
  "stylized_facts_comparison": {
    "kurtosis_real": 4.60339786339658,
    "kurtosis_fake": 2.4917346197967785,
    "kurtosis_abs_diff": 2.1116632435998017,
    "return_acf_l1": 0.065231783031533,
    "absolute_return_acf_l1": 0.12648299180908337,
    "leverage_correlation_l1": 0.09297364021830484,
    "aggregational_kurtosis_l1": {
      "1": 2.1116632435998017,
      "5": 1.9613510724138208,
      "21": 2.960195807497405
    },
    "tail_index_real": 4.278436214587005,
    "tail_index_fake": 9.371017699981122,
    "tail_index_abs_diff": 5.092581485394117
  },
  "distances": {
    "marginal_wasserstein_mean": 0.02538651384127571,
    "marginal_wasserstein_max": 0.036362496542942935,