{
  "real_facts": {
    "kurtosis": 4.60339786339658,
    "return_acf": [
      -0.006129896495456233,
      -0.005410572515444318,
      -0.004850442150800915,
      -0.0036463281274129967,
      -0.005386376919333319,
      -0.0031757095684462507,
      -0.0038579477775226357,
      -0.0039151866634744275,
      -0.005292579737192809,
      -0.003945431906172928,
      -0.004851899003124628,
      -0.0046194163631568036,
      -0.005172885457709455,
      -0.004211124507857456,
      -0.003735645228058452,
      -0.0037680503626371766,
      -0.004010344632969521,
      -0.003202785018342763,
      -0.0032783054102908417,
      -0.004305299142885759
    ],
    "absolute_return_acf": [
      0.08947994314640795,
      0.08706221495064048,
      0.08482332847898004,
      0.08305845971378771,
      0.08067919327684936,
      0.07845742851805035,
      0.07822117883161873,
      0.07314431128699136,
      0.07130771041124338,
      0.07008872915004222,
      0.06696331074490364,
      0.06571267470156224,
      0.06297135471751543,
      0.06143142913263746,
      0.058780572831940825,
      0.05806321182989763,
      0.05548740810128411,
      0.053705708316469335,
      0.05131013846360228,
      0.0498567169204288,
      0.04751329320018901,
      0.04666906945559521,
      0.04433729311956561,
      0.04351708917810179,
      0.040605979435813976,
      0.03982570287915335,
      0.03750091418173794,
      0.035092790865346994,
      0.03401017096821067,
      0.0322637376223491,
      0.030973581918145796,
      0.03080148907385584,
      0.027930149354695358,
      0.027127365950542544,
      0.02524615258377359,
      0.023932512169302107,
      0.02233021877941033,
      0.020586613788424087,
      0.01928397702155667,
      0.01715488076489573,
      0.01650369251883455,
      0.014150051520215104,
      0.013640884493037063,
      0.012754180978707456,
      0.011389362354853725,
      0.007673126877138603,
      0.007936203346543302,
      0.00707422777302266,
      0.006542557740364,
      0.00457947612939156
    ],
    "leverage_correlation": [
      -0.03220236985226149,
      -0.030007698100387906,
      -0.031877264599439036,
      -0.030177338239747133,
      -0.029888435813181728,
      -0.028638150486819166,
      -0.02749954963028258,
      -0.027585348466969264,
      -0.02666613555497109,
      -0.025635656995973862
    ],
    "aggregational_kurtosis": {
      "1": 4.60339786339658,
      "5": 4.586748838947848,
      "21": 4.801096172464452
    },
    "tail_index": 4.278436214587005
  },
  "fake_facts": {
    "kurtosis": 3.105619126920777,
    "return_acf": [
      0.03929136371635464,
      -0.0016027490761619803,
      -0.004351751041257553,
      -0.004588685152826745,
      -0.004410176621878914,
      -0.00496015324573717,
      -0.0046123322683292375,
      -0.005372786563216857,
      -0.005496804891251968,
      -0.003339427305494724,
      -0.004265331135076038,
      -0.0034012048107461014,
      -0.0054701219021442635,
      -0.00608259430776413,
      -0.005541429168626783,
      -0.0063735108693128775,
      -0.004342125301680248,
      -0.005637306053788808,
      -0.005145217089194423,
      -0.005080212211630541
    ],
    "absolute_return_acf": [
      0.17122291643759743,
      0.16019673363571635,
      0.15416768269369754,
      0.150123511703077,
      0.14496490819233188,
      0.13833836908425096,
      0.13430522611820966,
      0.13077232543342399,
      0.12653228324069093,
      0.12143779270570194,
      0.11834349710643041,
      0.11257081633015283,
      0.10949397842098033,
      0.10565201841227106,
      0.10004585610625481,
      0.09661435104314686,
      0.09161460810303741,
      0.0910860033182307,
      0.08592265337249326,
      0.08317876616336681,
      0.07871404696751186,
      0.07645450168789882,
      0.07211872939108514,
      0.0699719401971906,
      0.06544185072999449,
      0.062271321202736214,
      0.05950262326888012,
      0.05664216573056847,
      0.052658864059044096,
      0.050116499238329115,
      0.04853284796871016,
      0.04674266952854996,
      0.04065266392565572,
      0.038524921974558354,
      0.03508767725181754,
      0.032026146749523816,
      0.030979170632149458,
      0.028542872135757222,
      0.027036064775537282,
      0.024826680570787546,
      0.022444962173641354,
      0.02101006443179283,
      0.01655251975473215,
      0.014620198497341365,
      0.012929732560586988,
      0.010292765696292122,
      0.009234858323670783,
      0.004711426393158579,
      0.004291974456732454,
      0.0010622801469293104
    ],
    "leverage_correlation": [
      -0.09833919524898843,
      -0.03265366732040268,
      -0.028914164522158142,
      -0.0305622509946944,
      -0.028752107294353124,
      -0.02795886314788538,
      -0.02658539124966876,
      -0.02449152634977493,
      -0.026387499742313535,
      -0.025463539442986825
    ],
    "aggregational_kurtosis": {
      "1": 3.105619126920777,
      "5": 4.223311942063956,
      "21": 4.397163624491277
    },
    "tail_index": 6.990016600383175
  },
  "stylized_facts_comparison": {
    "kurtosis_real": 4.60339786339658,
    "kurtosis_fake": 3.105619126920777,
    "kurtosis_abs_diff": 1.4977787364758033,
    "return_acf_l1": 0.003512292323496599,
    "absolute_return_acf_l1": 0.0285457745953303,
    "leverage_correlation_l1": 0.007840515717018501,
    "aggregational_kurtosis_l1": {
      "1": 1.4977787364758033,
      "5": 0.3634368968838917,
      "21": 0.40393254797317457
    },
    "tail_index_real": 4.278436214587005,
    "tail_index_fake": 6.990016600383175,
    "tail_index_abs_diff": 2.71158038579617
  },
  "distances": {
    "marginal_wasserstein_mean": 0.010326699092844824,
    "marginal_wasserstein_max": 0.012316654192762053,