{
  "real_facts": {
    "kurtosis": 4.60339786339658,
    "return_acf": [
      -0.006129896495456233,
      -0.005410572515444318,
      -0.004850442150800915,
      -0.0036463281274129967,
      -0.005386376919333319,
      -0.0031757095684462507,
      -0.0038579477775226357,
      -0.0039151866634744275,
      -0.005292579737192809,
      -0.003945431906172928,
      -0.004851899003124628,
      -0.0046194163631568036,
      -0.005172885457709455,
      -0.004211124507857456,
      -0.003735645228058452,
      -0.0037680503626371766,
      -0.004010344632969521,
      -0.003202785018342763,
      -0.0032783054102908417,
      -0.004305299142885759
    ],
    "absolute_return_acf": [
      0.08947994314640795,
      0.08706221495064048,
      0.08482332847898004,
      0.08305845971378771,
      0.08067919327684936,
      0.07845742851805035,
      0.07822117883161873,
      0.07314431128699136,
      0.07130771041124338,
      0.07008872915004222,
      0.06696331074490364,
      0.06571267470156224,
      0.06297135471751543,
      0.06143142913263746,
      0.058780572831940825,
      0.05806321182989763,
      0.05548740810128411,
      0.053705708316469335,
      0.05131013846360228,
      0.0498567169204288,
      0.04751329320018901,
      0.04666906945559521,
      0.04433729311956561,
      0.04351708917810179,
      0.040605979435813976,
      0.03982570287915335,
      0.03750091418173794,
      0.035092790865346994,
      0.03401017096821067,
      0.0322637376223491,
      0.030973581918145796,
      0.03080148907385584,
      0.027930149354695358,
      0.027127365950542544,
      0.02524615258377359,
      0.023932512169302107,
      0.02233021877941033,
      0.020586613788424087,
      0.01928397702155667,
      0.01715488076489573,
      0.01650369251883455,
      0.014150051520215104,
      0.013640884493037063,
      0.012754180978707456,
      0.011389362354853725,
      0.007673126877138603,
      0.007936203346543302,
      0.00707422777302266,
      0.006542557740364,
      0.00457947612939156
    ],
    "leverage_correlation": [
      -0.03220236985226149,
      -0.030007698100387906,
      -0.031877264599439036,
      -0.030177338239747133,
      -0.029888435813181728,
      -0.028638150486819166,
      -0.02749954963028258,
      -0.027585348466969264,
      -0.02666613555497109,
      -0.025635656995973862
    ],
    "aggregational_kurtosis": {
      "1": 4.60339786339658,
      "5": 4.586748838947848,
      "21": 4.801096172464452
    },
    "tail_index": 4.278436214587005
  },
  "fake_facts": {
    "kurtosis": 4.220160720131675,
    "return_acf": [
      0.04102238224747639,
      -0.0006627138998015261,
      -0.0038266713437965613,
      -0.003931528163553107,
      -0.0038229069246851553,
      -0.004385189543759243,
      -0.004163715919187659,
      -0.005043215703079126,
      -0.0051273359702409625,
      -0.003041532733775818,
      -0.0038626366608425938,
      -0.0033181235483458428,
      -0.005306122043712463,
      -0.005813180946046623,
      -0.005130218625320336,
      -0.006018975203132496,
      -0.003909559877544396,
      -0.005248929567618109,
      -0.004990568504539407,
      -0.00510537019468121
    ],
    "absolute_return_acf": [
      0.16092417096327394,
      0.1516646627205701,
      0.1461901717613561,
      0.14261492652336324,
      0.1378095790998857,
      0.13212199318046922,
      0.12869653197007436,
      0.12545735320055995,
      0.12129931108249666,
      0.11713408769662624,
      0.11453173257617687,
      0.1090421952874526,
      0.10620969407984181,
      0.1033909262896196,
      0.09822290230492274,
      0.0952144916902067,
      0.09057969415281306,
      0.09012059625384802,
      0.08549536842030762,
      0.08267448917396328,
      0.07876754446067265,
      0.07692777287566789,
      0.07279621081348847,
      0.07116856281978383,
      0.0671266041339975,
      0.0641896936435872,
      0.06171945453678484,
      0.05885188273299338,
      0.05536791233259288,
      0.0526658412227963,
      0.051500447904916896,
      0.05010266686453043,
      0.04386838305171034,
      0.04167315273233711,
      0.039066535885940855,
      0.0360949254480418,
      0.035348799931054636,
      0.03246090787551268,
      0.031290577676679615,
      0.02926533342153318,
      0.02685904304771035,
      0.025979292418988886,
      0.02162971007281097,
      0.019716183737682268,
      0.01805632979571853,
      0.015467626785494838,
      0.014204234790283064,
      0.00997248316964344,
      0.009571585473445875,
      0.006672827058282121
    ],
    "leverage_correlation": [
      -0.0905181732103019,
      -0.02955055846335928,
      -0.025329948967873134,
      -0.02760999044344345,
      -0.025848014520519325,
      -0.024888672327154828,
      -0.024089752444523882,
      -0.021722245093714714,
      -0.023665661746721453,
      -0.022992354425886232
    ],
    "aggregational_kurtosis": {
      "1": 4.220160720131675,
      "5": 5.3835201294051895,
      "21": 5.643407849710894
    },
    "tail_index": 4.656442185440517
  },
  "stylized_facts_comparison": {
    "kurtosis_real": 4.60339786339658,
    "kurtosis_fake": 4.220160720131675,
    "kurtosis_abs_diff": 0.3832371432649051,
    "return_acf_l1": 0.0035407804081043293,
    "absolute_return_acf_l1": 0.02856451271149767,
    "leverage_correlation_l1": 0.009059418281261587,
    "aggregational_kurtosis_l1": {
      "1": 0.3832371432649051,
      "5": 0.7967712904573414,
      "21": 0.8423116772464425
    },
    "tail_index_real": 4.278436214587005,
    "tail_index_fake": 4.656442185440517,
    "tail_index_abs_diff": 0.3780059708535122
  },
  "distances": {
    "marginal_wasserstein_mean": 0.0005639176559801203,
    "marginal_wasserstein_max": 0.0014022032109550307,