{
  "real_facts": {
    "kurtosis": 4.60339786339658,
    "return_acf": [
      -0.006129896495456233,
      -0.005410572515444318,
      -0.004850442150800915,
      -0.0036463281274129967,
      -0.005386376919333319,
      -0.0031757095684462507,
      -0.0038579477775226357,
      -0.0039151866634744275,
      -0.005292579737192809,
      -0.003945431906172928,
      -0.004851899003124628,
      -0.0046194163631568036,
      -0.005172885457709455,
      -0.004211124507857456,
      -0.003735645228058452,
      -0.0037680503626371766,
      -0.004010344632969521,
      -0.003202785018342763,
      -0.0032783054102908417,
      -0.004305299142885759
    ],
    "absolute_return_acf": [
      0.08947994314640795,
      0.08706221495064048,
      0.08482332847898004,
      0.08305845971378771,
      0.08067919327684936,
      0.07845742851805035,
      0.07822117883161873,
      0.07314431128699136,
      0.07130771041124338,
      0.07008872915004222,
      0.06696331074490364,
      0.06571267470156224,
      0.06297135471751543,
      0.06143142913263746,
      0.058780572831940825,
      0.05806321182989763,
      0.05548740810128411,
      0.053705708316469335,
      0.05131013846360228,
      0.0498567169204288,
      0.04751329320018901,
      0.04666906945559521,
      0.04433729311956561,
      0.04351708917810179,
      0.040605979435813976,
      0.03982570287915335,
      0.03750091418173794,
      0.035092790865346994,
      0.03401017096821067,
      0.0322637376223491,
      0.030973581918145796,
      0.03080148907385584,
      0.027930149354695358,
      0.027127365950542544,
      0.02524615258377359,
      0.023932512169302107,
      0.02233021877941033,
      0.020586613788424087,
      0.01928397702155667,
      0.01715488076489573,
      0.01650369251883455,
      0.014150051520215104,
      0.013640884493037063,
      0.012754180978707456,
      0.011389362354853725,
      0.007673126877138603,
      0.007936203346543302,
      0.00707422777302266,
      0.006542557740364,
      0.00457947612939156
    ],
    "leverage_correlation": [
      -0.03220236985226149,
      -0.030007698100387906,
      -0.031877264599439036,
      -0.030177338239747133,
      -0.029888435813181728,
      -0.028638150486819166,
      -0.02749954963028258,
      -0.027585348466969264,
      -0.02666613555497109,
      -0.025635656995973862
    ],
    "aggregational_kurtosis": {
      "1": 4.60339786339658,
      "5": 4.586748838947848,
      "21": 4.801096172464452
    },
    "tail_index": 4.278436214587005
  },
  "fake_facts": {
    "kurtosis": 4.220160719554826,
    "return_acf": [
      0.04102238229208715,
      -0.000662713896631306,
      -0.0038266714071291956,
      -0.003931528249622001,
      -0.0038229068905949,
      -0.004385189502285342,
      -0.004163715875026903,
      -0.00504321579467436,
      -0.005127335947583847,
      -0.003041532682015893,
      -0.0038626366436755716,
      -0.003318123537153655,
      -0.005306121965547838,
      -0.005813180851398228,
      -0.005130218715999236,
      -0.006018975193817466,
      -0.003909559802607142,
      -0.0052489296251686905,
      -0.004990568461475535,
      -0.0051053701584881615
    ],
    "absolute_return_acf": [
      0.16414527782527832,
      0.15285003359135738,
      0.14722096329381626,
      0.14374727015269148,
      0.1388280068892847,
      0.13318770037537692,
      0.1296450356588867,
      0.12632125399033453,
      0.12225925746043496,
      0.11799669431402769,
      0.11536535773495095,
      0.10991548499285782,
      0.1069545869965939,
      0.10411511609953102,
      0.09893816872893758,
      0.09591403147394606,
      0.09120694672345225,
      0.0908622194178284,
      0.0861352103055676,
      0.08335673670274552,
      0.0794336028320229,
      0.07751011342119636,
      0.07338255117526366,
      0.07159675797920831,
      0.06754371009535093,
      0.06463720523673024,
      0.0621679017420388,
      0.05930035973456211,
      0.055806276727935256,
      0.053165856073945215,
      0.05190383647392558,
      0.05049951962802163,
      0.044172940059352024,
      0.041976434291802416,
      0.039343783744081415,
      0.036235223255350044,
      0.03554943942355158,
      0.032747968565017785,
      0.03144542161179877,
      0.029524840638241876,
      0.027047860862444206,
      0.026125894162671023,
      0.02172762937551048,
      0.019759767897023724,
      0.018108181070607673,
      0.015592906591876517,
      0.01435085237338647,
      0.009954490750088049,
      0.009658298153230561,
      0.006707475721662775
    ],
    "leverage_correlation": [
      -0.09179727747203596,
      -0.02933982903488057,
      -0.025029146431900323,
      -0.02729853004048567,
      -0.02556646600066089,
      -0.02455522001839175,
      -0.023789661540354473,
      -0.02137520264386144,
      -0.02333324639829541,
      -0.02273055876066206
    ],
    "aggregational_kurtosis": {
      "1": 4.220160719554826,
      "5": 5.383520126626606,
      "21": 5.643407868857147
    },
    "tail_index": 4.654934078160829
  },
  "stylized_facts_comparison": {
    "kurtosis_real": 4.60339786339658,
    "kurtosis_fake": 4.220160719554826,
    "kurtosis_abs_diff": 0.3832371438417539,
    "return_acf_l1": 0.003540780416860633,
    "absolute_return_acf_l1": 0.029127813656563424,
    "leverage_correlation_l1": 0.009455262463805366,
    "aggregational_kurtosis_l1": {
      "1": 0.3832371438417539,
      "5": 0.7967712876787578,
      "21": 0.8423116963926951
    },
    "tail_index_real": 4.278436214587005,
    "tail_index_fake": 4.654934078160829,
    "tail_index_abs_diff": 0.37649786357382364
  },
  "distances": {
    "marginal_wasserstein_mean": 0.007493736986969911,
    "marginal_wasserstein_max": 0.00961630711376597,