{
  "real_facts": {
    "kurtosis": 4.60339786339658,
    "return_acf": [
      -0.006129896495456233,
      -0.005410572515444318,
      -0.004850442150800915,
      -0.0036463281274129967,
      -0.005386376919333319,
      -0.0031757095684462507,
      -0.0038579477775226357,
      -0.0039151866634744275,
      -0.005292579737192809,
      -0.003945431906172928,
      -0.004851899003124628,
      -0.0046194163631568036,
      -0.005172885457709455,
      -0.004211124507857456,
      -0.003735645228058452,
      -0.0037680503626371766,
      -0.004010344632969521,
      -0.003202785018342763,
      -0.0032783054102908417,
      -0.004305299142885759
    ],
    "absolute_return_acf": [
      0.08947994314640795,
      0.08706221495064048,
      0.08482332847898004,
      0.08305845971378771,
      0.08067919327684936,
      0.07845742851805035,
      0.07822117883161873,
      0.07314431128699136,
      0.07130771041124338,
      0.07008872915004222,
      0.06696331074490364,
      0.06571267470156224,
      0.06297135471751543,
      0.06143142913263746,
      0.058780572831940825,
      0.05806321182989763,
      0.05548740810128411,
      0.053705708316469335,
      0.05131013846360228,
      0.0498567169204288,
      0.04751329320018901,
      0.04666906945559521,
      0.04433729311956561,
      0.04351708917810179,
      0.040605979435813976,
      0.03982570287915335,
      0.03750091418173794,
      0.035092790865346994,
      0.03401017096821067,
      0.0322637376223491,
      0.030973581918145796,
      0.03080148907385584,
      0.027930149354695358,
      0.027127365950542544,
      0.02524615258377359,
      0.023932512169302107,
      0.02233021877941033,
      0.020586613788424087,
      0.01928397702155667,
      0.01715488076489573,
      0.01650369251883455,
      0.014150051520215104,
      0.013640884493037063,
      0.012754180978707456,
      0.011389362354853725,
      0.007673126877138603,
      0.007936203346543302,
      0.00707422777302266,
      0.006542557740364,
      0.00457947612939156
    ],
    "leverage_correlation": [
      -0.03220236985226149,
      -0.030007698100387906,
      -0.031877264599439036,
      -0.030177338239747133,
      -0.029888435813181728,
      -0.028638150486819166,
      -0.02749954963028258,
      -0.027585348466969264,
      -0.02666613555497109,
      -0.025635656995973862
    ],
    "aggregational_kurtosis": {
      "1": 4.60339786339658,
      "5": 4.586748838947848,
      "21": 4.801096172464452
    },
    "tail_index": 4.278436214587005
  },
  "fake_facts": {
    "kurtosis": 3.494281657741289,
    "return_acf": [
      0.0542432558935169,
      0.0033018602086202285,
      -0.0010381837877374892,
      -0.0014880207210714006,
      -0.0014343878860064061,
      -0.0018751726433408823,
      -0.0013919421062795953,
      -0.002718466731018371,
      -0.0028149485269656064,
      -0.0009179105889552385,
      -0.002007807081142254,
      -0.0014113287369709982,
      -0.0028741743286359667,
      -0.0034084653135801036,
      -0.003166778438127274,
      -0.004602804539505885,
      -0.002206385684220152,
      -0.003240502314827309,
      -0.0029149780085913316,
      -0.0032148473715990873
    ],
    "absolute_return_acf": [
      0.05981809608337884,
      0.05471852454149727,
      0.05136874928189026,
      0.05057473550373397,
      0.04862480664173853,
      0.04611495803179415,
      0.04512324088162016,
      0.044628138225993055,
      0.04298563688634866,
      0.04075268973404912,
      0.04092433343858579,
      0.03792022359382082,
      0.037027592192170944,
      0.03684883295341395,
      0.03312613512228854,
      0.03297592340792226,
      0.03019059737925672,
      0.03222152373395973,
      0.029587218183800106,
      0.028836806050058096,
      0.027316683807887245,
      0.027340404873886923,
      0.024916722353923344,
      0.024559083940513794,
      0.0231400367194258,
      0.021243966016179883,
      0.021063691931711145,
      0.02016666378084514,
      0.018155290749932548,
      0.017639280785179158,
      0.017953107327205054,
      0.018296741737701485,
      0.013432246363414637,
      0.013548848610811742,
      0.011794187098651172,
      0.010574403663980565,
      0.011433579626926664,
      0.009203346829323715,
      0.009838387137711749,
      0.009380412979625634,
      0.008631496331129774,
      0.00885096390462821,
      0.005569227229675103,
      0.0052258460383187945,
      0.004526038501916887,
      0.003566083262975712,
      0.004489568300936335,
      0.0005456660278217969,
      0.0023428296460189985,
      4.983224051300986e-06
    ],
    "leverage_correlation": [
      -0.045389920511239336,
      -0.02472953722306553,
      -0.02261441119519712,
      -0.02472178706314724,
      -0.022596362121437952,
      -0.022331994598322497,
      -0.021465949408534458,
      -0.019092981907350384,
      -0.021007256380500418,
      -0.02045084662160774
    ],
    "aggregational_kurtosis": {
      "1": 3.494281657741289,
      "5": 4.076696023286446,
      "21": 4.712520216235277
    },
    "tail_index": 5.095696210110276
  },
  "stylized_facts_comparison": {
    "kurtosis_real": 4.60339786339658,
    "kurtosis_fake": 3.494281657741289,
    "kurtosis_abs_diff": 1.1091162056552912,
    "return_acf_l1": 0.005166459061427898,
    "absolute_return_acf_l1": 0.018208664377959916,
    "leverage_correlation_l1": 0.007215200202758627,
    "aggregational_kurtosis_l1": {
      "1": 1.1091162056552912,
      "5": 0.5100528156614024,
      "21": 0.08857595622917458
    },
    "tail_index_real": 4.278436214587005,
    "tail_index_fake": 5.095696210110276,
    "tail_index_abs_diff": 0.8172599955232709
  },
  "distances": {
    "marginal_wasserstein_mean": 0.005056643791588386,
    "marginal_wasserstein_max": 0.006480655295587485,