{
  "real_facts": {
    "kurtosis": 4.60339786339658,
    "return_acf": [
      -0.006129896495456233,
      -0.005410572515444318,
      -0.004850442150800915,
      -0.0036463281274129967,
      -0.005386376919333319,
      -0.0031757095684462507,
      -0.0038579477775226357,
      -0.0039151866634744275,
      -0.005292579737192809,
      -0.003945431906172928,
      -0.004851899003124628,
      -0.0046194163631568036,
      -0.005172885457709455,
      -0.004211124507857456,
      -0.003735645228058452,
      -0.0037680503626371766,
      -0.004010344632969521,
      -0.003202785018342763,
      -0.0032783054102908417,
      -0.004305299142885759
    ],
    "absolute_return_acf": [
      0.08947994314640795,
      0.08706221495064048,
      0.08482332847898004,
      0.08305845971378771,
      0.08067919327684936,
      0.07845742851805035,
      0.07822117883161873,
      0.07314431128699136,
      0.07130771041124338,
      0.07008872915004222,
      0.06696331074490364,
      0.06571267470156224,
      0.06297135471751543,
      0.06143142913263746,
      0.058780572831940825,
      0.05806321182989763,
      0.05548740810128411,
      0.053705708316469335,
      0.05131013846360228,
      0.0498567169204288,
      0.04751329320018901,
      0.04666906945559521,
      0.04433729311956561,
      0.04351708917810179,
      0.040605979435813976,
      0.03982570287915335,
      0.03750091418173794,
      0.035092790865346994,
      0.03401017096821067,
      0.0322637376223491,
      0.030973581918145796,
      0.03080148907385584,
      0.027930149354695358,
      0.027127365950542544,
      0.02524615258377359,
      0.023932512169302107,
      0.02233021877941033,
      0.020586613788424087,
      0.01928397702155667,
      0.01715488076489573,
      0.01650369251883455,
      0.014150051520215104,
      0.013640884493037063,
      0.012754180978707456,
      0.011389362354853725,
      0.007673126877138603,
      0.007936203346543302,
      0.00707422777302266,
      0.006542557740364,
      0.00457947612939156
    ],
    "leverage_correlation": [
      -0.03220236985226149,
      -0.030007698100387906,
      -0.031877264599439036,
      -0.030177338239747133,
      -0.029888435813181728,
      -0.028638150486819166,
      -0.02749954963028258,
      -0.027585348466969264,
      -0.02666613555497109,
      -0.025635656995973862
    ],
    "aggregational_kurtosis": {
      "1": 4.60339786339658,
      "5": 4.586748838947848,
      "21": 4.801096172464452
    },
    "tail_index": 4.278436214587005
  },
  "fake_facts": {
    "kurtosis": 4.7809767830622265,
    "return_acf": [
      0.07218779659767327,
      0.026391100322889195,
      0.022878930140223082,
      0.021444785066786227,
      0.02083911122299394,
      0.02015398213190096,
      0.020295485701004645,
      0.018086489858809847,
      0.017823205869135553,
      0.019263952012070814,
      0.017501402213770396,
      0.017440682008769,
      0.01593090191899927,
      0.014319978712912115,
      0.014280891451448315,
      0.01245312784484304,
      0.014236263062988494,
      0.012919234448039137,
      0.012759882300143743,
      0.01210381959800885
    ],
    "absolute_return_acf": [
      0.07026413167442228,
      0.06377374301238468,
      0.060039569206222984,
      0.05839466675980914,
      0.05635371501612909,
      0.05521241650647108,
      0.05302223206195067,
      0.05195966168825376,
      0.05114233249901704,
      0.04825270574421426,
      0.047957219930812055,
      0.04493218149533606,
      0.04421950303493235,
      0.043715209986807294,
      0.03914519999818722,
      0.039692796673369564,
      0.03688573398785703,
      0.03708160791477293,
      0.03582019491545708,
      0.03330639629914256,
      0.03225334828952544,
      0.032366912241235314,
      0.030204686740278798,
      0.03010932817391336,
      0.028203258391087883,
      0.02535819951275648,
      0.025550494296252915,
      0.02488093304022507,
      0.022380295017437317,
      0.02226615892899339,
      0.022208599499974457,
      0.02118373482423931,
      0.01747834743247958,
      0.018024873741740992,
      0.016512238910642893,
      0.015374744088689826,
      0.014075558903332867,
      0.011899629961679882,
      0.01301534145336375,
      0.011456529731240036,
      0.010714694736361932,
      0.011110505401543192,
      0.008411223423817686,
      0.0069325832139104536,
      0.00574467054508371,
      0.005931961739795928,
      0.006642816658938467,
      0.0026389761969745676,
      0.0041706915865555695,
      0.002389520741015485
    ],
    "leverage_correlation": [
      -0.06738244012316569,
      -0.0574996123576788,
      -0.054765599677251156,
      -0.0555854744712708,
      -0.053369804882600014,
      -0.05211751373435681,
      -0.05040278221056715,
      -0.047545244490955915,
      -0.04876439887494162,
      -0.04715127236767369
    ],
    "aggregational_kurtosis": {
      "1": 4.7809767830622265,
      "5": 8.029504875252208,
      "21": 15.48934953174379
    },
    "tail_index": 4.21889422469957
  },
  "stylized_facts_comparison": {
    "kurtosis_real": 4.60339786339658,
    "kurtosis_fake": 4.7809767830622265,
    "kurtosis_abs_diff": 0.17757891966564632,
    "return_acf_l1": 0.02450386247358498,
    "absolute_return_acf_l1": 0.013177793874779829,
    "leverage_correlation_l1": 0.024440619545042837,
    "aggregational_kurtosis_l1": {
      "1": 0.17757891966564632,
      "5": 3.4427560363043597,
      "21": 10.688253359279337
    },
    "tail_index_real": 4.278436214587005,
    "tail_index_fake": 4.21889422469957,
    "tail_index_abs_diff": 0.05954198988743542
  },
  "distances": {
    "marginal_wasserstein_mean": 0.0008305667219292082,
    "marginal_wasserstein_max": 0.0011897599394822265,