{
  "real_facts": {
    "kurtosis": 4.60339786339658,
    "return_acf": [
      -0.006129896495456233,
      -0.005410572515444318,
      -0.004850442150800915,
      -0.0036463281274129967,
      -0.005386376919333319,
      -0.0031757095684462507,
      -0.0038579477775226357,
      -0.0039151866634744275,
      -0.005292579737192809,
      -0.003945431906172928,
      -0.004851899003124628,
      -0.0046194163631568036,
      -0.005172885457709455,
      -0.004211124507857456,
      -0.003735645228058452,
      -0.0037680503626371766,
      -0.004010344632969521,
      -0.003202785018342763,
      -0.0032783054102908417,
      -0.004305299142885759
    ],
    "absolute_return_acf": [
      0.08947994314640795,
      0.08706221495064048,
      0.08482332847898004,
      0.08305845971378771,
      0.08067919327684936,
      0.07845742851805035,
      0.07822117883161873,
      0.07314431128699136,
      0.07130771041124338,
      0.07008872915004222,
      0.06696331074490364,
      0.06571267470156224,
      0.06297135471751543,
      0.06143142913263746,
      0.058780572831940825,
      0.05806321182989763,
      0.05548740810128411,
      0.053705708316469335,
      0.05131013846360228,
      0.0498567169204288,
      0.04751329320018901,
      0.04666906945559521,
      0.04433729311956561,
      0.04351708917810179,
      0.040605979435813976,
      0.03982570287915335,
      0.03750091418173794,
      0.035092790865346994,
      0.03401017096821067,
      0.0322637376223491,
      0.030973581918145796,
      0.03080148907385584,
      0.027930149354695358,
      0.027127365950542544,
      0.02524615258377359,
      0.023932512169302107,
      0.02233021877941033,
      0.020586613788424087,
      0.01928397702155667,
      0.01715488076489573,
      0.01650369251883455,
      0.014150051520215104,
      0.013640884493037063,
      0.012754180978707456,
      0.011389362354853725,
      0.007673126877138603,
      0.007936203346543302,
      0.00707422777302266,
      0.006542557740364,
      0.00457947612939156
    ],
    "leverage_correlation": [
      -0.03220236985226149,
      -0.030007698100387906,
      -0.031877264599439036,
      -0.030177338239747133,
      -0.029888435813181728,
      -0.028638150486819166,
      -0.02749954963028258,
      -0.027585348466969264,
      -0.02666613555497109,
      -0.025635656995973862
    ],
    "aggregational_kurtosis": {
      "1": 4.60339786339658,
      "5": 4.586748838947848,
      "21": 4.801096172464452
    },
    "tail_index": 4.278436214587005
  },
  "fake_facts": {
    "kurtosis": 3.385923562340005,
    "return_acf": [
      0.053737365361259185,
      0.0017840446189034964,
      -0.0027121858229063513,
      -0.0031525025511514775,
      -0.003039470306481661,
      -0.003435741620031525,
      -0.0029058365067587805,
      -0.004207190975857307,
      -0.004292975742888943,
      -0.0024329147310649733,
      -0.0034891176534970134,
      -0.0028150387771416637,
      -0.0041968173689541826,
      -0.004638016850906035,
      -0.004450213389808767,
      -0.005933485810007138,
      -0.0034704274908747453,
      -0.004411728880663183,
      -0.004063307290947312,
      -0.004319476795029789
    ],
    "absolute_return_acf": [
      0.04420039373870326,
      0.04033156290824557,
      0.03732212269203301,
      0.03700003337868671,
      0.035288355883428955,
      0.0329912607666561,
      0.03273213299089044,
      0.03249010360947518,
      0.03104801541740825,
      0.029225173912969984,
      0.029868147203794354,
      0.02710616823699649,
      0.026568030802397436,
      0.02674458640839484,
      0.023419341600942126,
      0.02327503405427402,
      0.021029812717678918,
      0.02332176585841374,
      0.02100151882849727,
      0.020631670735362616,
      0.019355764497711023,
      0.019684762547814982,
      0.01757284444920083,
      0.017323676689994405,
      0.01610413258100661,
      0.014672831519185525,
      0.014730884618182383,
      0.01407563346376127,
      0.012440575723193298,
      0.012033181126624133,
      0.012721214350290996,
      0.01324411082306182,
      0.008639838503439077,
      0.008922963819492487,
      0.0073475596271013015,
      0.006430880494590244,
      0.007652893562785819,
      0.005468210202469523,
      0.0064118043974380826,
      0.006188046393542704,
      0.005601592913818597,
      0.00601238385745286,
      0.0028982629143516066,
      0.002951621107005771,
      0.002281750751729216,
      0.0014490151795289587,
      0.002628214689124438,
      -0.0011353530936286875,
      0.0009177905991298134,
      -0.0013339580276974603
    ],
    "leverage_correlation": [
      -0.031047021437191586,
      -0.017953435666277825,
      -0.016574455081454723,
      -0.018819209854266484,
      -0.016787744032546566,
      -0.016762279926535326,
      -0.015990479198679988,
      -0.013832109851625267,
      -0.01582976676691922,
      -0.015355401909849721
    ],
    "aggregational_kurtosis": {
      "1": 3.385923562340005,
      "5": 3.7723182911682405,
      "21": 4.038712801561554
    },
    "tail_index": 5.243918188218595
  },
  "stylized_facts_comparison": {
    "kurtosis_real": 4.60339786339658,
    "kurtosis_fake": 3.385923562340005,
    "kurtosis_abs_diff": 1.2174743010565754,
    "return_acf_l1": 0.004302764991299868,
    "absolute_return_acf_l1": 0.025413268150813524,
    "leverage_correlation_l1": 0.011122604401468655,
    "aggregational_kurtosis_l1": {
      "1": 1.2174743010565754,
      "5": 0.8144305477796077,
      "21": 0.7623833709028975
    },
    "tail_index_real": 4.278436214587005,
    "tail_index_fake": 5.243918188218595,
    "tail_index_abs_diff": 0.96548197363159
  },
  "distances": {
    "marginal_wasserstein_mean": 0.004663213960558869,
    "marginal_wasserstein_max": 0.00595073918298894,