{
  "real_facts": {
    "kurtosis": 4.60339786339658,
    "return_acf": [
      -0.006129896495456233,
      -0.005410572515444318,
      -0.004850442150800915,
      -0.0036463281274129967,
      -0.005386376919333319,
      -0.0031757095684462507,
      -0.0038579477775226357,
      -0.0039151866634744275,
      -0.005292579737192809,
      -0.003945431906172928,
      -0.004851899003124628,
      -0.0046194163631568036,
      -0.005172885457709455,
      -0.004211124507857456,
      -0.003735645228058452,
      -0.0037680503626371766,
      -0.004010344632969521,
      -0.003202785018342763,
      -0.0032783054102908417,
      -0.004305299142885759
    ],
    "absolute_return_acf": [
      0.08947994314640795,
      0.08706221495064048,
      0.08482332847898004,
      0.08305845971378771,
      0.08067919327684936,
      0.07845742851805035,
      0.07822117883161873,
      0.07314431128699136,
      0.07130771041124338,
      0.07008872915004222,
      0.06696331074490364,
      0.06571267470156224,
      0.06297135471751543,
      0.06143142913263746,
      0.058780572831940825,
      0.05806321182989763,
      0.05548740810128411,
      0.053705708316469335,
      0.05131013846360228,
      0.0498567169204288,
      0.04751329320018901,
      0.04666906945559521,
      0.04433729311956561,
      0.04351708917810179,
      0.040605979435813976,
      0.03982570287915335,
      0.03750091418173794,
      0.035092790865346994,
      0.03401017096821067,
      0.0322637376223491,
      0.030973581918145796,
      0.03080148907385584,
      0.027930149354695358,
      0.027127365950542544,
      0.02524615258377359,
      0.023932512169302107,
      0.02233021877941033,
      0.020586613788424087,
      0.01928397702155667,
      0.01715488076489573,
      0.01650369251883455,
      0.014150051520215104,
      0.013640884493037063,
      0.012754180978707456,
      0.011389362354853725,
      0.007673126877138603,
      0.007936203346543302,
      0.00707422777302266,
      0.006542557740364,
      0.00457947612939156
    ],
    "leverage_correlation": [
      -0.03220236985226149,
      -0.030007698100387906,
      -0.031877264599439036,
      -0.030177338239747133,
      -0.029888435813181728,
      -0.028638150486819166,
      -0.02749954963028258,
      -0.027585348466969264,
      -0.02666613555497109,
      -0.025635656995973862
    ],
    "aggregational_kurtosis": {
      "1": 4.60339786339658,
      "5": 4.586748838947848,
      "21": 4.801096172464452
    },
    "tail_index": 4.278436214587005
  },
  "fake_facts": {
    "kurtosis": 3.3859235617357513,
    "return_acf": [
      0.05373736538075568,
      0.00178404459657872,
      -0.0027121858719801706,
      -0.0031525025510495816,
      -0.0030394702333740435,
      -0.003435741661919927,
      -0.00290583641215253,
      -0.004207190908099392,
      -0.004292975753966754,
      -0.002432914670635857,
      -0.003489117756696335,
      -0.0028150387474627915,
      -0.00419681738919004,
      -0.004638016823606335,
      -0.0044502134185620025,
      -0.005933485819231233,
      -0.003470427474311529,
      -0.004411728882403461,
      -0.004063307299403214,
      -0.004319476809698251
    ],
    "absolute_return_acf": [
      0.042956504116590154,
      0.039622956424639796,
      0.036688141567732,
      0.03622668993847822,
      0.03465575808993096,
      0.032284806962827824,
      0.032065180199030194,
      0.031918596814146716,
      0.030415239843202563,
      0.028665439059222836,
      0.029302676933195403,
      0.026482374442740923,
      0.02608497238672467,
      0.02626482142321816,
      0.022897874803359378,
      0.022752794060965236,
      0.02059466683434887,
      0.022754257702259,
      0.020506462994172976,
      0.020141916916310693,
      0.01879898647686787,
      0.019223555308452444,
      0.017106934995622238,
      0.01700998449334122,
      0.01579027562834953,
      0.014337324889066298,
      0.014365299564760925,
      0.01374027478865249,
      0.012122386744603112,
      0.011630037250029757,
      0.012416814271789324,
      0.012945163970203939,
      0.008430393292016256,
      0.00869806197108667,
      0.007178073728298655,
      0.00633402202325687,
      0.00749858180923743,
      0.005213024317655908,
      0.006325142805681547,
      0.00593179326872687,
      0.005409722328123701,
      0.005871166319730057,
      0.0027798814238607188,
      0.0029263055560295186,
      0.002194766344380731,
      0.0012446558439462138,
      0.002424939609267706,
      -0.0011665527188894776,
      0.0007334490088229518,
      -0.0014305865860803411
    ],
    "leverage_correlation": [
      -0.028828311291936966,
      -0.017968547641081658,
      -0.01675911166631799,
      -0.019028879193731082,
      -0.016978567970371488,
      -0.01699352223458585,
      -0.016179392363268583,
      -0.014097926305515715,
      -0.016080710203905186,
      -0.015537361817260068
    ],
    "aggregational_kurtosis": {
      "1": 3.3859235617357513,
      "5": 3.772318288679491,
      "21": 4.038712804563514
    },
    "tail_index": 5.25129258812205
  },
  "stylized_facts_comparison": {
    "kurtosis_real": 4.60339786339658,
    "kurtosis_fake": 3.3859235617357513,
    "kurtosis_abs_diff": 1.217474301660829,
    "return_acf_l1": 0.004302764996187101,
    "absolute_return_acf_l1": 0.02580371518655279,
    "leverage_correlation_l1": 0.011172561705205867,
    "aggregational_kurtosis_l1": {
      "1": 1.217474301660829,
      "5": 0.8144305502683573,
      "21": 0.762383367900938
    },
    "tail_index_real": 4.278436214587005,
    "tail_index_fake": 5.25129258812205,
    "tail_index_abs_diff": 0.9728563735350448
  },
  "distances": {
    "marginal_wasserstein_mean": 0.0009436279059035672,
    "marginal_wasserstein_max": 0.0015951623989196606,