{
  "real_facts": {
    "kurtosis": 4.60339786339658,
    "return_acf": [
      -0.006129896495456233,
      -0.005410572515444318,
      -0.004850442150800915,
      -0.0036463281274129967,
      -0.005386376919333319,
      -0.0031757095684462507,
      -0.0038579477775226357,
      -0.0039151866634744275,
      -0.005292579737192809,
      -0.003945431906172928,
      -0.004851899003124628,
      -0.0046194163631568036,
      -0.005172885457709455,
      -0.004211124507857456,
      -0.003735645228058452,
      -0.0037680503626371766,
      -0.004010344632969521,
      -0.003202785018342763,
      -0.0032783054102908417,
      -0.004305299142885759
    ],
    "absolute_return_acf": [
      0.08947994314640795,
      0.08706221495064048,
      0.08482332847898004,
      0.08305845971378771,
      0.08067919327684936,
      0.07845742851805035,
      0.07822117883161873,
      0.07314431128699136,
      0.07130771041124338,
      0.07008872915004222,
      0.06696331074490364,
      0.06571267470156224,
      0.06297135471751543,
      0.06143142913263746,
      0.058780572831940825,
      0.05806321182989763,
      0.05548740810128411,
      0.053705708316469335,
      0.05131013846360228,
      0.0498567169204288,
      0.04751329320018901,
      0.04666906945559521,
      0.04433729311956561,
      0.04351708917810179,
      0.040605979435813976,
      0.03982570287915335,
      0.03750091418173794,
      0.035092790865346994,
      0.03401017096821067,
      0.0322637376223491,
      0.030973581918145796,
      0.03080148907385584,
      0.027930149354695358,
      0.027127365950542544,
      0.02524615258377359,
      0.023932512169302107,
      0.02233021877941033,
      0.020586613788424087,
      0.01928397702155667,
      0.01715488076489573,
      0.01650369251883455,
      0.014150051520215104,
      0.013640884493037063,
      0.012754180978707456,
      0.011389362354853725,
      0.007673126877138603,
      0.007936203346543302,
      0.00707422777302266,
      0.006542557740364,
      0.00457947612939156
    ],
    "leverage_correlation": [
      -0.03220236985226149,
      -0.030007698100387906,
      -0.031877264599439036,
      -0.030177338239747133,
      -0.029888435813181728,
      -0.028638150486819166,
      -0.02749954963028258,
      -0.027585348466969264,
      -0.02666613555497109,
      -0.025635656995973862
    ],
    "aggregational_kurtosis": {
      "1": 4.60339786339658,
      "5": 4.586748838947848,
      "21": 4.801096172464452
    },
    "tail_index": 4.278436214587005
  },
  "fake_facts": {
    "kurtosis": 4.593499112702975,
    "return_acf": [
      0.05124595734473577,
      0.01745547581277131,
      0.015474432889790236,
      0.014399760321718757,
      0.013930910381244664,
      0.013435729654401228,
      0.013742549627965615,
      0.011703989264314115,
      0.01158961089354429,
      0.013214885677242091,
      0.011586565323083239,
      0.011739722267635852,
      0.01036101355478515,
      0.00893173364277465,
      0.009068856633501564,
      0.0073360484912266145,
      0.009318471267753531,
      0.008098380096702289,
      0.008111606739310311,
      0.007583225198261448
    ],
    "absolute_return_acf": [
      0.07024029762191905,
      0.0667110199974058,
      0.06317911532502213,
      0.0615136276095103,
      0.059341504573121366,
      0.0579015351182616,
      0.05573794962092559,
      0.0546450677592526,
      0.05368880253090172,
      0.050858698136597,
      0.05027370347797692,
      0.047230781770199126,
      0.04654856053987555,
      0.0458710016194112,
      0.04126193845735878,
      0.04170573726144163,
      0.038894181334420484,
      0.039047417256720125,
      0.03758469177469419,
      0.03510402654094275,
      0.033908458981520825,
      0.034050670724542216,
      0.03173860306691068,
      0.03157631556546162,
      0.029764748774145585,
      0.026877092241842804,
      0.026984991849519507,
      0.026195066125604023,
      0.023595823910431225,
      0.023344734709789025,
      0.023258674564267976,
      0.02236692173597825,
      0.018375744299712927,
      0.018930269330790235,
      0.017235887567417913,
      0.016108290234945755,
      0.014783909867907695,
      0.012555587122420322,
      0.013692137795368218,
      0.012209314076308726,
      0.011296483534087493,
      0.01170116881617715,
      0.008829202355422942,
      0.007354118774541513,
      0.006171627934494835,
      0.006270929345283465,
      0.00689946618655641,
      0.0027864405627180504,
      0.0044338234721684605,
      0.0024102304784815167
    ],
    "leverage_correlation": [
      -0.05848307381012088,
      -0.0515398951233234,
      -0.04953567343857165,
      -0.05058175422702087,
      -0.04850766244262693,
      -0.04732104043449294,
      -0.04567972409866003,
      -0.043013503871507236,
      -0.04428688952825449,
      -0.04282614278084344
    ],
    "aggregational_kurtosis": {
      "1": 4.593499112702975,
      "5": 6.636834814991503,
      "21": 12.084921275339132
    },
    "tail_index": 4.3135087088555775
  },
  "stylized_facts_comparison": {
    "kurtosis_real": 4.60339786339658,
    "kurtosis_fake": 4.593499112702975,
    "kurtosis_abs_diff": 0.009898750693604796,
    "return_acf_l1": 0.01775475760355262,
    "absolute_return_acf_l1": 0.011730107544737037,
    "leverage_correlation_l1": 0.01915974120153886,
    "aggregational_kurtosis_l1": {
      "1": 0.009898750693604796,
      "5": 2.050085976043655,
      "21": 7.2838251028746805
    },
    "tail_index_real": 4.278436214587005,
    "tail_index_fake": 4.3135087088555775,
    "tail_index_abs_diff": 0.035072494268572285
  },
  "distances": {
    "marginal_wasserstein_mean": 0.000749383378968259,
    "marginal_wasserstein_max": 0.001318673300627029,