{
  "real_facts": {
    "kurtosis": 4.60339786339658,
    "return_acf": [
      -0.006129896495456233,
      -0.005410572515444318,
      -0.004850442150800915,
      -0.0036463281274129967,
      -0.005386376919333319,
      -0.0031757095684462507,
      -0.0038579477775226357,
      -0.0039151866634744275,
      -0.005292579737192809,
      -0.003945431906172928,
      -0.004851899003124628,
      -0.0046194163631568036,
      -0.005172885457709455,
      -0.004211124507857456,
      -0.003735645228058452,
      -0.0037680503626371766,
      -0.004010344632969521,
      -0.003202785018342763,
      -0.0032783054102908417,
      -0.004305299142885759
    ],
    "absolute_return_acf": [
      0.08947994314640795,
      0.08706221495064048,
      0.08482332847898004,
      0.08305845971378771,
      0.08067919327684936,
      0.07845742851805035,
      0.07822117883161873,
      0.07314431128699136,
      0.07130771041124338,
      0.07008872915004222,
      0.06696331074490364,
      0.06571267470156224,
      0.06297135471751543,
      0.06143142913263746,
      0.058780572831940825,
      0.05806321182989763,
      0.05548740810128411,
      0.053705708316469335,
      0.05131013846360228,
      0.0498567169204288,
      0.04751329320018901,
      0.04666906945559521,
      0.04433729311956561,
      0.04351708917810179,
      0.040605979435813976,
      0.03982570287915335,
      0.03750091418173794,
      0.035092790865346994,
      0.03401017096821067,
      0.0322637376223491,
      0.030973581918145796,
      0.03080148907385584,
      0.027930149354695358,
      0.027127365950542544,
      0.02524615258377359,
      0.023932512169302107,
      0.02233021877941033,
      0.020586613788424087,
      0.01928397702155667,
      0.01715488076489573,
      0.01650369251883455,
      0.014150051520215104,
      0.013640884493037063,
      0.012754180978707456,
      0.011389362354853725,
      0.007673126877138603,
      0.007936203346543302,
      0.00707422777302266,
      0.006542557740364,
      0.00457947612939156
    ],
    "leverage_correlation": [
      -0.03220236985226149,
      -0.030007698100387906,
      -0.031877264599439036,
      -0.030177338239747133,
      -0.029888435813181728,
      -0.028638150486819166,
      -0.02749954963028258,
      -0.027585348466969264,
      -0.02666613555497109,
      -0.025635656995973862
    ],
    "aggregational_kurtosis": {
      "1": 4.60339786339658,
      "5": 4.586748838947848,
      "21": 4.801096172464452
    },
    "tail_index": 4.278436214587005
  },
  "fake_facts": {
    "kurtosis": 4.780976782463402,
    "return_acf": [
      0.07218779648843013,
      0.026391100239830958,
      0.022878930187249,
      0.021444785049500117,
      0.02083911125652634,
      0.020153982204947078,
      0.020295485661375196,
      0.018086489801408968,
      0.017823205911087867,
      0.019263951970252345,
      0.017501402102174973,
      0.017440681916112945,
      0.015930901826477405,
      0.014319978683349558,
      0.014280891421584088,
      0.01245312790392099,
      0.014236263093281997,
      0.012919234433947383,
      0.012759882277080593,
      0.0121038195725602
    ],
    "absolute_return_acf": [
      0.08600279349550186,
      0.07751270686407892,
      0.07305219104201749,
      0.0715300777867169,
      0.06889417454416978,
      0.06745061349275928,
      0.06506842849334891,
      0.06350340929380023,
      0.06247725152872683,
      0.05921817554932926,
      0.05847699459186991,
      0.05552224642591433,
      0.053776302286566796,
      0.053292783942980225,
      0.04852673518295336,
      0.04895436325160331,
      0.04548991517289953,
      0.04590583373373785,
      0.04377382903052586,
      0.04137080171541675,
      0.040429404025461385,
      0.039727936407765195,
      0.03737380298303525,
      0.036537818280971995,
      0.0346859184402543,
      0.031685959287456225,
      0.031722886137910807,
      0.03076079312587939,
      0.027950575499090417,
      0.02769149627978887,
      0.02699673288796031,
      0.026277832133841696,
      0.02225584595305908,
      0.022590831235031528,
      0.020535827428987533,
      0.019096653529253577,
      0.017987227103100217,
      0.0156881486774909,
      0.016207548959197102,
      0.014621887426477506,
      0.013728593895661672,
      0.013784754886115053,
      0.010639829281649643,
      0.008716588469555989,
      0.0074860772512322015,
      0.007867428011073041,
      0.008424699788288272,
      0.004161098428426978,
      0.005736128081805324,
      0.003275551053487111
    ],
    "leverage_correlation": [
      -0.0758669673192204,
      -0.05952921857965528,
      -0.056507080462460384,
      -0.05704454744591689,
      -0.05490299238352168,
      -0.053476963328717486,
      -0.05183220761125942,
      -0.04862690135221379,
      -0.0498609531798161,
      -0.04848662334334501
    ],
    "aggregational_kurtosis": {
      "1": 4.780976782463402,
      "5": 8.02950489090363,
      "21": 15.489349620898462
    },
    "tail_index": 4.119875591884018
  },
  "stylized_facts_comparison": {
    "kurtosis_real": 4.60339786339658,
    "kurtosis_fake": 4.780976782463402,
    "kurtosis_abs_diff": 0.17757891906682222,
    "return_acf_l1": 0.02450386244946939,
    "absolute_return_acf_l1": 0.006329437246895197,
    "leverage_correlation_l1": 0.026595650726609316,
    "aggregational_kurtosis_l1": {
      "1": 0.17757891906682222,
      "5": 3.442756051955781,
      "21": 10.688253448434011
    },
    "tail_index_real": 4.278436214587005,
    "tail_index_fake": 4.119875591884018,
    "tail_index_abs_diff": 0.15856062270298743
  },
  "distances": {
    "marginal_wasserstein_mean": 0.0017700401717996254,
    "marginal_wasserstein_max": 0.0023764902965634797,