{
  "real_facts": {
    "kurtosis": 4.60339786339658,
    "return_acf": [
      -0.006129896495456233,
      -0.005410572515444318,
      -0.004850442150800915,
      -0.0036463281274129967,
      -0.005386376919333319,
      -0.0031757095684462507,
      -0.0038579477775226357,
      -0.0039151866634744275,
      -0.005292579737192809,
      -0.003945431906172928,
      -0.004851899003124628,
      -0.0046194163631568036,
      -0.005172885457709455,
      -0.004211124507857456,
      -0.003735645228058452,
      -0.0037680503626371766,
      -0.004010344632969521,
      -0.003202785018342763,
      -0.0032783054102908417,
      -0.004305299142885759
    ],
    "absolute_return_acf": [
      0.08947994314640795,
      0.08706221495064048,
      0.08482332847898004,
      0.08305845971378771,
      0.08067919327684936,
      0.07845742851805035,
      0.07822117883161873,
      0.07314431128699136,
      0.07130771041124338,
      0.07008872915004222,
      0.06696331074490364,
      0.06571267470156224,
      0.06297135471751543,
      0.06143142913263746,
      0.058780572831940825,
      0.05806321182989763,
      0.05548740810128411,
      0.053705708316469335,
      0.05131013846360228,
      0.0498567169204288,
      0.04751329320018901,
      0.04666906945559521,
      0.04433729311956561,
      0.04351708917810179,
      0.040605979435813976,
      0.03982570287915335,
      0.03750091418173794,
      0.035092790865346994,
      0.03401017096821067,
      0.0322637376223491,
      0.030973581918145796,
      0.03080148907385584,
      0.027930149354695358,
      0.027127365950542544,
      0.02524615258377359,
      0.023932512169302107,
      0.02233021877941033,
      0.020586613788424087,
      0.01928397702155667,
      0.01715488076489573,
      0.01650369251883455,
      0.014150051520215104,
      0.013640884493037063,
      0.012754180978707456,
      0.011389362354853725,
      0.007673126877138603,
      0.007936203346543302,
      0.00707422777302266,
      0.006542557740364,
      0.00457947612939156
    ],
    "leverage_correlation": [
      -0.03220236985226149,
      -0.030007698100387906,
      -0.031877264599439036,
      -0.030177338239747133,
      -0.029888435813181728,
      -0.028638150486819166,
      -0.02749954963028258,
      -0.027585348466969264,
      -0.02666613555497109,
      -0.025635656995973862
    ],
    "aggregational_kurtosis": {
      "1": 4.60339786339658,
      "5": 4.586748838947848,
      "21": 4.801096172464452
    },
    "tail_index": 4.278436214587005
  },
  "fake_facts": {
    "kurtosis": 4.59349912270956,
    "return_acf": [
      0.05124595737024288,
      0.017455475750418982,
      0.01547443287621472,
      0.014399760299992003,
      0.013930910479161424,
      0.013435729675198372,
      0.013742549719725482,
      0.01170398936137592,
      0.011589610856379287,
      0.013214885678514674,
      0.01158656529272775,
      0.011739722228957519,
      0.010361013565052335,
      0.008931733805726644,
      0.009068856715389354,
      0.007336048469831634,
      0.009318471322593596,
      0.0080983801435259,
      0.00811160683482917,
      0.007583225199706352
    ],
    "absolute_return_acf": [
      0.08116199284761877,
      0.07647931421293776,
      0.07243016287419506,
      0.0709636917803341,
      0.06833326445416203,
      0.06671465607893218,
      0.06434307261767876,
      0.06289328996095002,
      0.06184744400172417,
      0.058672245868424816,
      0.05781068570479355,
      0.0548407047265698,
      0.05336086007717511,
      0.05275022702539909,
      0.04794180282988598,
      0.04833752034213875,
      0.0450194848829137,
      0.04536104180472954,
      0.043242977143205186,
      0.04088468748868534,
      0.03978055691828331,
      0.03928934631091976,
      0.03684830260457172,
      0.03613785826701027,
      0.03433838857564665,
      0.03137076565314913,
      0.031391653495518056,
      0.030429669000240217,
      0.02758646931617252,
      0.027246922754247685,
      0.026633443962018437,
      0.026003429174747503,
      0.021756182962747023,
      0.02216779343975484,
      0.02009771298145508,
      0.018699525148518713,
      0.017549756821192825,
      0.015296943611496501,
      0.015962657884308933,
      0.014448129798771029,
      0.013483494293831938,
      0.013613065571767939,
      0.010410648344836865,
      0.008560106743734733,
      0.007362593054449495,
      0.007674150054897757,
      0.008179953735278979,
      0.0038050932050737066,
      0.005549734011117441,
      0.003056286270568528
    ],
    "leverage_correlation": [
      -0.06317921488519,
      -0.05250004454281335,
      -0.050398608779157895,
      -0.05125048110478789,
      -0.04924828606913194,
      -0.04793646127962703,
      -0.04637374755747525,
      -0.04343275244568803,
      -0.04473735706821579,
      -0.043474131300772136
    ],
    "aggregational_kurtosis": {
      "1": 4.59349912270956,
      "5": 6.636834843830158,
      "21": 12.084921335642587
    },
    "tail_index": 4.233540474637913
  },
  "stylized_facts_comparison": {
    "kurtosis_real": 4.60339786339658,
    "kurtosis_fake": 4.59349912270956,
    "kurtosis_abs_diff": 0.009898740687019902,
    "return_acf_l1": 0.017754757631692687,
    "absolute_return_acf_l1": 0.0068384311202367085,
    "leverage_correlation_l1": 0.020235313729282604,
    "aggregational_kurtosis_l1": {
      "1": 0.009898740687019902,
      "5": 2.05008600488231,
      "21": 7.283825163178135
    },
    "tail_index_real": 4.278436214587005,
    "tail_index_fake": 4.233540474637913,
    "tail_index_abs_diff": 0.04489573994909257
  },
  "distances": {
    "marginal_wasserstein_mean": 0.0020555670963203995,
    "marginal_wasserstein_max": 0.0026875930235452923,