{
  "real_facts": {
    "kurtosis": 4.60339786339658,
    "return_acf": [
      -0.006129896495456233,
      -0.005410572515444318,
      -0.004850442150800915,
      -0.0036463281274129967,
      -0.005386376919333319,
      -0.0031757095684462507,
      -0.0038579477775226357,
      -0.0039151866634744275,
      -0.005292579737192809,
      -0.003945431906172928,
      -0.004851899003124628,
      -0.0046194163631568036,
      -0.005172885457709455,
      -0.004211124507857456,
      -0.003735645228058452,
      -0.0037680503626371766,
      -0.004010344632969521,
      -0.003202785018342763,
      -0.0032783054102908417,
      -0.004305299142885759
    ],
    "absolute_return_acf": [
      0.08947994314640795,
      0.08706221495064048,
      0.08482332847898004,
      0.08305845971378771,
      0.08067919327684936,
      0.07845742851805035,
      0.07822117883161873,
      0.07314431128699136,
      0.07130771041124338,
      0.07008872915004222,
      0.06696331074490364,
      0.06571267470156224,
      0.06297135471751543,
      0.06143142913263746,
      0.058780572831940825,
      0.05806321182989763,
      0.05548740810128411,
      0.053705708316469335,
      0.05131013846360228,
      0.0498567169204288,
      0.04751329320018901,
      0.04666906945559521,
      0.04433729311956561,
      0.04351708917810179,
      0.040605979435813976,
      0.03982570287915335,
      0.03750091418173794,
      0.035092790865346994,
      0.03401017096821067,
      0.0322637376223491,
      0.030973581918145796,
      0.03080148907385584,
      0.027930149354695358,
      0.027127365950542544,
      0.02524615258377359,
      0.023932512169302107,
      0.02233021877941033,
      0.020586613788424087,
      0.01928397702155667,
      0.01715488076489573,
      0.01650369251883455,
      0.014150051520215104,
      0.013640884493037063,
      0.012754180978707456,
      0.011389362354853725,
      0.007673126877138603,
      0.007936203346543302,
      0.00707422777302266,
      0.006542557740364,
      0.00457947612939156
    ],
    "leverage_correlation": [
      -0.03220236985226149,
      -0.030007698100387906,
      -0.031877264599439036,
      -0.030177338239747133,
      -0.029888435813181728,
      -0.028638150486819166,
      -0.02749954963028258,
      -0.027585348466969264,
      -0.02666613555497109,
      -0.025635656995973862
    ],
    "aggregational_kurtosis": {
      "1": 4.60339786339658,
      "5": 4.586748838947848,
      "21": 4.801096172464452
    },
    "tail_index": 4.278436214587005
  },
  "fake_facts": {
    "kurtosis": 3.4942816571241133,
    "return_acf": [
      0.05424325588237919,
      0.003301860118290155,
      -0.001038183733712868,
      -0.0014880206013295823,
      -0.0014343878403876402,
      -0.0018751726316705156,
      -0.001391942159266311,
      -0.0027184666929052836,
      -0.0028149485872514288,
      -0.0009179105416645046,
      -0.002007807110465716,
      -0.0014113287147623425,
      -0.0028741742917224302,
      -0.0034084652714879977,
      -0.0031667783935353665,
      -0.004602804530450947,
      -0.0022063857408507605,
      -0.0032405022615874172,
      -0.002914978015245305,
      -0.003214847343410136
    ],
    "absolute_return_acf": [
      0.05693017325611182,
      0.05301063993668,
      0.04983002634515851,
      0.04887550405649639,
      0.047096461327628444,
      0.04446605593731945,
      0.043585397208926534,
      0.04325670252849506,
      0.04153932607712597,
      0.039405962583317425,
      0.03959912596068548,
      0.036522758252886665,
      0.035877565855602755,
      0.03567373558808735,
      0.031946364529720474,
      0.03179886711183332,
      0.029138418751734105,
      0.030997596134258152,
      0.028512628395695884,
      0.02773965509559468,
      0.02614959094610816,
      0.026338670265597785,
      0.023907583904698763,
      0.023814113233285947,
      0.02239536974085214,
      0.020464258973501574,
      0.020255245473915263,
      0.019408949686505646,
      0.017434744340078648,
      0.01679803152518878,
      0.017280608889525748,
      0.017631966674974495,
      0.012883408027920708,
      0.012967569542731663,
      0.01132217507457703,
      0.0102463533808058,
      0.011048376281534513,
      0.008652932141734756,
      0.009537989217460076,
      0.008885959052646275,
      0.00821363910419208,
      0.008514666850446785,
      0.005298821250091327,
      0.005103640909066493,
      0.004291625010889581,
      0.0031854658722900594,
      0.0041399051412878834,
      0.00041302008492466094,
      0.0020414367983725376,
      -0.00018588929321167687
    ],
    "leverage_correlation": [
      -0.04223822249359479,
      -0.024728953165067,
      -0.022842369517776885,
      -0.024989972504240513,
      -0.022832055344168576,
      -0.022632626964840242,
      -0.02170531087538697,
      -0.019445672112336696,
      -0.02133939459968885,
      -0.020678462679342424
    ],
    "aggregational_kurtosis": {
      "1": 3.4942816571241133,
      "5": 4.076696024454014,
      "21": 4.7125202134593245
    },
    "tail_index": 5.126160910424503
  },
  "stylized_facts_comparison": {
    "kurtosis_real": 4.60339786339658,
    "kurtosis_fake": 3.4942816571241133,
    "kurtosis_abs_diff": 1.1091162062724669,
    "return_acf_l1": 0.0051664590674684666,
    "absolute_return_acf_l1": 0.019106171530645505,
    "leverage_correlation_l1": 0.006681661276625691,
    "aggregational_kurtosis_l1": {
      "1": 1.1091162062724669,
      "5": 0.5100528144938341,
      "21": 0.08857595900512738
    },
    "tail_index_real": 4.278436214587005,
    "tail_index_fake": 5.126160910424503,
    "tail_index_abs_diff": 0.8477246958374982
  },
  "distances": {
    "marginal_wasserstein_mean": 0.00087594382288607,
    "marginal_wasserstein_max": 0.0015969958779686918,