{
  "real_facts": {
    "kurtosis": 4.60339786339658,
    "return_acf": [
      -0.006129896495456233,
      -0.005410572515444318,
      -0.004850442150800915,
      -0.0036463281274129967,
      -0.005386376919333319,
      -0.0031757095684462507,
      -0.0038579477775226357,
      -0.0039151866634744275,
      -0.005292579737192809,
      -0.003945431906172928,
      -0.004851899003124628,
      -0.0046194163631568036,
      -0.005172885457709455,
      -0.004211124507857456,
      -0.003735645228058452,
      -0.0037680503626371766,
      -0.004010344632969521,
      -0.003202785018342763,
      -0.0032783054102908417,
      -0.004305299142885759
    ],
    "absolute_return_acf": [
      0.08947994314640795,
      0.08706221495064048,
      0.08482332847898004,
      0.08305845971378771,
      0.08067919327684936,
      0.07845742851805035,
      0.07822117883161873,
      0.07314431128699136,
      0.07130771041124338,
      0.07008872915004222,
      0.06696331074490364,
      0.06571267470156224,
      0.06297135471751543,
      0.06143142913263746,
      0.058780572831940825,
      0.05806321182989763,
      0.05548740810128411,
      0.053705708316469335,
      0.05131013846360228,
      0.0498567169204288,
      0.04751329320018901,
      0.04666906945559521,
      0.04433729311956561,
      0.04351708917810179,
      0.040605979435813976,
      0.03982570287915335,
      0.03750091418173794,
      0.035092790865346994,
      0.03401017096821067,
      0.0322637376223491,
      0.030973581918145796,
      0.03080148907385584,
      0.027930149354695358,
      0.027127365950542544,
      0.02524615258377359,
      0.023932512169302107,
      0.02233021877941033,
      0.020586613788424087,
      0.01928397702155667,
      0.01715488076489573,
      0.01650369251883455,
      0.014150051520215104,
      0.013640884493037063,
      0.012754180978707456,
      0.011389362354853725,
      0.007673126877138603,
      0.007936203346543302,
      0.00707422777302266,
      0.006542557740364,
      0.00457947612939156
    ],
    "leverage_correlation": [
      -0.03220236985226149,
      -0.030007698100387906,
      -0.031877264599439036,
      -0.030177338239747133,
      -0.029888435813181728,
      -0.028638150486819166,
      -0.02749954963028258,
      -0.027585348466969264,
      -0.02666613555497109,
      -0.025635656995973862
    ],
    "aggregational_kurtosis": {
      "1": 4.60339786339658,
      "5": 4.586748838947848,
      "21": 4.801096172464452
    },
    "tail_index": 4.278436214587005
  },
  "fake_facts": {
    "kurtosis": 4.206523051414813,
    "return_acf": [
      0.04930370282763699,
      -0.0014007657763525393,
      -0.0036411663719560644,
      -0.004555234570177216,
      -0.004928726648458921,
      -0.004752186808752089,
      -0.004354140307433066,
      -0.004195637271380739,
      -0.0036455655846437366,
      -0.004403535546140708,
      -0.004599498534429296,
      -0.004481756829229781,
      -0.004182443273620579,
      -0.004316865325392573,
      -0.004554592411063959,
      -0.00500613412892671,
      -0.004856551332084556,
      -0.00401354834326019,
      -0.004528266170510902,
      -0.004998816779596943
    ],
    "absolute_return_acf": [
      0.16635136826537686,
      0.15310841631929192,
      0.14840069940166087,
      0.14439313623070374,
      0.1401230262399448,
      0.1361423585446586,
      0.13247942662232395,
      0.12772150596384885,
      0.12379649246864442,
      0.12142085230374156,
      0.1167815237225067,
      0.11342368217217723,
      0.1090244058699043,
      0.10597520139755609,
      0.10210750185891819,
      0.09837399269155232,
      0.09496193115246442,
      0.09174897331516048,
      0.08850124272774518,
      0.0852056950507748,
      0.08148186376291203,
      0.07893267867807253,
      0.07597347547083107,
      0.07282313917155167,
      0.0694367376559959,
      0.0661882003689268,
      0.06329601458818981,
      0.06029226372214687,
      0.05788578115955084,
      0.05528625331889233,
      0.051693952147984557,
      0.04941543083133051,
      0.047221887750396346,
      0.04386723745368184,
      0.04081888497636146,
      0.0393605173025934,
      0.037403314228756,
      0.03468192913831058,
      0.03254390005900796,
      0.02952072247701018,
      0.02783551041662792,
      0.025142152311762096,
      0.02315619465298632,
      0.020766383594967273,
      0.01841010743870826,
      0.016854567897801993,
      0.015125611562036059,
      0.013190814305101788,
      0.0108122173573848,
      0.008525514174753944
    ],
    "leverage_correlation": [
      -0.09059614885713302,
      -0.029383591576305334,
      -0.02441976845909463,
      -0.02436305065911108,
      -0.023370245644559338,
      -0.023571333249844974,
      -0.02274479265585521,
      -0.02214146972627471,
      -0.02110837311182657,
      -0.021910588645761554
    ],
    "aggregational_kurtosis": {
      "1": 4.206523051414813,
      "5": 5.4505551813540976,
      "21": 5.734456596788324
    },
    "tail_index": 4.6662547063739375
  },
  "stylized_facts_comparison": {
    "kurtosis_real": 4.60339786339658,
    "kurtosis_fake": 4.206523051414813,
    "kurtosis_abs_diff": 0.39687481198176755,
    "return_acf_l1": 0.0036810599549906503,
    "absolute_return_acf_l1": 0.03076865841451923,
    "leverage_correlation_l1": 0.01033561431640099,
    "aggregational_kurtosis_l1": {
      "1": 0.39687481198176755,
      "5": 0.8638063424062494,
      "21": 0.9333604243238725
    },
    "tail_index_real": 4.278436214587005,
    "tail_index_fake": 4.6662547063739375,
    "tail_index_abs_diff": 0.3878184917869323
  },
  "distances": {
    "marginal_wasserstein_mean": 0.00744744325163692,
    "marginal_wasserstein_max": 0.009810355834266397,