{
  "real_facts": {
    "kurtosis": 4.60339786339658,
    "return_acf": [
      -0.006129896495456233,
      -0.005410572515444318,
      -0.004850442150800915,
      -0.0036463281274129967,
      -0.005386376919333319,
      -0.0031757095684462507,
      -0.0038579477775226357,
      -0.0039151866634744275,
      -0.005292579737192809,
      -0.003945431906172928,
      -0.004851899003124628,
      -0.0046194163631568036,
      -0.005172885457709455,
      -0.004211124507857456,
      -0.003735645228058452,
      -0.0037680503626371766,
      -0.004010344632969521,
      -0.003202785018342763,
      -0.0032783054102908417,
      -0.004305299142885759
    ],
    "absolute_return_acf": [
      0.08947994314640795,
      0.08706221495064048,
      0.08482332847898004,
      0.08305845971378771,
      0.08067919327684936,
      0.07845742851805035,
      0.07822117883161873,
      0.07314431128699136,
      0.07130771041124338,
      0.07008872915004222,
      0.06696331074490364,
      0.06571267470156224,
      0.06297135471751543,
      0.06143142913263746,
      0.058780572831940825,
      0.05806321182989763,
      0.05548740810128411,
      0.053705708316469335,
      0.05131013846360228,
      0.0498567169204288,
      0.04751329320018901,
      0.04666906945559521,
      0.04433729311956561,
      0.04351708917810179,
      0.040605979435813976,
      0.03982570287915335,
      0.03750091418173794,
      0.035092790865346994,
      0.03401017096821067,
      0.0322637376223491,
      0.030973581918145796,
      0.03080148907385584,
      0.027930149354695358,
      0.027127365950542544,
      0.02524615258377359,
      0.023932512169302107,
      0.02233021877941033,
      0.020586613788424087,
      0.01928397702155667,
      0.01715488076489573,
      0.01650369251883455,
      0.014150051520215104,
      0.013640884493037063,
      0.012754180978707456,
      0.011389362354853725,
      0.007673126877138603,
      0.007936203346543302,
      0.00707422777302266,
      0.006542557740364,
      0.00457947612939156
    ],
    "leverage_correlation": [
      -0.03220236985226149,
      -0.030007698100387906,
      -0.031877264599439036,
      -0.030177338239747133,
      -0.029888435813181728,
      -0.028638150486819166,
      -0.02749954963028258,
      -0.027585348466969264,
      -0.02666613555497109,
      -0.025635656995973862
    ],
    "aggregational_kurtosis": {
      "1": 4.60339786339658,
      "5": 4.586748838947848,
      "21": 4.801096172464452
    },
    "tail_index": 4.278436214587005
  },
  "fake_facts": {
    "kurtosis": 4.206523051887857,
    "return_acf": [
      0.049303702798123634,
      -0.001400765809654578,
      -0.0036411663778524966,
      -0.0045552345742446015,
      -0.004928726652801053,
      -0.004752186825357675,
      -0.0043541403303676415,
      -0.004195637258488619,
      -0.0036455655704779977,
      -0.004403535553185241,
      -0.004599498533553023,
      -0.004481756817804178,
      -0.004182443290453397,
      -0.004316865344491077,
      -0.004554592434774907,
      -0.005006134139202502,
      -0.004856551295660447,
      -0.00401354834168958,
      -0.004528266230404792,
      -0.004998816772898826
    ],
    "absolute_return_acf": [
      0.16342568464535592,
      0.15209782536243166,
      0.14747591538336846,
      0.14354784638675844,
      0.139325527562487,
      0.13534180964735537,
      0.13171437544276363,
      0.1270018427002846,
      0.12307237334277675,
      0.12070566690509686,
      0.11607670493818746,
      0.11276860925597505,
      0.10842793855733802,
      0.10537203669013848,
      0.10152582183065861,
      0.09783861512470801,
      0.094409849423117,
      0.09126286884171803,
      0.08804862618389783,
      0.08473433500102341,
      0.0810293844008649,
      0.07855045918245136,
      0.07556364194253101,
      0.0724408608405024,
      0.06907037983141194,
      0.06591955370288158,
      0.06298287768700676,
      0.060007410584799505,
      0.05755770345008797,
      0.05497221669586313,
      0.0514363763861103,
      0.04916388905086659,
      0.04697213442256111,
      0.043602168917100864,
      0.04056058049704418,
      0.039184037185187086,
      0.037264195428534916,
      0.03454316678657936,
      0.03245402472443131,
      0.029368798548006624,
      0.027718849928921246,
      0.025089122430866865,
      0.023062389707946614,
      0.020671994403180124,
      0.018358000250542086,
      0.01678298334684428,
      0.015069536546229716,
      0.013156325811074728,
      0.010732134372342522,
      0.008533298742886457
    ],
    "leverage_correlation": [
      -0.08903903239289461,
      -0.029616063327214646,
      -0.024701871724587057,
      -0.024679411574292393,
      -0.023710326680652996,
      -0.02389445141999511,
      -0.02304742605193834,
      -0.02242909622995552,
      -0.021349057286083523,
      -0.022198001784530682
    ],
    "aggregational_kurtosis": {
      "1": 4.206523051887857,
      "5": 5.450555181248653,
      "21": 5.734456602761812
    },
    "tail_index": 4.677347741370015
  },
  "stylized_facts_comparison": {
    "kurtosis_real": 4.60339786339658,
    "kurtosis_fake": 4.206523051887857,
    "kurtosis_abs_diff": 0.39687481150872284,
    "return_acf_l1": 0.0036810599571220058,
    "absolute_return_acf_l1": 0.030328819989269427,
    "leverage_correlation_l1": 0.009918653434915463,
    "aggregational_kurtosis_l1": {
      "1": 0.39687481150872284,
      "5": 0.8638063423008049,
      "21": 0.9333604302973599
    },
    "tail_index_real": 4.278436214587005,
    "tail_index_fake": 4.677347741370015,
    "tail_index_abs_diff": 0.3989115267830101
  },
  "distances": {
    "marginal_wasserstein_mean": 0.0005383917249651582,
    "marginal_wasserstein_max": 0.0015460969509865038,