{
  "real_facts": {
    "kurtosis": 4.60339786339658,
    "return_acf": [
      -0.006129896495456233,
      -0.005410572515444318,
      -0.004850442150800915,
      -0.0036463281274129967,
      -0.005386376919333319,
      -0.0031757095684462507,
      -0.0038579477775226357,
      -0.0039151866634744275,
      -0.005292579737192809,
      -0.003945431906172928,
      -0.004851899003124628,
      -0.0046194163631568036,
      -0.005172885457709455,
      -0.004211124507857456,
      -0.003735645228058452,
      -0.0037680503626371766,
      -0.004010344632969521,
      -0.003202785018342763,
      -0.0032783054102908417,
      -0.004305299142885759
    ],
    "absolute_return_acf": [
      0.08947994314640795,
      0.08706221495064048,
      0.08482332847898004,
      0.08305845971378771,
      0.08067919327684936,
      0.07845742851805035,
      0.07822117883161873,
      0.07314431128699136,
      0.07130771041124338,
      0.07008872915004222,
      0.06696331074490364,
      0.06571267470156224,
      0.06297135471751543,
      0.06143142913263746,
      0.058780572831940825,
      0.05806321182989763,
      0.05548740810128411,
      0.053705708316469335,
      0.05131013846360228,
      0.0498567169204288,
      0.04751329320018901,
      0.04666906945559521,
      0.04433729311956561,
      0.04351708917810179,
      0.040605979435813976,
      0.03982570287915335,
      0.03750091418173794,
      0.035092790865346994,
      0.03401017096821067,
      0.0322637376223491,
      0.030973581918145796,
      0.03080148907385584,
      0.027930149354695358,
      0.027127365950542544,
      0.02524615258377359,
      0.023932512169302107,
      0.02233021877941033,
      0.020586613788424087,
      0.01928397702155667,
      0.01715488076489573,
      0.01650369251883455,
      0.014150051520215104,
      0.013640884493037063,
      0.012754180978707456,
      0.011389362354853725,
      0.007673126877138603,
      0.007936203346543302,
      0.00707422777302266,
      0.006542557740364,
      0.00457947612939156
    ],
    "leverage_correlation": [
      -0.03220236985226149,
      -0.030007698100387906,
      -0.031877264599439036,
      -0.030177338239747133,
      -0.029888435813181728,
      -0.028638150486819166,
      -0.02749954963028258,
      -0.027585348466969264,
      -0.02666613555497109,
      -0.025635656995973862
    ],
    "aggregational_kurtosis": {
      "1": 4.60339786339658,
      "5": 4.586748838947848,
      "21": 4.801096172464452
    },
    "tail_index": 4.278436214587005
  },
  "fake_facts": {
    "kurtosis": 4.288648171857375,
    "return_acf": [
      -0.002408258169992041,
      -0.0032466707419441447,
      -0.003359472847088918,
      -0.005584870748664511,
      -0.0038102073637902366,
      -0.002871602073156865,
      -0.004968710170986292,
      -0.0034964609305854176,
      -0.0036634897965361454,
      -0.004047410487611169,
      -0.00424915510223777,
      -0.0043903937367756616,
      -0.0044022016064182,
      -0.0033864975093790277,
      -0.004378905549100701,
      -0.003165639836574544,
      -0.0042272772374937215,
      -0.004218908244534914,
      -0.00369840319919521,
      -0.003715420493454566
    ],
    "absolute_return_acf": [
      0.07729231002248166,
      0.0740623934610098,
      0.07080368693956143,
      0.07010296198152881,
      0.06747778091926294,
      0.06647945247228437,
      0.06497362448731983,
      0.062351198738860567,
      0.05930963722903349,
      0.05810940822955897,
      0.05764226657303569,
      0.05393191426977961,
      0.052051794172811125,
      0.05159712232747551,
      0.049639253987121865,
      0.04789563353734774,
      0.047212316672255145,
      0.044163302110815705,
      0.0423918125822391,
      0.04143491463384033,
      0.040370144365686464,
      0.037873168482395414,
      0.03505015177840435,
      0.0356960913865788,
      0.033514013902984245,
      0.031623366476860926,
      0.02912836841792085,
      0.028292059125365733,
      0.02847168074616721,
      0.026224820622805317,
      0.02460089174089225,
      0.022964837348514892,
      0.021428530422628315,
      0.02007709308036955,
      0.018852795088868994,
      0.01807722272357487,
      0.01664342565990566,
      0.01568067333844151,
      0.013573931782381027,
      0.012054588891037,
      0.01167417838552028,
      0.011273047700959745,
      0.009215613196138997,
      0.008827255639719783,
      0.009281836437179034,
      0.006532686452325283,
      0.005290547624491976,
      0.004733647575669085,
      0.0007784266015915367,
      0.0009959633285204963
    ],
    "leverage_correlation": [
      -0.02731463043363465,
      -0.026704965975824446,
      -0.02659432537028047,
      -0.026228673715583767,
      -0.02546924753375305,
      -0.024300746552346295,
      -0.025463471608396158,
      -0.025334900820181663,
      -0.022921250650386357,
      -0.02222694136993625
    ],
    "aggregational_kurtosis": {
      "1": 4.288648171857375,
      "5": 4.676084278249803,
      "21": 8.055180374569836
    },
    "tail_index": 4.535175847859147
  },
  "stylized_facts_comparison": {
    "kurtosis_real": 4.60339786339658,
    "kurtosis_fake": 4.288648171857375,
    "kurtosis_abs_diff": 0.3147496915392054,
    "return_acf_l1": 0.0010185833108201196,
    "absolute_return_acf_l1": 0.007836558517922074,
    "leverage_correlation_l1": 0.003761879370971016,
    "aggregational_kurtosis_l1": {
      "1": 0.3147496915392054,
      "5": 0.08933543930195498,
      "21": 3.2540842021053846
    },
    "tail_index_real": 4.278436214587005,
    "tail_index_fake": 4.535175847859147,
    "tail_index_abs_diff": 0.2567396332721419
  },
  "distances": {
    "marginal_wasserstein_mean": 0.0021753654172552385,
    "marginal_wasserstein_max": 0.0029137274522860763,