{
  "real_facts": {
    "kurtosis": 4.60339786339658,
    "return_acf": [
      -0.006129896495456233,
      -0.005410572515444318,
      -0.004850442150800915,
      -0.0036463281274129967,
      -0.005386376919333319,
      -0.0031757095684462507,
      -0.0038579477775226357,
      -0.0039151866634744275,
      -0.005292579737192809,
      -0.003945431906172928,
      -0.004851899003124628,
      -0.0046194163631568036,
      -0.005172885457709455,
      -0.004211124507857456,
      -0.003735645228058452,
      -0.0037680503626371766,
      -0.004010344632969521,
      -0.003202785018342763,
      -0.0032783054102908417,
      -0.004305299142885759
    ],
    "absolute_return_acf": [
      0.08947994314640795,
      0.08706221495064048,
      0.08482332847898004,
      0.08305845971378771,
      0.08067919327684936,
      0.07845742851805035,
      0.07822117883161873,
      0.07314431128699136,
      0.07130771041124338,
      0.07008872915004222,
      0.06696331074490364,
      0.06571267470156224,
      0.06297135471751543,
      0.06143142913263746,
      0.058780572831940825,
      0.05806321182989763,
      0.05548740810128411,
      0.053705708316469335,
      0.05131013846360228,
      0.0498567169204288,
      0.04751329320018901,
      0.04666906945559521,
      0.04433729311956561,
      0.04351708917810179,
      0.040605979435813976,
      0.03982570287915335,
      0.03750091418173794,
      0.035092790865346994,
      0.03401017096821067,
      0.0322637376223491,
      0.030973581918145796,
      0.03080148907385584,
      0.027930149354695358,
      0.027127365950542544,
      0.02524615258377359,
      0.023932512169302107,
      0.02233021877941033,
      0.020586613788424087,
      0.01928397702155667,
      0.01715488076489573,
      0.01650369251883455,
      0.014150051520215104,
      0.013640884493037063,
      0.012754180978707456,
      0.011389362354853725,
      0.007673126877138603,
      0.007936203346543302,
      0.00707422777302266,
      0.006542557740364,
      0.00457947612939156
    ],
    "leverage_correlation": [
      -0.03220236985226149,
      -0.030007698100387906,
      -0.031877264599439036,
      -0.030177338239747133,
      -0.029888435813181728,
      -0.028638150486819166,
      -0.02749954963028258,
      -0.027585348466969264,
      -0.02666613555497109,
      -0.025635656995973862
    ],
    "aggregational_kurtosis": {
      "1": 4.60339786339658,
      "5": 4.586748838947848,
      "21": 4.801096172464452
    },
    "tail_index": 4.278436214587005
  },
  "fake_facts": {
    "kurtosis": 4.375876149827048,
    "return_acf": [
      -0.0022213223116219856,
      -0.0030586931915287828,
      -0.003181342973466002,
      -0.0054483629144819355,
      -0.0036916980844251723,
      -0.002720936646126284,
      -0.004844019919199001,
      -0.0034062787198529776,
      -0.0035337862017746744,
      -0.003910915202413011,
      -0.004110728040401468,
      -0.004293959758599563,
      -0.004284350331757865,
      -0.003279278415987927,
      -0.004285893268606678,
      -0.0030338654892206962,
      -0.00415828524019204,
      -0.004131515450724327,
      -0.0035937642918581524,
      -0.003672044936859067
    ],
    "absolute_return_acf": [
      0.0820848071044421,
      0.07877531631028283,
      0.07552134504841959,
      0.07471416010393676,
      0.07198342924597936,
      0.07097624437593708,
      0.06938280852244645,
      0.06665789583201205,
      0.06356486838501908,
      0.062329999721974845,
      0.061745028213600915,
      0.05799618578373129,
      0.056062406402803,
      0.05555722973764003,
      0.05343998323765039,
      0.05166931386997866,
      0.05085840481865212,
      0.047740289770926383,
      0.04588676716101882,
      0.044877723358739345,
      0.04371295010337883,
      0.041142938864869825,
      0.038214185706271796,
      0.038796007564973166,
      0.036487878940513106,
      0.03455088013988657,
      0.03202046802976177,
      0.03102839089193031,
      0.031170622445245617,
      0.02883663457191542,
      0.02709752167601203,
      0.025384387257743005,
      0.023794602346088628,
      0.022334066348026302,
      0.021061873142295264,
      0.02017589107078293,
      0.018616477297916875,
      0.017600533107489883,
      0.015417082760884,
      0.013807398161758229,
      0.013355317976870083,
      0.012829937323956582,
      0.01081027598003419,
      0.010264986863752082,
      0.010692974266605789,
      0.007877581549176255,
      0.006547589127898344,
      0.005916799592229261,
      0.0019182410815986707,
      0.0020084414583383127
    ],
    "leverage_correlation": [
      -0.02779430451618666,
      -0.027301352936473195,
      -0.02719122405528042,
      -0.02686780287246334,
      -0.026039950360049847,
      -0.02496994857462068,
      -0.026098691924383677,
      -0.025972808302358964,
      -0.023580850004800525,
      -0.02292418425954358
    ],
    "aggregational_kurtosis": {
      "1": 4.375876149827048,
      "5": 4.467646815827823,
      "21": 4.65690739981174
    },
    "tail_index": 4.4433808409380635
  },
  "stylized_facts_comparison": {
    "kurtosis_real": 4.60339786339658,
    "kurtosis_fake": 4.375876149827048,
    "kurtosis_abs_diff": 0.22752171356953177,
    "return_acf_l1": 0.0010683077690060963,
    "absolute_return_acf_l1": 0.004893270725166163,
    "leverage_correlation_l1": 0.0031436829933872367,
    "aggregational_kurtosis_l1": {
      "1": 0.22752171356953177,
      "5": 0.11910202312002482,
      "21": 0.14418877265271224
    },
    "tail_index_real": 4.278436214587005,
    "tail_index_fake": 4.4433808409380635,
    "tail_index_abs_diff": 0.16494462635105833
  },
  "distances": {
    "marginal_wasserstein_mean": 0.002128182272514871,
    "marginal_wasserstein_max": 0.002868007667558305,