{
  "real_facts": {
    "kurtosis": 4.60339786339658,
    "return_acf": [
      -0.006129896495456233,
      -0.005410572515444318,
      -0.004850442150800915,
      -0.0036463281274129967,
      -0.005386376919333319,
      -0.0031757095684462507,
      -0.0038579477775226357,
      -0.0039151866634744275,
      -0.005292579737192809,
      -0.003945431906172928,
      -0.004851899003124628,
      -0.0046194163631568036,
      -0.005172885457709455,
      -0.004211124507857456,
      -0.003735645228058452,
      -0.0037680503626371766,
      -0.004010344632969521,
      -0.003202785018342763,
      -0.0032783054102908417,
      -0.004305299142885759
    ],
    "absolute_return_acf": [
      0.08947994314640795,
      0.08706221495064048,
      0.08482332847898004,
      0.08305845971378771,
      0.08067919327684936,
      0.07845742851805035,
      0.07822117883161873,
      0.07314431128699136,
      0.07130771041124338,
      0.07008872915004222,
      0.06696331074490364,
      0.06571267470156224,
      0.06297135471751543,
      0.06143142913263746,
      0.058780572831940825,
      0.05806321182989763,
      0.05548740810128411,
      0.053705708316469335,
      0.05131013846360228,
      0.0498567169204288,
      0.04751329320018901,
      0.04666906945559521,
      0.04433729311956561,
      0.04351708917810179,
      0.040605979435813976,
      0.03982570287915335,
      0.03750091418173794,
      0.035092790865346994,
      0.03401017096821067,
      0.0322637376223491,
      0.030973581918145796,
      0.03080148907385584,
      0.027930149354695358,
      0.027127365950542544,
      0.02524615258377359,
      0.023932512169302107,
      0.02233021877941033,
      0.020586613788424087,
      0.01928397702155667,
      0.01715488076489573,
      0.01650369251883455,
      0.014150051520215104,
      0.013640884493037063,
      0.012754180978707456,
      0.011389362354853725,
      0.007673126877138603,
      0.007936203346543302,
      0.00707422777302266,
      0.006542557740364,
      0.00457947612939156
    ],
    "leverage_correlation": [
      -0.03220236985226149,
      -0.030007698100387906,
      -0.031877264599439036,
      -0.030177338239747133,
      -0.029888435813181728,
      -0.028638150486819166,
      -0.02749954963028258,
      -0.027585348466969264,
      -0.02666613555497109,
      -0.025635656995973862
    ],
    "aggregational_kurtosis": {
      "1": 4.60339786339658,
      "5": 4.586748838947848,
      "21": 4.801096172464452
    },
    "tail_index": 4.278436214587005
  },
  "fake_facts": {
    "kurtosis": 4.3333912640918095,
    "return_acf": [
      -0.0022755941586878035,
      -0.003110103623576466,
      -0.003231347292571673,
      -0.005484847530518693,
      -0.0037244176875889665,
      -0.0027616637743630864,
      -0.004877696913703858,
      -0.0034303001297147128,
      -0.0035693349125437684,
      -0.003944159905673641,
      -0.004148805688523938,
      -0.004318667750806502,
      -0.0043149833634398655,
      -0.003308324511758643,
      -0.00430893272937904,
      -0.0030634811503595545,
      -0.004169030826264054,
      -0.004148456449651163,
      -0.003614461859972909,
      -0.0036757753538102307
    ],
    "absolute_return_acf": [
      0.08036683207273367,
      0.0771006693426185,
      0.0738510321903613,
      0.07307852990368079,
      0.07038241444248325,
      0.06938125116406041,
      0.0678308879800074,
      0.06514212940930166,
      0.062067826752651094,
      0.06085217130723995,
      0.06030626912809827,
      0.0565781390789447,
      0.054667978622392026,
      0.05418528141092817,
      0.0521219317956714,
      0.05036317787308221,
      0.04960445407042077,
      0.04650657316856533,
      0.04468255972156861,
      0.04369530554811154,
      0.04256785099313803,
      0.04002224824126504,
      0.03713082646485826,
      0.03774290977147445,
      0.03547112614318585,
      0.03355640733977861,
      0.031042814552352156,
      0.03009713309510564,
      0.030265083115713874,
      0.027953732151072653,
      0.026249638471161678,
      0.024572125438894102,
      0.0230050742363649,
      0.02157928854780183,
      0.02032647283695319,
      0.019482811886872387,
      0.017957010153216043,
      0.016961310164623544,
      0.01481029091520141,
      0.013222930569286495,
      0.012804603425674119,
      0.012315102130436066,
      0.010288851404106113,
      0.009794883184137399,
      0.01023487478747647,
      0.007443506543593821,
      0.006144895976035579,
      0.005534447433675869,
      0.001554633170986487,
      0.0016834077103981312
    ],
    "leverage_correlation": [
      -0.02764191640601361,
      -0.027117478064524924,
      -0.027009779916940976,
      -0.026671019291559253,
      -0.025866840354868362,
      -0.024762351885260974,
      -0.025905228659891782,
      -0.02577706017912212,
      -0.023382472378569986,
      -0.022710150741319796
    ],
    "aggregational_kurtosis": {
      "1": 4.3333912640918095,
      "5": 4.429673893550648,
      "21": 4.638738427827268
    },
    "tail_index": 4.465632461962267
  },
  "stylized_facts_comparison": {
    "kurtosis_real": 4.60339786339658,
    "kurtosis_fake": 4.3333912640918095,
    "kurtosis_abs_diff": 0.27000659930477067,
    "return_acf_l1": 0.0010514990802583067,
    "absolute_return_acf_l1": 0.005899401274597316,
    "leverage_correlation_l1": 0.0033333649861961474,
    "aggregational_kurtosis_l1": {
      "1": 0.27000659930477067,
      "5": 0.15707494539720024,
      "21": 0.162357744637184
    },
    "tail_index_real": 4.278436214587005,
    "tail_index_fake": 4.465632461962267,
    "tail_index_abs_diff": 0.18719624737526175
  },
  "distances": {
    "marginal_wasserstein_mean": 0.0021303128755143994,
    "marginal_wasserstein_max": 0.002862872255053554,