{
  "real_facts": {
    "kurtosis": 4.60339786339658,
    "return_acf": [
      -0.006129896495456233,
      -0.005410572515444318,
      -0.004850442150800915,
      -0.0036463281274129967,
      -0.005386376919333319,
      -0.0031757095684462507,
      -0.0038579477775226357,
      -0.0039151866634744275,
      -0.005292579737192809,
      -0.003945431906172928,
      -0.004851899003124628,
      -0.0046194163631568036,
      -0.005172885457709455,
      -0.004211124507857456,
      -0.003735645228058452,
      -0.0037680503626371766,
      -0.004010344632969521,
      -0.003202785018342763,
      -0.0032783054102908417,
      -0.004305299142885759
    ],
    "absolute_return_acf": [
      0.08947994314640795,
      0.08706221495064048,
      0.08482332847898004,
      0.08305845971378771,
      0.08067919327684936,
      0.07845742851805035,
      0.07822117883161873,
      0.07314431128699136,
      0.07130771041124338,
      0.07008872915004222,
      0.06696331074490364,
      0.06571267470156224,
      0.06297135471751543,
      0.06143142913263746,
      0.058780572831940825,
      0.05806321182989763,
      0.05548740810128411,
      0.053705708316469335,
      0.05131013846360228,
      0.0498567169204288,
      0.04751329320018901,
      0.04666906945559521,
      0.04433729311956561,
      0.04351708917810179,
      0.040605979435813976,
      0.03982570287915335,
      0.03750091418173794,
      0.035092790865346994,
      0.03401017096821067,
      0.0322637376223491,
      0.030973581918145796,
      0.03080148907385584,
      0.027930149354695358,
      0.027127365950542544,
      0.02524615258377359,
      0.023932512169302107,
      0.02233021877941033,
      0.020586613788424087,
      0.01928397702155667,
      0.01715488076489573,
      0.01650369251883455,
      0.014150051520215104,
      0.013640884493037063,
      0.012754180978707456,
      0.011389362354853725,
      0.007673126877138603,
      0.007936203346543302,
      0.00707422777302266,
      0.006542557740364,
      0.00457947612939156
    ],
    "leverage_correlation": [
      -0.03220236985226149,
      -0.030007698100387906,
      -0.031877264599439036,
      -0.030177338239747133,
      -0.029888435813181728,
      -0.028638150486819166,
      -0.02749954963028258,
      -0.027585348466969264,
      -0.02666613555497109,
      -0.025635656995973862
    ],
    "aggregational_kurtosis": {
      "1": 4.60339786339658,
      "5": 4.586748838947848,
      "21": 4.801096172464452
    },
    "tail_index": 4.278436214587005
  },
  "fake_facts": {
    "kurtosis": 4.28404511570561,
    "return_acf": [
      -0.0023265834852461966,
      -0.0031621332793358467,
      -0.003278845411836651,
      -0.005523133892463892,
      -0.0037541932790451918,
      -0.00280391219796138,
      -0.004914013742251493,
      -0.0034564003925442108,
      -0.0036038431580691067,
      -0.003980047559870092,
      -0.004186897265176953,
      -0.00434378833019595,
      -0.004351203623016213,
      -0.0033391791881945067,
      -0.004337391536257094,
      -0.003098130653191285,
      -0.004186331265941773,
      -0.004172671329004213,
      -0.0036392018258437505,
      -0.0036870286575366186
    ],
    "absolute_return_acf": [
      0.07908329954901766,
      0.07584390593262612,
      0.07259865346768456,
      0.07185588060047901,
      0.06918312321039004,
      0.06818976481159628,
      0.06666408632734483,
      0.06399961452057573,
      0.06094721418666779,
      0.05973445363142352,
      0.059230383114317206,
      0.055501797016695206,
      0.05360778582873036,
      0.05314298339528937,
      0.051124924528484404,
      0.0493688325238354,
      0.0486544337741219,
      0.04557002934945365,
      0.043767059578241584,
      0.04279765552950177,
      0.04169526340672218,
      0.0391767915922185,
      0.03630748511357861,
      0.036936941304679206,
      0.03470201147961253,
      0.03279585205013691,
      0.030290766280625648,
      0.02939549177715332,
      0.029567590102544436,
      0.027273579586809978,
      0.02560676036697974,
      0.02394882875779675,
      0.022396684726254005,
      0.02099638736355708,
      0.01976024111737285,
      0.018949217529851885,
      0.017451386324897046,
      0.016471298704973034,
      0.014343752113782282,
      0.012775894033831042,
      0.012377097400889877,
      0.011923197060005905,
      0.009880345236483219,
      0.009432052295848245,
      0.009876457069033692,
      0.007099218350994948,
      0.005831480771623498,
      0.0052355489297053704,
      0.0012684886124311487,
      0.001427624692454898
    ],
    "leverage_correlation": [
      -0.02745881836785227,
      -0.02690065744776773,
      -0.02679293384791003,
      -0.026448303049486106,
      -0.02566655637758904,
      -0.02453650765787782,
      -0.025691473986537233,
      -0.0255595428397956,
      -0.023165490276003165,
      -0.0224876875643878
    ],
    "aggregational_kurtosis": {
      "1": 4.28404511570561,
      "5": 4.375169771868817,
      "21": 4.585072882569184
    },
    "tail_index": 4.500945036820933
  },
  "stylized_facts_comparison": {
    "kurtosis_real": 4.60339786339658,
    "kurtosis_fake": 4.28404511570561,
    "kurtosis_abs_diff": 0.3193527476909699,
    "return_acf_l1": 0.0010386651508515804,
    "absolute_return_acf_l1": 0.006669843090766057,
    "leverage_correlation_l1": 0.003546997632482647,
    "aggregational_kurtosis_l1": {
      "1": 0.3193527476909699,
      "5": 0.21157906707903074,
      "21": 0.21602328989526765
    },
    "tail_index_real": 4.278436214587005,
    "tail_index_fake": 4.500945036820933,
    "tail_index_abs_diff": 0.22250882223392754
  },
  "distances": {
    "marginal_wasserstein_mean": 0.0021507652883786497,
    "marginal_wasserstein_max": 0.002885334099897119,