{
  "real_facts": {
    "kurtosis": 4.60339786339658,
    "return_acf": [
      -0.006129896495456233,
      -0.005410572515444318,
      -0.004850442150800915,
      -0.0036463281274129967,
      -0.005386376919333319,
      -0.0031757095684462507,
      -0.0038579477775226357,
      -0.0039151866634744275,
      -0.005292579737192809,
      -0.003945431906172928,
      -0.004851899003124628,
      -0.0046194163631568036,
      -0.005172885457709455,
      -0.004211124507857456,
      -0.003735645228058452,
      -0.0037680503626371766,
      -0.004010344632969521,
      -0.003202785018342763,
      -0.0032783054102908417,
      -0.004305299142885759
    ],
    "absolute_return_acf": [
      0.08947994314640795,
      0.08706221495064048,
      0.08482332847898004,
      0.08305845971378771,
      0.08067919327684936,
      0.07845742851805035,
      0.07822117883161873,
      0.07314431128699136,
      0.07130771041124338,
      0.07008872915004222,
      0.06696331074490364,
      0.06571267470156224,
      0.06297135471751543,
      0.06143142913263746,
      0.058780572831940825,
      0.05806321182989763,
      0.05548740810128411,
      0.053705708316469335,
      0.05131013846360228,
      0.0498567169204288,
      0.04751329320018901,
      0.04666906945559521,
      0.04433729311956561,
      0.04351708917810179,
      0.040605979435813976,
      0.03982570287915335,
      0.03750091418173794,
      0.035092790865346994,
      0.03401017096821067,
      0.0322637376223491,
      0.030973581918145796,
      0.03080148907385584,
      0.027930149354695358,
      0.027127365950542544,
      0.02524615258377359,
      0.023932512169302107,
      0.02233021877941033,
      0.020586613788424087,
      0.01928397702155667,
      0.01715488076489573,
      0.01650369251883455,
      0.014150051520215104,
      0.013640884493037063,
      0.012754180978707456,
      0.011389362354853725,
      0.007673126877138603,
      0.007936203346543302,
      0.00707422777302266,
      0.006542557740364,
      0.00457947612939156
    ],
    "leverage_correlation": [
      -0.03220236985226149,
      -0.030007698100387906,
      -0.031877264599439036,
      -0.030177338239747133,
      -0.029888435813181728,
      -0.028638150486819166,
      -0.02749954963028258,
      -0.027585348466969264,
      -0.02666613555497109,
      -0.025635656995973862
    ],
    "aggregational_kurtosis": {
      "1": 4.60339786339658,
      "5": 4.586748838947848,
      "21": 4.801096172464452
    },
    "tail_index": 4.278436214587005
  },
  "fake_facts": {
    "kurtosis": 3.8363164586635943,
    "return_acf": [
      0.01747306292500107,
      -0.002278722993966962,
      -0.0035864890523125323,
      -0.0035699110618025182,
      -0.0031466986918596597,
      -0.003853405680479563,
      -0.003586649227715979,
      -0.00457405301400754,
      -0.0047062441683147225,
      -0.0027520886542082095,
      -0.003345858288766285,
      -0.0028888887483895734,
      -0.004805708677370925,
      -0.004863212822824945,
      -0.004385596408414004,
      -0.005814980735172436,
      -0.0033015289311646226,
      -0.004539808866466828,
      -0.004729904558013492,
      -0.00452529075412203
    ],
    "absolute_return_acf": [
      0.12128150151030154,
      0.11870324551793743,
      0.11439767211009527,
      0.11211661336748678,
      0.10827536201067442,
      0.1039474072615931,
      0.10177219535046877,
      0.0995525964167748,
      0.09645725357571729,
      0.09318980720118507,
      0.09160124728884061,
      0.08699234522698976,
      0.08468958188055326,
      0.08311440771059334,
      0.07872863998669287,
      0.07646572972205741,
      0.07268559630973023,
      0.07292730126739035,
      0.06918878233105745,
      0.06689358157428897,
      0.0640843350318125,
      0.06265849263406094,
      0.05931170690052253,
      0.05812967584996559,
      0.05475939669214691,
      0.05225139690390118,
      0.05020866241425208,
      0.04820980463875464,
      0.04577887014087056,
      0.04345951770280868,
      0.042708110511428296,
      0.04227710743979248,
      0.03626954553997508,
      0.03470293081962566,
      0.03247462295932906,
      0.03015672720474783,
      0.029855043646720043,
      0.027206380555233254,
      0.026602314581794326,
      0.02483490658749929,
      0.022791443427188692,
      0.022386337653390025,
      0.01872104236299374,
      0.017083187819707423,
      0.015536501786011089,
      0.013486465876080015,
      0.012889855326351157,
      0.008880120510609928,
      0.009057179450467839,
      0.006469156784306388
    ],
    "leverage_correlation": [
      -0.04626948945575707,
      -0.02227155662040403,
      -0.020955632810629392,
      -0.023743356869108088,
      -0.02211082400997193,
      -0.02159908101015086,
      -0.02019507048003278,
      -0.018650139458919655,
      -0.0205752360401326,
      -0.019886716447229544
    ],
    "aggregational_kurtosis": {
      "1": 3.8363164586635943,
      "5": 4.570487736754017,
      "21": 4.671751439675408
    },
    "tail_index": 5.081509881095691
  },
  "stylized_facts_comparison": {
    "kurtosis_real": 4.60339786339658,
    "kurtosis_fake": 3.8363164586635943,
    "kurtosis_abs_diff": 0.7670814047329859,
    "return_acf_l1": 0.002218627122646668,
    "absolute_return_acf_l1": 0.014733398756102977,
    "leverage_correlation_l1": 0.008205508374468847,
    "aggregational_kurtosis_l1": {
      "1": 0.7670814047329859,
      "5": 0.016261102193831256,
      "21": 0.12934473278904424
    },
    "tail_index_real": 4.278436214587005,
    "tail_index_fake": 5.081509881095691,
    "tail_index_abs_diff": 0.803073666508686
  },
  "distances": {
    "marginal_wasserstein_mean": 0.0005806824067704127,
    "marginal_wasserstein_max": 0.0017976473516116897,