{
  "real_facts": {
    "kurtosis": 4.60339786339658,
    "return_acf": [
      -0.006129896495456233,
      -0.005410572515444318,
      -0.004850442150800915,
      -0.0036463281274129967,
      -0.005386376919333319,
      -0.0031757095684462507,
      -0.0038579477775226357,
      -0.0039151866634744275,
      -0.005292579737192809,
      -0.003945431906172928,
      -0.004851899003124628,
      -0.0046194163631568036,
      -0.005172885457709455,
      -0.004211124507857456,
      -0.003735645228058452,
      -0.0037680503626371766,
      -0.004010344632969521,
      -0.003202785018342763,
      -0.0032783054102908417,
      -0.004305299142885759
    ],
    "absolute_return_acf": [
      0.08947994314640795,
      0.08706221495064048,
      0.08482332847898004,
      0.08305845971378771,
      0.08067919327684936,
      0.07845742851805035,
      0.07822117883161873,
      0.07314431128699136,
      0.07130771041124338,
      0.07008872915004222,
      0.06696331074490364,
      0.06571267470156224,
      0.06297135471751543,
      0.06143142913263746,
      0.058780572831940825,
      0.05806321182989763,
      0.05548740810128411,
      0.053705708316469335,
      0.05131013846360228,
      0.0498567169204288,
      0.04751329320018901,
      0.04666906945559521,
      0.04433729311956561,
      0.04351708917810179,
      0.040605979435813976,
      0.03982570287915335,
      0.03750091418173794,
      0.035092790865346994,
      0.03401017096821067,
      0.0322637376223491,
      0.030973581918145796,
      0.03080148907385584,
      0.027930149354695358,
      0.027127365950542544,
      0.02524615258377359,
      0.023932512169302107,
      0.02233021877941033,
      0.020586613788424087,
      0.01928397702155667,
      0.01715488076489573,
      0.01650369251883455,
      0.014150051520215104,
      0.013640884493037063,
      0.012754180978707456,
      0.011389362354853725,
      0.007673126877138603,
      0.007936203346543302,
      0.00707422777302266,
      0.006542557740364,
      0.00457947612939156
    ],
    "leverage_correlation": [
      -0.03220236985226149,
      -0.030007698100387906,
      -0.031877264599439036,
      -0.030177338239747133,
      -0.029888435813181728,
      -0.028638150486819166,
      -0.02749954963028258,
      -0.027585348466969264,
      -0.02666613555497109,
      -0.025635656995973862
    ],
    "aggregational_kurtosis": {
      "1": 4.60339786339658,
      "5": 4.586748838947848,
      "21": 4.801096172464452
    },
    "tail_index": 4.278436214587005
  },
  "fake_facts": {
    "kurtosis": 3.8363164596212815,
    "return_acf": [
      0.017473062917859702,
      -0.002278723134831258,
      -0.0035864890307923908,
      -0.0035699110378913305,
      -0.0031466987917685065,
      -0.0038534056345240187,
      -0.0035866492283424057,
      -0.004574052979583755,
      -0.00470624414003853,
      -0.0027520886405004528,
      -0.003345858291965871,
      -0.0028888887539256897,
      -0.004805708758560793,
      -0.004863212806072232,
      -0.004385596372136571,
      -0.005814980741562577,
      -0.0033015290119109003,
      -0.004539808866165726,
      -0.004729904630593882,
      -0.004525290700493619
    ],
    "absolute_return_acf": [
      0.12377940426113966,
      0.11996622601437286,
      0.11556055866836007,
      0.11348073421802025,
      0.109424726031111,
      0.10518821477521274,
      0.10292019773633604,
      0.10056899854301662,
      0.09761100845569205,
      0.09420858094206014,
      0.09260614232080525,
      0.08806453089902563,
      0.08555776440861278,
      0.08400010661153946,
      0.07962040232593151,
      0.07733953564066244,
      0.07345661199640684,
      0.07384806077386163,
      0.06997846319320536,
      0.06772937300125212,
      0.06493354596556875,
      0.0633777469706998,
      0.06005615783470157,
      0.05870870488425792,
      0.05529903159796998,
      0.05285079911985039,
      0.050805337508334034,
      0.04878006444463957,
      0.04629040209922557,
      0.04408920534442808,
      0.04321879122037457,
      0.04278034335093717,
      0.03664801292336297,
      0.03505587081925316,
      0.03276731553170527,
      0.03035180108703006,
      0.03006120588503091,
      0.027570546899402932,
      0.026804198608678685,
      0.025224823372940127,
      0.023063086448628964,
      0.022610069043312045,
      0.018915082551117804,
      0.017162033776358637,
      0.0156172036133592,
      0.013672885055320126,
      0.013122356797670287,
      0.008912987682868304,
      0.009210883436397893,
      0.006546788174677231
    ],
    "leverage_correlation": [
      -0.04689923403042976,
      -0.021986366870088245,
      -0.020616197859246135,
      -0.023399328593040322,
      -0.0218054697360884,
      -0.021227057214112374,
      -0.019864844710763982,
      -0.0182488800804319,
      -0.020195185323238433,
      -0.01958037327875244
    ],
    "aggregational_kurtosis": {
      "1": 3.8363164596212815,
      "5": 4.570487735472836,
      "21": 4.671751442879253
    },
    "tail_index": 5.079874257581767
  },
  "stylized_facts_comparison": {
    "kurtosis_real": 4.60339786339658,
    "kurtosis_fake": 3.8363164596212815,
    "kurtosis_abs_diff": 0.7670814037752987,
    "return_acf_l1": 0.002218627100638369,
    "absolute_return_acf_l1": 0.015397303065941987,
    "leverage_correlation_l1": 0.00857487384001778,
    "aggregational_kurtosis_l1": {
      "1": 0.7670814037752987,
      "5": 0.01626110347501175,
      "21": 0.12934472958519905
    },
    "tail_index_real": 4.278436214587005,
    "tail_index_fake": 5.079874257581767,
    "tail_index_abs_diff": 0.8014380429947616
  },
  "distances": {
    "marginal_wasserstein_mean": 0.006168680506653291,
    "marginal_wasserstein_max": 0.008623661123144541,