{
  "real_facts": {
    "kurtosis": 4.60339786339658,
    "return_acf": [
      -0.006129896495456233,
      -0.005410572515444318,
      -0.004850442150800915,
      -0.0036463281274129967,
      -0.005386376919333319,
      -0.0031757095684462507,
      -0.0038579477775226357,
      -0.0039151866634744275,
      -0.005292579737192809,
      -0.003945431906172928,
      -0.004851899003124628,
      -0.0046194163631568036,
      -0.005172885457709455,
      -0.004211124507857456,
      -0.003735645228058452,
      -0.0037680503626371766,
      -0.004010344632969521,
      -0.003202785018342763,
      -0.0032783054102908417,
      -0.004305299142885759
    ],
    "absolute_return_acf": [
      0.08947994314640795,
      0.08706221495064048,
      0.08482332847898004,
      0.08305845971378771,
      0.08067919327684936,
      0.07845742851805035,
      0.07822117883161873,
      0.07314431128699136,
      0.07130771041124338,
      0.07008872915004222,
      0.06696331074490364,
      0.06571267470156224,
      0.06297135471751543,
      0.06143142913263746,
      0.058780572831940825,
      0.05806321182989763,
      0.05548740810128411,
      0.053705708316469335,
      0.05131013846360228,
      0.0498567169204288,
      0.04751329320018901,
      0.04666906945559521,
      0.04433729311956561,
      0.04351708917810179,
      0.040605979435813976,
      0.03982570287915335,
      0.03750091418173794,
      0.035092790865346994,
      0.03401017096821067,
      0.0322637376223491,
      0.030973581918145796,
      0.03080148907385584,
      0.027930149354695358,
      0.027127365950542544,
      0.02524615258377359,
      0.023932512169302107,
      0.02233021877941033,
      0.020586613788424087,
      0.01928397702155667,
      0.01715488076489573,
      0.01650369251883455,
      0.014150051520215104,
      0.013640884493037063,
      0.012754180978707456,
      0.011389362354853725,
      0.007673126877138603,
      0.007936203346543302,
      0.00707422777302266,
      0.006542557740364,
      0.00457947612939156
    ],
    "leverage_correlation": [
      -0.03220236985226149,
      -0.030007698100387906,
      -0.031877264599439036,
      -0.030177338239747133,
      -0.029888435813181728,
      -0.028638150486819166,
      -0.02749954963028258,
      -0.027585348466969264,
      -0.02666613555497109,
      -0.025635656995973862
    ],
    "aggregational_kurtosis": {
      "1": 4.60339786339658,
      "5": 4.586748838947848,
      "21": 4.801096172464452
    },
    "tail_index": 4.278436214587005
  },
  "fake_facts": {
    "kurtosis": 4.5782351441672,
    "return_acf": [
      -0.0031431711457677505,
      -0.0027410597789840467,
      -0.0035726505522540868,
      -0.005431666275636725,
      -0.001769670001254756,
      -0.002798937254090684,
      -0.004510257990588768,
      -0.003178307510539443,
      -0.0047754621329969,
      -0.003921787167925054,
      -0.005038375016195878,
      -0.004534843281792389,
      -0.0031847364466460037,
      -0.00302109620437259,
      -0.004794480071093386,
      -0.003996924039579378,
      -0.0018542116056112735,
      -0.0033361437019159817,
      -0.004095328065261733,
      -0.004765814832294449
    ],
    "absolute_return_acf": [
      0.1380125766193982,
      0.12933262617042868,
      0.12010664213308185,
      0.11145794272502928,
      0.10446030563594257,
      0.09537127342650074,
      0.08909567352873966,
      0.07780893273455948,
      0.07230047510526241,
      0.06315084028996056,
      0.05545128851747631,
      0.049986504881664326,
      0.041581729168605065,
      0.03288819146828831,
      0.02627645804671779,
      0.02042965127190783,
      0.011002917409688534,
      0.0053479254469174006,
      -8.807637200050698e-05,
      -0.00816880324064104,
      -0.013913365205355799,
      -0.014205135098554518,
      -0.014420620770267135,
      -0.014374258806289564,
      -0.013727103625451886,
      -0.015106108461624228,
      -0.01530559810687389,
      -0.01505826644424895,
      -0.01561468686662015,
      -0.015717315124294733,
      -0.01608278813267967,
      -0.014640113871821686,
      -0.015973229515497483,
      -0.016115660153536694,
      -0.014853172748870498,
      -0.015613029983408685,
      -0.016129696832172604,
      -0.015787065229087124,
      -0.013195191882755265,
      -0.015051571566111997,
      -0.015146980331787947,
      -0.014338593107417278,
      -0.015065492887997163,
      -0.014200081651904773,
      -0.014110511376925984,
      -0.015533657059346577,
      -0.014839544552368371,
      -0.014538930689410997,
      -0.016815929414710634,
      -0.01538402363177488
    ],
    "leverage_correlation": [
      -0.03455605151756323,
      -0.03339225291807567,
      -0.032417770844948984,
      -0.030008962786101573,
      -0.025840219819687787,
      -0.02492920010282127,
      -0.02267458406502563,
      -0.02126651337945264,
      -0.021204432075508445,
      -0.016349162041682828
    ],
    "aggregational_kurtosis": {
      "1": 4.5782351441672,
      "5": 4.4656321429236865,
      "21": 4.611786368465205
    },
    "tail_index": 4.2969228442403065
  },
  "stylized_facts_comparison": {
    "kurtosis_real": 4.60339786339658,
    "kurtosis_fake": 4.5782351441672,
    "kurtosis_abs_diff": 0.02516271922937996,
    "return_acf_l1": 0.0011473381879035251,
    "absolute_return_acf_l1": 0.03536059553316028,
    "leverage_correlation_l1": 0.00400962836461641,
    "aggregational_kurtosis_l1": {
      "1": 0.02516271922937996,
      "5": 0.12111669602416164,
      "21": 0.18930980399924646
    },
    "tail_index_real": 4.278436214587005,
    "tail_index_fake": 4.2969228442403065,
    "tail_index_abs_diff": 0.01848662965330128
  },
  "distances": {
    "marginal_wasserstein_mean": 0.0004859252225307162,
    "marginal_wasserstein_max": 0.0009885136985275666,