{
  "real_facts": {
    "kurtosis": 4.60339786339658,
    "return_acf": [
      -0.006129896495456233,
      -0.005410572515444318,
      -0.004850442150800915,
      -0.0036463281274129967,
      -0.005386376919333319,
      -0.0031757095684462507,
      -0.0038579477775226357,
      -0.0039151866634744275,
      -0.005292579737192809,
      -0.003945431906172928,
      -0.004851899003124628,
      -0.0046194163631568036,
      -0.005172885457709455,
      -0.004211124507857456,
      -0.003735645228058452,
      -0.0037680503626371766,
      -0.004010344632969521,
      -0.003202785018342763,
      -0.0032783054102908417,
      -0.004305299142885759
    ],
    "absolute_return_acf": [
      0.08947994314640795,
      0.08706221495064048,
      0.08482332847898004,
      0.08305845971378771,
      0.08067919327684936,
      0.07845742851805035,
      0.07822117883161873,
      0.07314431128699136,
      0.07130771041124338,
      0.07008872915004222,
      0.06696331074490364,
      0.06571267470156224,
      0.06297135471751543,
      0.06143142913263746,
      0.058780572831940825,
      0.05806321182989763,
      0.05548740810128411,
      0.053705708316469335,
      0.05131013846360228,
      0.0498567169204288,
      0.04751329320018901,
      0.04666906945559521,
      0.04433729311956561,
      0.04351708917810179,
      0.040605979435813976,
      0.03982570287915335,
      0.03750091418173794,
      0.035092790865346994,
      0.03401017096821067,
      0.0322637376223491,
      0.030973581918145796,
      0.03080148907385584,
      0.027930149354695358,
      0.027127365950542544,
      0.02524615258377359,
      0.023932512169302107,
      0.02233021877941033,
      0.020586613788424087,
      0.01928397702155667,
      0.01715488076489573,
      0.01650369251883455,
      0.014150051520215104,
      0.013640884493037063,
      0.012754180978707456,
      0.011389362354853725,
      0.007673126877138603,
      0.007936203346543302,
      0.00707422777302266,
      0.006542557740364,
      0.00457947612939156
    ],
    "leverage_correlation": [
      -0.03220236985226149,
      -0.030007698100387906,
      -0.031877264599439036,
      -0.030177338239747133,
      -0.029888435813181728,
      -0.028638150486819166,
      -0.02749954963028258,
      -0.027585348466969264,
      -0.02666613555497109,
      -0.025635656995973862
    ],
    "aggregational_kurtosis": {
      "1": 4.60339786339658,
      "5": 4.586748838947848,
      "21": 4.801096172464452
    },
    "tail_index": 4.278436214587005
  },
  "fake_facts": {
    "kurtosis": 19.169635817733045,
    "return_acf": [
      -0.00332098173691976,
      -0.003250355113748649,
      -0.0031879004771558682,
      -0.003628143759294246,
      -0.003724739907503924,
      -0.005223447333950228,
      -0.006195867722244067,
      -0.004582822595242246,
      -0.005445644012812048,
      -0.0034956872621564818,
      -0.005707806153450668,
      -0.005529857663451691,
      -0.004623843127841305,
      -0.004294423570722521,
      -0.0049858811046636494,
      -0.0055159829328154915,
      -0.003636428192775859,
      -0.005068911100659266,
      -0.004282480717563969,
      -0.003758987173114746
    ],
    "absolute_return_acf": [
      0.1194993396014089,
      0.11617622883776887,
      0.11060912996667334,
      0.10849829522247005,
      0.10417778600593317,
      0.10075704275708505,
      0.09804456270071599,
      0.09540612459883716,
      0.09217933575563354,
      0.08983854085227429,
      0.08771124095333124,
      0.08345054060680647,
      0.08188486958628753,
      0.07674346217518875,
      0.07364185304051492,
      0.0717726001914236,
      0.06918578677635089,
      0.06644574968867624,
      0.06457149468607096,
      0.060652186002376346,
      0.058560262133653,
      0.055959152848110025,
      0.05374213433833252,
      0.05227698902895307,
      0.05148525872550263,
      0.04678686187419526,
      0.04529182313731107,
      0.04108574839163474,
      0.040327288083670136,
      0.03800883471857729,
      0.03633592413509548,
      0.03396558226678117,
      0.03265106963165434,
      0.029438099533229938,
      0.028419089256577216,
      0.028764175087237037,
      0.023422470589016902,
      0.02299055361248612,
      0.02199430324908868,
      0.019771027711654218,
      0.01985082211661916,
      0.016821374705014956,
      0.01560858896967933,
      0.013555879132314376,
      0.013167094258267224,
      0.01025022153116926,
      0.008519546039454743,
      0.00911373673795945,
      0.007204017931125497,
      0.004919026916721882
    ],
    "leverage_correlation": [
      0.00118435532019959,
      -0.00019523991781853427,
      0.00018706325537103563,
      -0.002968039069394883,
      0.00018651812648990486,
      0.0017721770966355453,
      -0.0005836948748868117,
      0.000921072211506864,
      -0.0003037711900486382,
      0.0001756107449466107
    ],
    "aggregational_kurtosis": {
      "1": 19.169635817733045,
      "5": 16.958451577779524,
      "21": 13.044886223185737
    },
    "tail_index": 2.8166287351088113
  },
  "stylized_facts_comparison": {
    "kurtosis_real": 4.60339786339658,
    "kurtosis_fake": 19.169635817733045,
    "kurtosis_abs_diff": 14.566237954336465,
    "return_acf_l1": 0.0011577492932573104,
    "absolute_return_acf_l1": 0.010439627142585738,
    "leverage_correlation_l1": 0.029055399944303395,
    "aggregational_kurtosis_l1": {
      "1": 14.566237954336465,
      "5": 12.371702738831676,
      "21": 8.243790050721284
    },
    "tail_index_real": 4.278436214587005,
    "tail_index_fake": 2.8166287351088113,
    "tail_index_abs_diff": 1.461807479478194
  },
  "distances": {
    "marginal_wasserstein_mean": 0.0017185386969266788,
    "marginal_wasserstein_max": 0.002537353321022057,