{
  "real_facts": {
    "kurtosis": 4.60339786339658,
    "return_acf": [
      -0.006129896495456233,
      -0.005410572515444318,
      -0.004850442150800915,
      -0.0036463281274129967,
      -0.005386376919333319,
      -0.0031757095684462507,
      -0.0038579477775226357,
      -0.0039151866634744275,
      -0.005292579737192809,
      -0.003945431906172928,
      -0.004851899003124628,
      -0.0046194163631568036,
      -0.005172885457709455,
      -0.004211124507857456,
      -0.003735645228058452,
      -0.0037680503626371766,
      -0.004010344632969521,
      -0.003202785018342763,
      -0.0032783054102908417,
      -0.004305299142885759
    ],
    "absolute_return_acf": [
      0.08947994314640795,
      0.08706221495064048,
      0.08482332847898004,
      0.08305845971378771,
      0.08067919327684936,
      0.07845742851805035,
      0.07822117883161873,
      0.07314431128699136,
      0.07130771041124338,
      0.07008872915004222,
      0.06696331074490364,
      0.06571267470156224,
      0.06297135471751543,
      0.06143142913263746,
      0.058780572831940825,
      0.05806321182989763,
      0.05548740810128411,
      0.053705708316469335,
      0.05131013846360228,
      0.0498567169204288,
      0.04751329320018901,
      0.04666906945559521,
      0.04433729311956561,
      0.04351708917810179,
      0.040605979435813976,
      0.03982570287915335,
      0.03750091418173794,
      0.035092790865346994,
      0.03401017096821067,
      0.0322637376223491,
      0.030973581918145796,
      0.03080148907385584,
      0.027930149354695358,
      0.027127365950542544,
      0.02524615258377359,
      0.023932512169302107,
      0.02233021877941033,
      0.020586613788424087,
      0.01928397702155667,
      0.01715488076489573,
      0.01650369251883455,
      0.014150051520215104,
      0.013640884493037063,
      0.012754180978707456,
      0.011389362354853725,
      0.007673126877138603,
      0.007936203346543302,
      0.00707422777302266,
      0.006542557740364,
      0.00457947612939156
    ],
    "leverage_correlation": [
      -0.03220236985226149,
      -0.030007698100387906,
      -0.031877264599439036,
      -0.030177338239747133,
      -0.029888435813181728,
      -0.028638150486819166,
      -0.02749954963028258,
      -0.027585348466969264,
      -0.02666613555497109,
      -0.025635656995973862
    ],
    "aggregational_kurtosis": {
      "1": 4.60339786339658,
      "5": 4.586748838947848,
      "21": 4.801096172464452
    },
    "tail_index": 4.278436214587005
  },
  "fake_facts": {
    "kurtosis": 19.169635856226822,
    "return_acf": [
      -0.0033209817546175765,
      -0.0032503550684493737,
      -0.003187900402844615,
      -0.003628143714417029,
      -0.0037247399438070134,
      -0.005223447320898344,
      -0.006195867703351561,
      -0.00458282270299609,
      -0.005445644043730227,
      -0.003495687267151765,
      -0.005707806187405316,
      -0.0055298576119191326,
      -0.004623843138543624,
      -0.00429442359018473,
      -0.004985881115884946,
      -0.005515982827207309,
      -0.0036364281878947936,
      -0.005068911092161035,
      -0.004282480650506665,
      -0.003758987182187843
    ],
    "absolute_return_acf": [
      0.11950145328856579,
      0.1161803065336723,
      0.1106141501600041,
      0.1085044045548682,
      0.10417923025146038,
      0.10075566268788787,
      0.09804492468084756,
      0.09540751809008922,
      0.09218177617138344,
      0.08984297831098052,
      0.08771203000234186,
      0.08345296643355202,
      0.081888300061445,
      0.07674699857037139,
      0.07364258725071611,
      0.07177352465756476,
      0.06918813905431945,
      0.06644392220431167,
      0.06457132907985146,
      0.06065537249089928,
      0.058565954904211716,
      0.055962223447696656,
      0.05374167586321289,
      0.052280405170471396,
      0.0514903312651904,
      0.04678712387902444,
      0.04529445644880056,
      0.04108497699566539,
      0.040330561562121184,
      0.0380081421373388,
      0.03633722206433607,
      0.03396945614384849,
      0.03265084170196006,
      0.02943974451891139,
      0.02841759813494974,
      0.02877062162744357,
      0.023424396106236253,
      0.022991228162902458,
      0.021993302856637847,
      0.019775714105544354,
      0.01985015436361404,
      0.01682181252205893,
      0.015612765022072284,
      0.01355954662394752,
      0.013172320999838697,
      0.010255180630793058,
      0.008521391239143798,
      0.009112885254573575,
      0.007206275425050685,
      0.0049197621231573795
    ],
    "leverage_correlation": [
      0.0011930189824880162,
      -0.0001877287148793906,
      0.00019423690274037356,
      -0.0029601711434280274,
      0.00019343619927566453,
      0.0017811231515193397,
      -0.0005737871187293113,
      0.0009298761971560534,
      -0.0002939754687372361,
      0.00018232277422522653
    ],
    "aggregational_kurtosis": {
      "1": 19.169635856226822,
      "5": 16.958451816543796,
      "21": 13.044886175295508
    },
    "tail_index": 2.8163285027681564
  },
  "stylized_facts_comparison": {
    "kurtosis_real": 4.60339786339658,
    "kurtosis_fake": 19.169635856226822,
    "kurtosis_abs_diff": 14.566237992830242,
    "return_acf_l1": 0.0011577492947206461,
    "absolute_return_acf_l1": 0.010441677525365178,
    "leverage_correlation_l1": 0.02906362995016639,
    "aggregational_kurtosis_l1": {
      "1": 14.566237992830242,
      "5": 12.371702977595948,
      "21": 8.243790002831055
    },
    "tail_index_real": 4.278436214587005,
    "tail_index_fake": 2.8163285027681564,
    "tail_index_abs_diff": 1.4621077118188488
  },
  "distances": {
    "marginal_wasserstein_mean": 0.0013276789620341265,
    "marginal_wasserstein_max": 0.002504289455746515,