{
  "real_facts": {
    "kurtosis": 4.60339786339658,
    "return_acf": [
      -0.006129896495456233,
      -0.005410572515444318,
      -0.004850442150800915,
      -0.0036463281274129967,
      -0.005386376919333319,
      -0.0031757095684462507,
      -0.0038579477775226357,
      -0.0039151866634744275,
      -0.005292579737192809,
      -0.003945431906172928,
      -0.004851899003124628,
      -0.0046194163631568036,
      -0.005172885457709455,
      -0.004211124507857456,
      -0.003735645228058452,
      -0.0037680503626371766,
      -0.004010344632969521,
      -0.003202785018342763,
      -0.0032783054102908417,
      -0.004305299142885759
    ],
    "absolute_return_acf": [
      0.08947994314640795,
      0.08706221495064048,
      0.08482332847898004,
      0.08305845971378771,
      0.08067919327684936,
      0.07845742851805035,
      0.07822117883161873,
      0.07314431128699136,
      0.07130771041124338,
      0.07008872915004222,
      0.06696331074490364,
      0.06571267470156224,
      0.06297135471751543,
      0.06143142913263746,
      0.058780572831940825,
      0.05806321182989763,
      0.05548740810128411,
      0.053705708316469335,
      0.05131013846360228,
      0.0498567169204288,
      0.04751329320018901,
      0.04666906945559521,
      0.04433729311956561,
      0.04351708917810179,
      0.040605979435813976,
      0.03982570287915335,
      0.03750091418173794,
      0.035092790865346994,
      0.03401017096821067,
      0.0322637376223491,
      0.030973581918145796,
      0.03080148907385584,
      0.027930149354695358,
      0.027127365950542544,
      0.02524615258377359,
      0.023932512169302107,
      0.02233021877941033,
      0.020586613788424087,
      0.01928397702155667,
      0.01715488076489573,
      0.01650369251883455,
      0.014150051520215104,
      0.013640884493037063,
      0.012754180978707456,
      0.011389362354853725,
      0.007673126877138603,
      0.007936203346543302,
      0.00707422777302266,
      0.006542557740364,
      0.00457947612939156
    ],
    "leverage_correlation": [
      -0.03220236985226149,
      -0.030007698100387906,
      -0.031877264599439036,
      -0.030177338239747133,
      -0.029888435813181728,
      -0.028638150486819166,
      -0.02749954963028258,
      -0.027585348466969264,
      -0.02666613555497109,
      -0.025635656995973862
    ],
    "aggregational_kurtosis": {
      "1": 4.60339786339658,
      "5": 4.586748838947848,
      "21": 4.801096172464452
    },
    "tail_index": 4.278436214587005
  },
  "fake_facts": {
    "kurtosis": 4.578235143991551,
    "return_acf": [
      -0.0031431711552122794,
      -0.0027410597877601936,
      -0.003572650537198494,
      -0.005431666289475686,
      -0.0017696700157238791,
      -0.002798937265198532,
      -0.004510257913490852,
      -0.003178307436965117,
      -0.004775462214290421,
      -0.0039217871099646645,
      -0.0050383750701076145,
      -0.0045348432613000105,
      -0.0031847364145267862,
      -0.0030210962218815605,
      -0.004794480025675514,
      -0.003996924103988257,
      -0.0018542115755404453,
      -0.003336143739762886,
      -0.0040953281003630005,
      -0.0047658147988666275
    ],
    "absolute_return_acf": [
      0.13798818330485202,
      0.1293112620590668,
      0.1200865194069133,
      0.1114377441227746,
      0.10444204556511165,
      0.09535436663740633,
      0.08908198902316695,
      0.07779474487559472,
      0.07228731125290146,
      0.06314047687178159,
      0.05544163840828478,
      0.04998006954567415,
      0.04157580035927052,
      0.03288336251291055,
      0.02627204782852075,
      0.020425460891194947,
      0.010999415248386456,
      0.005347827590842397,
      -8.935463923347156e-05,
      -0.008168467837395171,
      -0.013912001252669153,
      -0.014203628501158638,
      -0.01441703118834785,
      -0.014371530630779668,
      -0.013725535849544371,
      -0.015105098396573934,
      -0.01530438506038942,
      -0.015056922442492243,
      -0.015613654782086494,
      -0.015716284490319192,
      -0.016081173865063452,
      -0.014637944002950843,
      -0.015972533653428607,
      -0.01611467933357887,
      -0.014852921441728456,
      -0.01561175887168871,
      -0.016127364511016047,
      -0.015784599722229103,
      -0.013192549141895105,
      -0.015051846841329111,
      -0.01514477815522375,
      -0.014335308082211916,
      -0.015063865834954563,
      -0.014197576279617218,
      -0.014108489704103656,
      -0.015531281122169414,
      -0.01483655624856811,
      -0.01453743405696156,
      -0.016813937643297583,
      -0.015380328095247996
    ],
    "leverage_correlation": [
      -0.03455985609353689,
      -0.03339593215181789,
      -0.0324220688447614,
      -0.030013762847475266,
      -0.025843021684123738,
      -0.024932202432416496,
      -0.02267837724387057,
      -0.02126946574011939,
      -0.021208226459478906,
      -0.016352223211654308
    ],
    "aggregational_kurtosis": {
      "1": 4.578235143991551,
      "5": 4.465632141887971,
      "21": 4.6117863643393715
    },
    "tail_index": 4.297196006997709
  },
  "stylized_facts_comparison": {
    "kurtosis_real": 4.60339786339658,
    "kurtosis_fake": 4.578235143991551,
    "kurtosis_abs_diff": 0.02516271940502879,
    "return_acf_l1": 0.001147338194695362,
    "absolute_return_acf_l1": 0.035357262420153274,
    "leverage_correlation_l1": 0.00400838601068339,
    "aggregational_kurtosis_l1": {
      "1": 0.02516271940502879,
      "5": 0.12111669705987715,
      "21": 0.18930980812508036
    },
    "tail_index_real": 4.278436214587005,
    "tail_index_fake": 4.297196006997709,
    "tail_index_abs_diff": 0.01875979241070347
  },
  "distances": {
    "marginal_wasserstein_mean": 0.0004857691017265945,
    "marginal_wasserstein_max": 0.0009938856126107227,