{
  "real_facts": {
    "kurtosis": 4.60339786339658,
    "return_acf": [
      -0.006129896495456233,
      -0.005410572515444318,
      -0.004850442150800915,
      -0.0036463281274129967,
      -0.005386376919333319,
      -0.0031757095684462507,
      -0.0038579477775226357,
      -0.0039151866634744275,
      -0.005292579737192809,
      -0.003945431906172928,
      -0.004851899003124628,
      -0.0046194163631568036,
      -0.005172885457709455,
      -0.004211124507857456,
      -0.003735645228058452,
      -0.0037680503626371766,
      -0.004010344632969521,
      -0.003202785018342763,
      -0.0032783054102908417,
      -0.004305299142885759
    ],
    "absolute_return_acf": [
      0.08947994314640795,
      0.08706221495064048,
      0.08482332847898004,
      0.08305845971378771,
      0.08067919327684936,
      0.07845742851805035,
      0.07822117883161873,
      0.07314431128699136,
      0.07130771041124338,
      0.07008872915004222,
      0.06696331074490364,
      0.06571267470156224,
      0.06297135471751543,
      0.06143142913263746,
      0.058780572831940825,
      0.05806321182989763,
      0.05548740810128411,
      0.053705708316469335,
      0.05131013846360228,
      0.0498567169204288,
      0.04751329320018901,
      0.04666906945559521,
      0.04433729311956561,
      0.04351708917810179,
      0.040605979435813976,
      0.03982570287915335,
      0.03750091418173794,
      0.035092790865346994,
      0.03401017096821067,
      0.0322637376223491,
      0.030973581918145796,
      0.03080148907385584,
      0.027930149354695358,
      0.027127365950542544,
      0.02524615258377359,
      0.023932512169302107,
      0.02233021877941033,
      0.020586613788424087,
      0.01928397702155667,
      0.01715488076489573,
      0.01650369251883455,
      0.014150051520215104,
      0.013640884493037063,
      0.012754180978707456,
      0.011389362354853725,
      0.007673126877138603,
      0.007936203346543302,
      0.00707422777302266,
      0.006542557740364,
      0.00457947612939156
    ],
    "leverage_correlation": [
      -0.03220236985226149,
      -0.030007698100387906,
      -0.031877264599439036,
      -0.030177338239747133,
      -0.029888435813181728,
      -0.028638150486819166,
      -0.02749954963028258,
      -0.027585348466969264,
      -0.02666613555497109,
      -0.025635656995973862
    ],
    "aggregational_kurtosis": {
      "1": 4.60339786339658,
      "5": 4.586748838947848,
      "21": 4.801096172464452
    },
    "tail_index": 4.278436214587005
  },
  "fake_facts": {
    "kurtosis": 2.840660042487935,
    "return_acf": [
      0.07849122392679377,
      0.004170674410580688,
      -0.003972773631011709,
      -0.004416198668134661,
      -0.004442618994064381,
      -0.005298105064051423,
      -0.004759689800443286,
      -0.005640450237803564,
      -0.005855290791343223,
      -0.003998209079985157,
      -0.003814970959780285,
      -0.0035270922209900144,
      -0.005820772288721333,
      -0.006349719308050965,
      -0.005850253614055178,
      -0.006701254832241908,
      -0.004640557646249624,
      -0.006051241025339991,
      -0.0060437109181972195,
      -0.00584495776199135
    ],
    "absolute_return_acf": [
      0.19511469921574154,
      0.17825067070465253,
      0.1717019958886123,
      0.16774046519453717,
      0.1622958233571303,
      0.15517578042650104,
      0.15182015399020107,
      0.14801829870598068,
      0.14253720580204413,
      0.13804888821511294,
      0.13462186752044103,
      0.12882880608299022,
      0.1244977990168367,
      0.12148734909324503,
      0.11637987105534144,
      0.11170528091466099,
      0.1069559059782283,
      0.10613912596094062,
      0.10090507062441795,
      0.09774150428086383,
      0.09401448306966902,
      0.09050146380976758,
      0.08610500912091934,
      0.08362830155775706,
      0.07858470709052362,
      0.07529552723912998,
      0.07147513298964972,
      0.06907122884169108,
      0.06529329199228721,
      0.06174875645634329,
      0.05986744837058088,
      0.058282892792449296,
      0.05250817736751551,
      0.04899585944769722,
      0.045445698759410735,
      0.04227425841675875,
      0.04116162550467555,
      0.0383445952260653,
      0.03658748731210417,
      0.033993202040230944,
      0.03128082823572621,
      0.028801383210970016,
      0.025604515936568647,
      0.02337367015613961,
      0.02065771071704731,
      0.017543923478044326,
      0.01603354555103343,
      0.012445449674636268,
      0.01070150753436061,
      0.0074887508536674585
    ],
    "leverage_correlation": [
      -0.080026397893665,
      -0.024535675704126597,
      -0.017975399272754967,
      -0.018961498738411974,
      -0.017963282071359055,
      -0.018197701080015997,
      -0.016567929809180152,
      -0.015099150453872267,
      -0.01727322407156317,
      -0.016170940876227273
    ],
    "aggregational_kurtosis": {
      "1": 2.840660042487935,
      "5": 4.0691707080066815,
      "21": 4.353725161866644
    },
    "tail_index": 8.553674430996042
  },
  "stylized_facts_comparison": {
    "kurtosis_real": 4.60339786339658,
    "kurtosis_fake": 2.840660042487935,
    "kurtosis_abs_diff": 1.762737820908645,
    "return_acf_l1": 0.005995291673723984,
    "absolute_return_acf_l1": 0.04115050450428546,
    "leverage_correlation_l1": 0.014305480385166384,
    "aggregational_kurtosis_l1": {
      "1": 1.762737820908645,
      "5": 0.5175781309411667,
      "21": 0.4473710105978075
    },
    "tail_index_real": 4.278436214587005,
    "tail_index_fake": 8.553674430996042,
    "tail_index_abs_diff": 4.275238216409036
  },
  "distances": {
    "marginal_wasserstein_mean": 0.0011238018494414065,
    "marginal_wasserstein_max": 0.0014427059724760511,