{
  "real_facts": {
    "kurtosis": 4.60339786339658,
    "return_acf": [
      -0.006129896495456233,
      -0.005410572515444318,
      -0.004850442150800915,
      -0.0036463281274129967,
      -0.005386376919333319,
      -0.0031757095684462507,
      -0.0038579477775226357,
      -0.0039151866634744275,
      -0.005292579737192809,
      -0.003945431906172928,
      -0.004851899003124628,
      -0.0046194163631568036,
      -0.005172885457709455,
      -0.004211124507857456,
      -0.003735645228058452,
      -0.0037680503626371766,
      -0.004010344632969521,
      -0.003202785018342763,
      -0.0032783054102908417,
      -0.004305299142885759
    ],
    "absolute_return_acf": [
      0.08947994314640795,
      0.08706221495064048,
      0.08482332847898004,
      0.08305845971378771,
      0.08067919327684936,
      0.07845742851805035,
      0.07822117883161873,
      0.07314431128699136,
      0.07130771041124338,
      0.07008872915004222,
      0.06696331074490364,
      0.06571267470156224,
      0.06297135471751543,
      0.06143142913263746,
      0.058780572831940825,
      0.05806321182989763,
      0.05548740810128411,
      0.053705708316469335,
      0.05131013846360228,
      0.0498567169204288,
      0.04751329320018901,
      0.04666906945559521,
      0.04433729311956561,
      0.04351708917810179,
      0.040605979435813976,
      0.03982570287915335,
      0.03750091418173794,
      0.035092790865346994,
      0.03401017096821067,
      0.0322637376223491,
      0.030973581918145796,
      0.03080148907385584,
      0.027930149354695358,
      0.027127365950542544,
      0.02524615258377359,
      0.023932512169302107,
      0.02233021877941033,
      0.020586613788424087,
      0.01928397702155667,
      0.01715488076489573,
      0.01650369251883455,
      0.014150051520215104,
      0.013640884493037063,
      0.012754180978707456,
      0.011389362354853725,
      0.007673126877138603,
      0.007936203346543302,
      0.00707422777302266,
      0.006542557740364,
      0.00457947612939156
    ],
    "leverage_correlation": [
      -0.03220236985226149,
      -0.030007698100387906,
      -0.031877264599439036,
      -0.030177338239747133,
      -0.029888435813181728,
      -0.028638150486819166,
      -0.02749954963028258,
      -0.027585348466969264,
      -0.02666613555497109,
      -0.025635656995973862
    ],
    "aggregational_kurtosis": {
      "1": 4.60339786339658,
      "5": 4.586748838947848,
      "21": 4.801096172464452
    },
    "tail_index": 4.278436214587005
  },
  "fake_facts": {
    "kurtosis": 5.530523535330317,
    "return_acf": [
      -0.007543962809684969,
      -0.0018540145969658957,
      -0.001449649059537569,
      -0.0022188291165232835,
      -0.002596275157374899,
      -0.0025760501902179975,
      -0.0017111608955532119,
      -0.0033613962179803976,
      -0.0033921473724283393,
      -0.0013740239777959094,
      -0.0022891407253787448,
      -0.001867882911935738,
      -0.0028057515024820525,
      -0.004028180407968897,
      -0.0034623218002700702,
      -0.004905869223354251,
      -0.0025177056537768455,
      -0.0033302567816161357,
      -0.0027790276784023936,
      -0.0031635536983220594
    ],
    "absolute_return_acf": [
      0.10170108639117767,
      0.10103216432475895,
      0.09730329811251871,
      0.09516638190111866,
      0.09183835678688607,
      0.08892022579274148,
      0.08618235420830736,
      0.08416105174454579,
      0.08252322421124685,
      0.07918709973399754,
      0.07681015457262369,
      0.0739516564216017,
      0.07282573708674672,
      0.07059371054026548,
      0.06565140807941172,
      0.06502519740604915,
      0.062336745907032115,
      0.06131276073285575,
      0.058880230536802844,
      0.05624870229902132,
      0.05370873311256396,
      0.05347041107135888,
      0.05078367920080148,
      0.04980256566482593,
      0.04727957559978859,
      0.04430022375623792,
      0.04445889424341982,
      0.04206260815049449,
      0.03911643832938733,
      0.03805268660842598,
      0.03770426660575985,
      0.0363577748179606,
      0.03140324765296702,
      0.03156083092879273,
      0.028939583400872805,
      0.027324725016984422,
      0.025510687758206356,
      0.022890231487017472,
      0.023470941084310578,
      0.021803973771959393,
      0.020574443085736877,
      0.019958865969616015,
      0.016292219418704845,
      0.0142660371986301,
      0.012977780090104843,
      0.012902088267004506,
      0.012450407274300046,
      0.008160205886592537,
      0.009336916919781557,
      0.006180493791837182
    ],
    "leverage_correlation": [
      -0.03243963173264406,
      -0.03536799547905862,
      -0.034738534058432004,
      -0.035597427620130156,
      -0.03482805078874887,
      -0.03369505824263164,
      -0.03220979423341103,
      -0.030430998368900758,
      -0.03188032226467707,
      -0.03058410511589775
    ],
    "aggregational_kurtosis": {
      "1": 5.530523535330317,
      "5": 9.259681548241893,
      "21": 26.756827376642892
    },
    "tail_index": 3.9985433019970857
  },
  "stylized_facts_comparison": {
    "kurtosis_real": 4.60339786339658,
    "kurtosis_fake": 5.530523535330317,
    "kurtosis_abs_diff": 0.9271256719337364,
    "return_acf_l1": 0.0016448870543579197,
    "absolute_return_acf_l1": 0.006504026267730533,
    "leverage_correlation_l1": 0.004159397016449869,
    "aggregational_kurtosis_l1": {
      "1": 0.9271256719337364,
      "5": 4.672932709294045,
      "21": 21.95573120417844
    },
    "tail_index_real": 4.278436214587005,
    "tail_index_fake": 3.9985433019970857,
    "tail_index_abs_diff": 0.27989291258991944
  },
  "distances": {
    "marginal_wasserstein_mean": 0.000560331758743638,
    "marginal_wasserstein_max": 0.0011586941934758443,