{
  "real_facts": {
    "kurtosis": 4.60339786339658,
    "return_acf": [
      -0.006129896495456233,
      -0.005410572515444318,
      -0.004850442150800915,
      -0.0036463281274129967,
      -0.005386376919333319,
      -0.0031757095684462507,
      -0.0038579477775226357,
      -0.0039151866634744275,
      -0.005292579737192809,
      -0.003945431906172928,
      -0.004851899003124628,
      -0.0046194163631568036,
      -0.005172885457709455,
      -0.004211124507857456,
      -0.003735645228058452,
      -0.0037680503626371766,
      -0.004010344632969521,
      -0.003202785018342763,
      -0.0032783054102908417,
      -0.004305299142885759
    ],
    "absolute_return_acf": [
      0.08947994314640795,
      0.08706221495064048,
      0.08482332847898004,
      0.08305845971378771,
      0.08067919327684936,
      0.07845742851805035,
      0.07822117883161873,
      0.07314431128699136,
      0.07130771041124338,
      0.07008872915004222,
      0.06696331074490364,
      0.06571267470156224,
      0.06297135471751543,
      0.06143142913263746,
      0.058780572831940825,
      0.05806321182989763,
      0.05548740810128411,
      0.053705708316469335,
      0.05131013846360228,
      0.0498567169204288,
      0.04751329320018901,
      0.04666906945559521,
      0.04433729311956561,
      0.04351708917810179,
      0.040605979435813976,
      0.03982570287915335,
      0.03750091418173794,
      0.035092790865346994,
      0.03401017096821067,
      0.0322637376223491,
      0.030973581918145796,
      0.03080148907385584,
      0.027930149354695358,
      0.027127365950542544,
      0.02524615258377359,
      0.023932512169302107,
      0.02233021877941033,
      0.020586613788424087,
      0.01928397702155667,
      0.01715488076489573,
      0.01650369251883455,
      0.014150051520215104,
      0.013640884493037063,
      0.012754180978707456,
      0.011389362354853725,
      0.007673126877138603,
      0.007936203346543302,
      0.00707422777302266,
      0.006542557740364,
      0.00457947612939156
    ],
    "leverage_correlation": [
      -0.03220236985226149,
      -0.030007698100387906,
      -0.031877264599439036,
      -0.030177338239747133,
      -0.029888435813181728,
      -0.028638150486819166,
      -0.02749954963028258,
      -0.027585348466969264,
      -0.02666613555497109,
      -0.025635656995973862
    ],
    "aggregational_kurtosis": {
      "1": 4.60339786339658,
      "5": 4.586748838947848,
      "21": 4.801096172464452
    },
    "tail_index": 4.278436214587005
  },
  "fake_facts": {
    "kurtosis": 7.85208778372958,
    "return_acf": [
      -0.007249400513084761,
      -0.0008964381055893888,
      -0.00033239943114056047,
      -0.001107731696781924,
      -0.001526756357485938,
      -0.0014407191217078827,
      -0.0008322503791181058,
      -0.0022926047416977863,
      -0.002552382958543427,
      -0.0006855105933214924,
      -0.0009717477328106598,
      -0.0007429716748211491,
      -0.0019488906411763128,
      -0.0029050737144756178,
      -0.0026745489994977555,
      -0.0040643622581603735,
      -0.0016869494622964978,
      -0.002802014601632202,
      -0.0019966419807777303,
      -0.0026444738184959325
    ],
    "absolute_return_acf": [
      0.09971784468635232,
      0.09901562736990964,
      0.09588766633277007,
      0.09373292955704185,
      0.09079449406858146,
      0.087856496299244,
      0.08548221792184245,
      0.08350605651763836,
      0.08203061152553966,
      0.0788771501074333,
      0.07667422987961951,
      0.07372913940715828,
      0.072735020235213,
      0.07103236274501215,
      0.06588572972608048,
      0.06530538982172741,
      0.06278228934598501,
      0.06182183944452737,
      0.05946142661703392,
      0.0568494187303328,
      0.05458467749865349,
      0.05407223539344674,
      0.05172448377019671,
      0.051058012615876024,
      0.048501658830852515,
      0.04542000925550884,
      0.045487626623732826,
      0.04339695466394389,
      0.04046856356546962,
      0.03939448516223065,
      0.03944580800534098,
      0.03793073491317169,
      0.03315390414446439,
      0.033434160843938084,
      0.030966811585319984,
      0.029330465049880128,
      0.0274622096630935,
      0.02472673421170596,
      0.025596520140961393,
      0.02361903756789363,
      0.022672046750251466,
      0.021816908954541886,
      0.018629109087609015,
      0.016487528626141258,
      0.01518154911620072,
      0.015243421361221974,
      0.01460025631297722,
      0.010501620836803541,
      0.011822100422688584,
      0.00862876188294683
    ],
    "leverage_correlation": [
      -0.03372411490667681,
      -0.03666441914982279,
      -0.03616546577533394,
      -0.03734664829523201,
      -0.03650595329424975,
      -0.03544414467530261,
      -0.03394165844369786,
      -0.03233467041635852,
      -0.03365196743752201,
      -0.03214699589415506
    ],
    "aggregational_kurtosis": {
      "1": 7.85208778372958,
      "5": 14.851310714741855,
      "21": 32.789954560433834
    },
    "tail_index": 3.474625161754702
  },
  "stylized_facts_comparison": {
    "kurtosis_real": 4.60339786339658,
    "kurtosis_fake": 7.85208778372958,
    "kurtosis_abs_diff": 3.2486899203329997,
    "return_acf_l1": 0.002412199501598882,
    "absolute_return_acf_l1": 0.007379691352569591,
    "leverage_correlation_l1": 0.00577480905483181,
    "aggregational_kurtosis_l1": {
      "1": 3.2486899203329997,
      "5": 10.264561875794007,
      "21": 27.988858387969383
    },
    "tail_index_real": 4.278436214587005,
    "tail_index_fake": 3.474625161754702,
    "tail_index_abs_diff": 0.803811052832303
  },
  "distances": {
    "marginal_wasserstein_mean": 0.0007668401638817654,
    "marginal_wasserstein_max": 0.0011388330064746957,