{
  "real_facts": {
    "kurtosis": 4.60339786339658,
    "return_acf": [
      -0.006129896495456233,
      -0.005410572515444318,
      -0.004850442150800915,
      -0.0036463281274129967,
      -0.005386376919333319,
      -0.0031757095684462507,
      -0.0038579477775226357,
      -0.0039151866634744275,
      -0.005292579737192809,
      -0.003945431906172928,
      -0.004851899003124628,
      -0.0046194163631568036,
      -0.005172885457709455,
      -0.004211124507857456,
      -0.003735645228058452,
      -0.0037680503626371766,
      -0.004010344632969521,
      -0.003202785018342763,
      -0.0032783054102908417,
      -0.004305299142885759
    ],
    "absolute_return_acf": [
      0.08947994314640795,
      0.08706221495064048,
      0.08482332847898004,
      0.08305845971378771,
      0.08067919327684936,
      0.07845742851805035,
      0.07822117883161873,
      0.07314431128699136,
      0.07130771041124338,
      0.07008872915004222,
      0.06696331074490364,
      0.06571267470156224,
      0.06297135471751543,
      0.06143142913263746,
      0.058780572831940825,
      0.05806321182989763,
      0.05548740810128411,
      0.053705708316469335,
      0.05131013846360228,
      0.0498567169204288,
      0.04751329320018901,
      0.04666906945559521,
      0.04433729311956561,
      0.04351708917810179,
      0.040605979435813976,
      0.03982570287915335,
      0.03750091418173794,
      0.035092790865346994,
      0.03401017096821067,
      0.0322637376223491,
      0.030973581918145796,
      0.03080148907385584,
      0.027930149354695358,
      0.027127365950542544,
      0.02524615258377359,
      0.023932512169302107,
      0.02233021877941033,
      0.020586613788424087,
      0.01928397702155667,
      0.01715488076489573,
      0.01650369251883455,
      0.014150051520215104,
      0.013640884493037063,
      0.012754180978707456,
      0.011389362354853725,
      0.007673126877138603,
      0.007936203346543302,
      0.00707422777302266,
      0.006542557740364,
      0.00457947612939156
    ],
    "leverage_correlation": [
      -0.03220236985226149,
      -0.030007698100387906,
      -0.031877264599439036,
      -0.030177338239747133,
      -0.029888435813181728,
      -0.028638150486819166,
      -0.02749954963028258,
      -0.027585348466969264,
      -0.02666613555497109,
      -0.025635656995973862
    ],
    "aggregational_kurtosis": {
      "1": 4.60339786339658,
      "5": 4.586748838947848,
      "21": 4.801096172464452
    },
    "tail_index": 4.278436214587005
  },
  "fake_facts": {
    "kurtosis": 2.840660041566283,
    "return_acf": [
      0.07849122390576171,
      0.004170674304400363,
      -0.00397277370158207,
      -0.00441619858909552,
      -0.004442619028498726,
      -0.005298104993549957,
      -0.004759689745126846,
      -0.005640450211282328,
      -0.0058552907306267,
      -0.003998209042591814,
      -0.0038149709641663236,
      -0.0035270922403018708,
      -0.005820772337072747,
      -0.006349719373481253,
      -0.005850253593275845,
      -0.006701254807579804,
      -0.004640557543831851,
      -0.006051240957195765,
      -0.00604371095911992,
      -0.0058449577935760855
    ],
    "absolute_return_acf": [
      0.19617700476245747,
      0.17866079140042515,
      0.1720374318096542,
      0.1680985989265291,
      0.16262830971712677,
      0.15551262431332658,
      0.15213683827917376,
      0.1482849376603481,
      0.14284358924513246,
      0.1383256977681333,
      0.13489266713957584,
      0.12911459950808918,
      0.12473974975719723,
      0.12172397207944334,
      0.11662360083946662,
      0.11193002068975805,
      0.10716887746664207,
      0.10639530204805578,
      0.10111140540404481,
      0.09797292991570539,
      0.09424325980561701,
      0.09068886259638062,
      0.08632169803186979,
      0.08379912058342744,
      0.07873016640717494,
      0.0754662524503273,
      0.07164181922058974,
      0.06922513437845774,
      0.06543416949681984,
      0.061926773099141894,
      0.06002092841913601,
      0.05841760115027923,
      0.05260598751361281,
      0.049092957775518684,
      0.04553761220316839,
      0.04232481143466557,
      0.04125327645278861,
      0.038445082602772,
      0.03664733555558181,
      0.03410860634698821,
      0.031337081148529324,
      0.028851523425997522,
      0.025653515175646395,
      0.023398241806670467,
      0.020685517037292583,
      0.017594407428878356,
      0.01609243569332954,
      0.012451406874625875,
      0.010739116473597782,
      0.0075260110304458455
    ],
    "leverage_correlation": [
      -0.0812007585130255,
      -0.024546805321210563,
      -0.017865350006573806,
      -0.018850929828529296,
      -0.017849539829736097,
      -0.018066485586345094,
      -0.016450767868424657,
      -0.014964326992127906,
      -0.01714562280567774,
      -0.016066954694950238
    ],
    "aggregational_kurtosis": {
      "1": 2.840660041566283,
      "5": 4.069170708625836,
      "21": 4.3537251625824
    },
    "tail_index": 8.537284749183948
  },
  "stylized_facts_comparison": {
    "kurtosis_real": 4.60339786339658,
    "kurtosis_fake": 2.840660041566283,
    "kurtosis_abs_diff": 1.7627378218302971,
    "return_acf_l1": 0.005995291642968112,
    "absolute_return_acf_l1": 0.041341757815639785,
    "leverage_correlation_l1": 0.01451671836149604,
    "aggregational_kurtosis_l1": {
      "1": 1.7627378218302971,
      "5": 0.5175781303220122,
      "21": 0.44737100988205203
    },
    "tail_index_real": 4.278436214587005,
    "tail_index_fake": 8.537284749183948,
    "tail_index_abs_diff": 4.258848534596943
  },
  "distances": {
    "marginal_wasserstein_mean": 0.011758355461487643,
    "marginal_wasserstein_max": 0.012579971696467084,