{
  "real_facts": {
    "kurtosis": 4.60339786339658,
    "return_acf": [
      -0.006129896495456233,
      -0.005410572515444318,
      -0.004850442150800915,
      -0.0036463281274129967,
      -0.005386376919333319,
      -0.0031757095684462507,
      -0.0038579477775226357,
      -0.0039151866634744275,
      -0.005292579737192809,
      -0.003945431906172928,
      -0.004851899003124628,
      -0.0046194163631568036,
      -0.005172885457709455,
      -0.004211124507857456,
      -0.003735645228058452,
      -0.0037680503626371766,
      -0.004010344632969521,
      -0.003202785018342763,
      -0.0032783054102908417,
      -0.004305299142885759
    ],
    "absolute_return_acf": [
      0.08947994314640795,
      0.08706221495064048,
      0.08482332847898004,
      0.08305845971378771,
      0.08067919327684936,
      0.07845742851805035,
      0.07822117883161873,
      0.07314431128699136,
      0.07130771041124338,
      0.07008872915004222,
      0.06696331074490364,
      0.06571267470156224,
      0.06297135471751543,
      0.06143142913263746,
      0.058780572831940825,
      0.05806321182989763,
      0.05548740810128411,
      0.053705708316469335,
      0.05131013846360228,
      0.0498567169204288,
      0.04751329320018901,
      0.04666906945559521,
      0.04433729311956561,
      0.04351708917810179,
      0.040605979435813976,
      0.03982570287915335,
      0.03750091418173794,
      0.035092790865346994,
      0.03401017096821067,
      0.0322637376223491,
      0.030973581918145796,
      0.03080148907385584,
      0.027930149354695358,
      0.027127365950542544,
      0.02524615258377359,
      0.023932512169302107,
      0.02233021877941033,
      0.020586613788424087,
      0.01928397702155667,
      0.01715488076489573,
      0.01650369251883455,
      0.014150051520215104,
      0.013640884493037063,
      0.012754180978707456,
      0.011389362354853725,
      0.007673126877138603,
      0.007936203346543302,
      0.00707422777302266,
      0.006542557740364,
      0.00457947612939156
    ],
    "leverage_correlation": [
      -0.03220236985226149,
      -0.030007698100387906,
      -0.031877264599439036,
      -0.030177338239747133,
      -0.029888435813181728,
      -0.028638150486819166,
      -0.02749954963028258,
      -0.027585348466969264,
      -0.02666613555497109,
      -0.025635656995973862
    ],
    "aggregational_kurtosis": {
      "1": 4.60339786339658,
      "5": 4.586748838947848,
      "21": 4.801096172464452
    },
    "tail_index": 4.278436214587005
  },
  "fake_facts": {
    "kurtosis": 8.103252694600444,
    "return_acf": [
      -0.007827539638469274,
      -0.0012821727514346578,
      -0.0006449576774403987,
      -0.0016150925095254776,
      -0.0019398120808218696,
      -0.0017710579998915787,
      -0.0011427400738503201,
      -0.0025739550277744405,
      -0.0025407162052891296,
      -0.0009173370294814923,
      -0.0011819455035175313,
      -0.0008879795194302213,
      -0.002150121944661571,
      -0.002993433832705804,
      -0.002654275625428029,
      -0.0042019469055763065,
      -0.0016439602825365491,
      -0.0026461191167386,
      -0.0020238865787492533,
      -0.002532170701092228
    ],
    "absolute_return_acf": [
      0.09957350148264907,
      0.09909479000329721,
      0.09580447038050688,
      0.09363367598705499,
      0.09064806065172823,
      0.08784463595357613,
      0.08541909484941976,
      0.08356294962455316,
      0.082236069895149,
      0.07899475311353027,
      0.07683552390266897,
      0.0739807454861708,
      0.07275366827339394,
      0.07123269216024243,
      0.06614453252333097,
      0.06568036717035641,
      0.06304345048017528,
      0.062033781873468787,
      0.0598059808098317,
      0.05715154430690767,
      0.054926678042203435,
      0.05446450974677622,
      0.05198375405032666,
      0.05148398788995786,
      0.04905355451594624,
      0.045693666857602545,
      0.04595910249630584,
      0.04391127724456778,
      0.040926270779795854,
      0.03992074059293995,
      0.03989854011337579,
      0.038441427881376895,
      0.03369372684314183,
      0.033912858079913163,
      0.031467967197595134,
      0.029955182415449776,
      0.028016138115808376,
      0.025253331676851565,
      0.026210205113592264,
      0.024295181108577146,
      0.02328928347701509,
      0.022338382778662874,
      0.019133350943696274,
      0.017226172524506703,
      0.015697334399216237,
      0.015766754226139795,
      0.015209855253097256,
      0.011026761835582087,
      0.01236664618914843,
      0.009225338141112913
    ],
    "leverage_correlation": [
      -0.033164660297501744,
      -0.036135741412813435,
      -0.03584273875137958,
      -0.03685266479605317,
      -0.03605314348060998,
      -0.03494403146888152,
      -0.03348472106885666,
      -0.03183962323419328,
      -0.03333939306902119,
      -0.0319108683772619
    ],
    "aggregational_kurtosis": {
      "1": 8.103252694600444,
      "5": 11.262524374216824,
      "21": 18.536541950760583
    },
    "tail_index": 3.42040922144312
  },
  "stylized_facts_comparison": {
    "kurtosis_real": 4.60339786339658,
    "kurtosis_fake": 8.103252694600444,
    "kurtosis_abs_diff": 3.499854831203864,
    "return_acf_l1": 0.0022929042677889647,
    "absolute_return_acf_l1": 0.007733409997813331,
    "leverage_correlation_l1": 0.005338963821653919,
    "aggregational_kurtosis_l1": {
      "1": 3.499854831203864,
      "5": 6.675775535268976,
      "21": 13.735445778296132
    },
    "tail_index_real": 4.278436214587005,
    "tail_index_fake": 3.42040922144312,
    "tail_index_abs_diff": 0.8580269931438851
  },
  "distances": {
    "marginal_wasserstein_mean": 0.0008278187397553026,
    "marginal_wasserstein_max": 0.0012940403694026094,