{
  "real_facts": {
    "kurtosis": 4.60339786339658,
    "return_acf": [
      -0.006129896495456233,
      -0.005410572515444318,
      -0.004850442150800915,
      -0.0036463281274129967,
      -0.005386376919333319,
      -0.0031757095684462507,
      -0.0038579477775226357,
      -0.0039151866634744275,
      -0.005292579737192809,
      -0.003945431906172928,
      -0.004851899003124628,
      -0.0046194163631568036,
      -0.005172885457709455,
      -0.004211124507857456,
      -0.003735645228058452,
      -0.0037680503626371766,
      -0.004010344632969521,
      -0.003202785018342763,
      -0.0032783054102908417,
      -0.004305299142885759
    ],
    "absolute_return_acf": [
      0.08947994314640795,
      0.08706221495064048,
      0.08482332847898004,
      0.08305845971378771,
      0.08067919327684936,
      0.07845742851805035,
      0.07822117883161873,
      0.07314431128699136,
      0.07130771041124338,
      0.07008872915004222,
      0.06696331074490364,
      0.06571267470156224,
      0.06297135471751543,
      0.06143142913263746,
      0.058780572831940825,
      0.05806321182989763,
      0.05548740810128411,
      0.053705708316469335,
      0.05131013846360228,
      0.0498567169204288,
      0.04751329320018901,
      0.04666906945559521,
      0.04433729311956561,
      0.04351708917810179,
      0.040605979435813976,
      0.03982570287915335,
      0.03750091418173794,
      0.035092790865346994,
      0.03401017096821067,
      0.0322637376223491,
      0.030973581918145796,
      0.03080148907385584,
      0.027930149354695358,
      0.027127365950542544,
      0.02524615258377359,
      0.023932512169302107,
      0.02233021877941033,
      0.020586613788424087,
      0.01928397702155667,
      0.01715488076489573,
      0.01650369251883455,
      0.014150051520215104,
      0.013640884493037063,
      0.012754180978707456,
      0.011389362354853725,
      0.007673126877138603,
      0.007936203346543302,
      0.00707422777302266,
      0.006542557740364,
      0.00457947612939156
    ],
    "leverage_correlation": [
      -0.03220236985226149,
      -0.030007698100387906,
      -0.031877264599439036,
      -0.030177338239747133,
      -0.029888435813181728,
      -0.028638150486819166,
      -0.02749954963028258,
      -0.027585348466969264,
      -0.02666613555497109,
      -0.025635656995973862
    ],
    "aggregational_kurtosis": {
      "1": 4.60339786339658,
      "5": 4.586748838947848,
      "21": 4.801096172464452
    },
    "tail_index": 4.278436214587005
  },
  "fake_facts": {
    "kurtosis": 4.857421009497661,
    "return_acf": [
      -0.008544615081152139,
      -0.004197069213414777,
      -0.00367537910629112,
      -0.004432563229073926,
      -0.004627633198866404,
      -0.004535468673216216,
      -0.0035525194530836154,
      -0.005279404823492583,
      -0.004883099316743444,
      -0.002832926250075795,
      -0.004234288006750642,
      -0.0034648545555192433,
      -0.00444350709931596,
      -0.005571288131634018,
      -0.004859777185522732,
      -0.006078839821786839,
      -0.0037733366586584728,
      -0.004699661175116805,
      -0.004023843133860889,
      -0.004284720112121524
    ],
    "absolute_return_acf": [
      0.10772031761155829,
      0.10643025914856373,
      0.10206248208774868,
      0.09944671675315822,
      0.0954532274373925,
      0.09244651343965303,
      0.08933652271069688,
      0.08706425220266069,
      0.08466548792109543,
      0.08126206596719525,
      0.07816125800420637,
      0.07517701717377304,
      0.07403672027814451,
      0.07102871333453901,
      0.06631689473413951,
      0.06467061999022446,
      0.06216434777628641,
      0.06059834383538787,
      0.058130457212522205,
      0.0553513110838747,
      0.05219443284510746,
      0.05187920374830529,
      0.049192670457876835,
      0.047749029678002784,
      0.0450729022485278,
      0.04202324449400672,
      0.04200638907702238,
      0.03916272025398416,
      0.03617701600563722,
      0.03522976782968895,
      0.03453266480142316,
      0.032762411432817024,
      0.028096555441497303,
      0.02758789493656795,
      0.02529268147534689,
      0.023571426664309537,
      0.02159555402625576,
      0.018833960901296926,
      0.019335297104692645,
      0.017764128424154826,
      0.01637405912392717,
      0.01564790250084973,
      0.012149038294571422,
      0.010569999684125347,
      0.009028471157673228,
      0.008526232711373361,
      0.007976796521755435,
      0.003774040861614711,
      0.004769645895849771,
      0.0021636202717062437
    ],
    "leverage_correlation": [
      -0.03433192517834327,
      -0.035676792441583435,
      -0.03523198443258896,
      -0.03569855500653081,
      -0.03517295025069332,
      -0.03365172493686564,
      -0.03211807394252953,
      -0.0303951667692878,
      -0.031786934579113094,
      -0.030565711194853275
    ],
    "aggregational_kurtosis": {
      "1": 4.857421009497661,
      "5": 4.927515475503406,
      "21": 5.5593218800070785
    },
    "tail_index": 4.235269390265618
  },
  "stylized_facts_comparison": {
    "kurtosis_real": 4.60339786339658,
    "kurtosis_fake": 4.857421009497661,
    "kurtosis_abs_diff": 0.2540231461010807,
    "return_acf_l1": 0.0010348146254175823,
    "absolute_return_acf_l1": 0.005920386753863932,
    "leverage_correlation_l1": 0.004445187099235588,
    "aggregational_kurtosis_l1": {
      "1": 0.2540231461010807,
      "5": 0.34076663655555794,
      "21": 0.7582257075426266
    },
    "tail_index_real": 4.278436214587005,
    "tail_index_fake": 4.235269390265618,
    "tail_index_abs_diff": 0.04316682432138741
  },
  "distances": {
    "marginal_wasserstein_mean": 0.0016160577699012217,
    "marginal_wasserstein_max": 0.0024964876278042196,