{
  "real_facts": {
    "kurtosis": 4.60339786339658,
    "return_acf": [
      -0.006129896495456233,
      -0.005410572515444318,
      -0.004850442150800915,
      -0.0036463281274129967,
      -0.005386376919333319,
      -0.0031757095684462507,
      -0.0038579477775226357,
      -0.0039151866634744275,
      -0.005292579737192809,
      -0.003945431906172928,
      -0.004851899003124628,
      -0.0046194163631568036,
      -0.005172885457709455,
      -0.004211124507857456,
      -0.003735645228058452,
      -0.0037680503626371766,
      -0.004010344632969521,
      -0.003202785018342763,
      -0.0032783054102908417,
      -0.004305299142885759
    ],
    "absolute_return_acf": [
      0.08947994314640795,
      0.08706221495064048,
      0.08482332847898004,
      0.08305845971378771,
      0.08067919327684936,
      0.07845742851805035,
      0.07822117883161873,
      0.07314431128699136,
      0.07130771041124338,
      0.07008872915004222,
      0.06696331074490364,
      0.06571267470156224,
      0.06297135471751543,
      0.06143142913263746,
      0.058780572831940825,
      0.05806321182989763,
      0.05548740810128411,
      0.053705708316469335,
      0.05131013846360228,
      0.0498567169204288,
      0.04751329320018901,
      0.04666906945559521,
      0.04433729311956561,
      0.04351708917810179,
      0.040605979435813976,
      0.03982570287915335,
      0.03750091418173794,
      0.035092790865346994,
      0.03401017096821067,
      0.0322637376223491,
      0.030973581918145796,
      0.03080148907385584,
      0.027930149354695358,
      0.027127365950542544,
      0.02524615258377359,
      0.023932512169302107,
      0.02233021877941033,
      0.020586613788424087,
      0.01928397702155667,
      0.01715488076489573,
      0.01650369251883455,
      0.014150051520215104,
      0.013640884493037063,
      0.012754180978707456,
      0.011389362354853725,
      0.007673126877138603,
      0.007936203346543302,
      0.00707422777302266,
      0.006542557740364,
      0.00457947612939156
    ],
    "leverage_correlation": [
      -0.03220236985226149,
      -0.030007698100387906,
      -0.031877264599439036,
      -0.030177338239747133,
      -0.029888435813181728,
      -0.028638150486819166,
      -0.02749954963028258,
      -0.027585348466969264,
      -0.02666613555497109,
      -0.025635656995973862
    ],
    "aggregational_kurtosis": {
      "1": 4.60339786339658,
      "5": 4.586748838947848,
      "21": 4.801096172464452
    },
    "tail_index": 4.278436214587005
  },
  "fake_facts": {
    "kurtosis": 8.103252692929342,
    "return_acf": [
      -0.007827539694511424,
      -0.0012821728641296288,
      -0.0006449576829203905,
      -0.0016150925205015803,
      -0.0019398121214294019,
      -0.0017710580195740974,
      -0.0011427401354907208,
      -0.00257395501850256,
      -0.0025407162004500617,
      -0.0009173371072089341,
      -0.001181945500339552,
      -0.0008879795720752906,
      -0.0021501219224275146,
      -0.002993433753221832,
      -0.0026542756145271715,
      -0.0042019468633685865,
      -0.0016439602490880155,
      -0.0026461191642276846,
      -0.002023886636080086,
      -0.002532170660230831
    ],
    "absolute_return_acf": [
      0.10278733093271705,
      0.10247353383114248,
      0.09897476344752387,
      0.0969502427118599,
      0.09375099192873293,
      0.09091770664547226,
      0.08834948825765257,
      0.08643147587866892,
      0.08511070446934572,
      0.08167278928071002,
      0.07943289714537179,
      0.07663597216909017,
      0.07509397513743332,
      0.0735740023411239,
      0.06841588412732152,
      0.06801349215477895,
      0.06512445914975434,
      0.06426136834115634,
      0.06172000284279269,
      0.05923840821034413,
      0.057017785238184536,
      0.056302476108107305,
      0.05384009127161498,
      0.05303895291636178,
      0.05068624477454776,
      0.04736207084304289,
      0.04757091976062214,
      0.04548244490666585,
      0.04249075705778123,
      0.0414108737479148,
      0.04111209294505775,
      0.039819940522614984,
      0.03485903095382568,
      0.03508172801260223,
      0.03244948735436435,
      0.03083479125132696,
      0.02901479724030734,
      0.026260787439482788,
      0.027028149074439976,
      0.02518908369325209,
      0.0241222787760625,
      0.023144428339645813,
      0.019655458796106053,
      0.017582319996608947,
      0.016111420281730224,
      0.016341343180477013,
      0.01572473999151519,
      0.01144838817894691,
      0.012901021745519848,
      0.009509488029055204
    ],
    "leverage_correlation": [
      -0.03253411335713066,
      -0.03588079993045043,
      -0.035648705935942146,
      -0.036539128036424444,
      -0.035800090410307024,
      -0.03462627893041522,
      -0.03325552218038005,
      -0.03145514365279792,
      -0.03299047222567258,
      -0.03167899582310007
    ],
    "aggregational_kurtosis": {
      "1": 8.103252692929342,
      "5": 11.262524415645325,
      "21": 18.536541979194517
    },
    "tail_index": 3.40807183645027
  },
  "stylized_facts_comparison": {
    "kurtosis_real": 4.60339786339658,
    "kurtosis_fake": 8.103252692929342,
    "kurtosis_abs_diff": 3.4998548295327616,
    "return_acf_l1": 0.002292904254377877,
    "absolute_return_acf_l1": 0.00945542223726302,
    "leverage_correlation_l1": 0.0050231302742587275,
    "aggregational_kurtosis_l1": {
      "1": 3.4998548295327616,
      "5": 6.675775576697477,
      "21": 13.735445806730066
    },
    "tail_index_real": 4.278436214587005,
    "tail_index_fake": 3.40807183645027,
    "tail_index_abs_diff": 0.8703643781367352
  },
  "distances": {
    "marginal_wasserstein_mean": 0.0008836251325447076,
    "marginal_wasserstein_max": 0.0022002396519327653,