{
  "real_facts": {
    "kurtosis": 4.60339786339658,
    "return_acf": [
      -0.006129896495456233,
      -0.005410572515444318,
      -0.004850442150800915,
      -0.0036463281274129967,
      -0.005386376919333319,
      -0.0031757095684462507,
      -0.0038579477775226357,
      -0.0039151866634744275,
      -0.005292579737192809,
      -0.003945431906172928,
      -0.004851899003124628,
      -0.0046194163631568036,
      -0.005172885457709455,
      -0.004211124507857456,
      -0.003735645228058452,
      -0.0037680503626371766,
      -0.004010344632969521,
      -0.003202785018342763,
      -0.0032783054102908417,
      -0.004305299142885759
    ],
    "absolute_return_acf": [
      0.08947994314640795,
      0.08706221495064048,
      0.08482332847898004,
      0.08305845971378771,
      0.08067919327684936,
      0.07845742851805035,
      0.07822117883161873,
      0.07314431128699136,
      0.07130771041124338,
      0.07008872915004222,
      0.06696331074490364,
      0.06571267470156224,
      0.06297135471751543,
      0.06143142913263746,
      0.058780572831940825,
      0.05806321182989763,
      0.05548740810128411,
      0.053705708316469335,
      0.05131013846360228,
      0.0498567169204288,
      0.04751329320018901,
      0.04666906945559521,
      0.04433729311956561,
      0.04351708917810179,
      0.040605979435813976,
      0.03982570287915335,
      0.03750091418173794,
      0.035092790865346994,
      0.03401017096821067,
      0.0322637376223491,
      0.030973581918145796,
      0.03080148907385584,
      0.027930149354695358,
      0.027127365950542544,
      0.02524615258377359,
      0.023932512169302107,
      0.02233021877941033,
      0.020586613788424087,
      0.01928397702155667,
      0.01715488076489573,
      0.01650369251883455,
      0.014150051520215104,
      0.013640884493037063,
      0.012754180978707456,
      0.011389362354853725,
      0.007673126877138603,
      0.007936203346543302,
      0.00707422777302266,
      0.006542557740364,
      0.00457947612939156
    ],
    "leverage_correlation": [
      -0.03220236985226149,
      -0.030007698100387906,
      -0.031877264599439036,
      -0.030177338239747133,
      -0.029888435813181728,
      -0.028638150486819166,
      -0.02749954963028258,
      -0.027585348466969264,
      -0.02666613555497109,
      -0.025635656995973862
    ],
    "aggregational_kurtosis": {
      "1": 4.60339786339658,
      "5": 4.586748838947848,
      "21": 4.801096172464452
    },
    "tail_index": 4.278436214587005
  },
  "fake_facts": {
    "kurtosis": 3.3725980108786504,
    "return_acf": [
      0.08920208768574794,
      0.006745072360730113,
      -0.0034132364728090172,
      -0.004344656989925634,
      -0.0043647768458781894,
      -0.005174640637495265,
      -0.004671827202269494,
      -0.005608572140939932,
      -0.005858552366272986,
      -0.004006375028874023,
      -0.0035846794428503067,
      -0.003456557665719017,
      -0.005886383345569689,
      -0.006273319863427418,
      -0.005709586168996646,
      -0.006584500771439376,
      -0.004542020495669706,
      -0.006032951276393016,
      -0.006142963713003751,
      -0.006106632889214849
    ],
    "absolute_return_acf": [
      0.22120381028766287,
      0.20014455369854928,
      0.19269178312615123,
      0.18841164403457997,
      0.18216703254486183,
      0.17499197965304988,
      0.17106709355370284,
      0.16657531526336802,
      0.16069472288424283,
      0.15560976985729383,
      0.15176811209237517,
      0.14567553949924097,
      0.14099289260504996,
      0.13725423255161756,
      0.13183472703989993,
      0.12727040445472307,
      0.12173871995574687,
      0.12075404830678749,
      0.11487149248528815,
      0.11153410665742576,
      0.10713688693033266,
      0.10338304721912643,
      0.0988765495791831,
      0.09602140350251603,
      0.09045545685300721,
      0.08696865158831725,
      0.0831512447421836,
      0.07995226131721052,
      0.07572218242688292,
      0.07233595458278543,
      0.07022410838032497,
      0.0681654036957452,
      0.06203634712448488,
      0.05843568581905058,
      0.05447286431627976,
      0.05113453266015924,
      0.049714674555189575,
      0.04658134656846017,
      0.044202758640506434,
      0.04160954451090716,
      0.03842193874301268,
      0.03595179654473327,
      0.03226451783772032,
      0.029949997330394752,
      0.02680880494313359,
      0.023700502829285156,
      0.022055277587051992,
      0.018110205268011242,
      0.01613010471266943,
      0.012679918938509876
    ],
    "leverage_correlation": [
      -0.08767070231547523,
      -0.030777600641148838,
      -0.023117898908792206,
      -0.023831052348066265,
      -0.022906340742396794,
      -0.022540447489630158,
      -0.021247018032565835,
      -0.019215830809801555,
      -0.02120019221783686,
      -0.0206109101326577
    ],
    "aggregational_kurtosis": {
      "1": 3.3725980108786504,
      "5": 5.0110771924532465,
      "21": 5.486523325695714
    },
    "tail_index": 6.229154398835128
  },
  "stylized_facts_comparison": {
    "kurtosis_real": 4.60339786339658,
    "kurtosis_fake": 3.3725980108786504,
    "kurtosis_abs_diff": 1.2307998525179298,
    "return_acf_l1": 0.006690093620752803,
    "absolute_return_acf_l1": 0.05368708361462333,
    "leverage_correlation_l1": 0.010953642410961115,
    "aggregational_kurtosis_l1": {
      "1": 1.2307998525179298,
      "5": 0.4243283535053983,
      "21": 0.6854271532312621
    },
    "tail_index_real": 4.278436214587005,
    "tail_index_fake": 6.229154398835128,
    "tail_index_abs_diff": 1.9507181842481227
  },
  "distances": {
    "marginal_wasserstein_mean": 0.012701734149272156,
    "marginal_wasserstein_max": 0.014835736093759511,