{
  "real_facts": {
    "kurtosis": 4.60339786339658,
    "return_acf": [
      -0.006129896495456233,
      -0.005410572515444318,
      -0.004850442150800915,
      -0.0036463281274129967,
      -0.005386376919333319,
      -0.0031757095684462507,
      -0.0038579477775226357,
      -0.0039151866634744275,
      -0.005292579737192809,
      -0.003945431906172928,
      -0.004851899003124628,
      -0.0046194163631568036,
      -0.005172885457709455,
      -0.004211124507857456,
      -0.003735645228058452,
      -0.0037680503626371766,
      -0.004010344632969521,
      -0.003202785018342763,
      -0.0032783054102908417,
      -0.004305299142885759
    ],
    "absolute_return_acf": [
      0.08947994314640795,
      0.08706221495064048,
      0.08482332847898004,
      0.08305845971378771,
      0.08067919327684936,
      0.07845742851805035,
      0.07822117883161873,
      0.07314431128699136,
      0.07130771041124338,
      0.07008872915004222,
      0.06696331074490364,
      0.06571267470156224,
      0.06297135471751543,
      0.06143142913263746,
      0.058780572831940825,
      0.05806321182989763,
      0.05548740810128411,
      0.053705708316469335,
      0.05131013846360228,
      0.0498567169204288,
      0.04751329320018901,
      0.04666906945559521,
      0.04433729311956561,
      0.04351708917810179,
      0.040605979435813976,
      0.03982570287915335,
      0.03750091418173794,
      0.035092790865346994,
      0.03401017096821067,
      0.0322637376223491,
      0.030973581918145796,
      0.03080148907385584,
      0.027930149354695358,
      0.027127365950542544,
      0.02524615258377359,
      0.023932512169302107,
      0.02233021877941033,
      0.020586613788424087,
      0.01928397702155667,
      0.01715488076489573,
      0.01650369251883455,
      0.014150051520215104,
      0.013640884493037063,
      0.012754180978707456,
      0.011389362354853725,
      0.007673126877138603,
      0.007936203346543302,
      0.00707422777302266,
      0.006542557740364,
      0.00457947612939156
    ],
    "leverage_correlation": [
      -0.03220236985226149,
      -0.030007698100387906,
      -0.031877264599439036,
      -0.030177338239747133,
      -0.029888435813181728,
      -0.028638150486819166,
      -0.02749954963028258,
      -0.027585348466969264,
      -0.02666613555497109,
      -0.025635656995973862
    ],
    "aggregational_kurtosis": {
      "1": 4.60339786339658,
      "5": 4.586748838947848,
      "21": 4.801096172464452
    },
    "tail_index": 4.278436214587005
  },
  "fake_facts": {
    "kurtosis": 7.852087795339673,
    "return_acf": [
      -0.007249400530736937,
      -0.0008964381016101968,
      -0.00033239938497654336,
      -0.0011077316844720453,
      -0.0015267563221833366,
      -0.0014407190922843193,
      -0.0008322504053109973,
      -0.0022926047982606145,
      -0.0025523830135413183,
      -0.0006855105953892971,
      -0.000971747685333603,
      -0.0007429717289806119,
      -0.001948890619852784,
      -0.0029050737912775723,
      -0.0026745490246493954,
      -0.00406436224445964,
      -0.0016869495564623262,
      -0.0028020146313141835,
      -0.0019966419543034283,
      -0.0026444739387601296
    ],
    "absolute_return_acf": [
      0.1026565333076796,
      0.1020954057918892,
      0.09877190424174301,
      0.09674702672280393,
      0.0936188356223494,
      0.0906563734651486,
      0.08814082475932984,
      0.08611494590486024,
      0.08464325287249592,
      0.08130667907588575,
      0.07903269327984894,
      0.07614023379529097,
      0.07484923272544061,
      0.07314818193423765,
      0.0679442277560131,
      0.06741791883959916,
      0.06465996661111048,
      0.06383537660175063,
      0.06118801187609981,
      0.058726859451190605,
      0.056464704845320124,
      0.05573615409321353,
      0.05340125465764139,
      0.05245030722850039,
      0.049974526747394714,
      0.04692929662075133,
      0.04693176875965886,
      0.04481419758479284,
      0.041873128216191144,
      0.0407308231327545,
      0.04052720428362596,
      0.03916726313432854,
      0.034202289639227244,
      0.03448871521309671,
      0.03184092277026148,
      0.03011014474172129,
      0.02835523502422219,
      0.025624710531509033,
      0.02632155944644552,
      0.024415784171921532,
      0.023400814111056368,
      0.022531925791453064,
      0.019087840296718245,
      0.016796066681951622,
      0.015544564967930401,
      0.01574543564198439,
      0.015057366830976951,
      0.010870136643653308,
      0.012287793499717497,
      0.008866733502918934
    ],
    "leverage_correlation": [
      -0.03315609308795616,
      -0.03642983445355928,
      -0.03598510684155419,
      -0.037062476812318335,
      -0.03627424797574289,
      -0.03515441857052104,
      -0.03373218987606894,
      -0.03198230550172568,
      -0.0333274412503998,
      -0.03193595993177981
    ],
    "aggregational_kurtosis": {
      "1": 7.852087795339673,
      "5": 14.851310768764877,
      "21": 32.78995457181065
    },
    "tail_index": 3.4610847670955445
  },
  "stylized_facts_comparison": {
    "kurtosis_real": 4.60339786339658,
    "kurtosis_fake": 7.852087795339673,
    "kurtosis_abs_diff": 3.248689931943093,
    "return_acf_l1": 0.0024121994859168374,
    "absolute_return_acf_l1": 0.008933827677561589,
    "leverage_correlation_l1": 0.0054862126561592865,
    "aggregational_kurtosis_l1": {
      "1": 3.248689931943093,
      "5": 10.26456192981703,
      "21": 27.988858399346196
    },
    "tail_index_real": 4.278436214587005,
    "tail_index_fake": 3.4610847670955445,
    "tail_index_abs_diff": 0.8173514474914607
  },
  "distances": {
    "marginal_wasserstein_mean": 0.0007688446537480538,
    "marginal_wasserstein_max": 0.001894392229387228,