{
  "real_facts": {
    "kurtosis": 4.60339786339658,
    "return_acf": [
      -0.006129896495456233,
      -0.005410572515444318,
      -0.004850442150800915,
      -0.0036463281274129967,
      -0.005386376919333319,
      -0.0031757095684462507,
      -0.0038579477775226357,
      -0.0039151866634744275,
      -0.005292579737192809,
      -0.003945431906172928,
      -0.004851899003124628,
      -0.0046194163631568036,
      -0.005172885457709455,
      -0.004211124507857456,
      -0.003735645228058452,
      -0.0037680503626371766,
      -0.004010344632969521,
      -0.003202785018342763,
      -0.0032783054102908417,
      -0.004305299142885759
    ],
    "absolute_return_acf": [
      0.08947994314640795,
      0.08706221495064048,
      0.08482332847898004,
      0.08305845971378771,
      0.08067919327684936,
      0.07845742851805035,
      0.07822117883161873,
      0.07314431128699136,
      0.07130771041124338,
      0.07008872915004222,
      0.06696331074490364,
      0.06571267470156224,
      0.06297135471751543,
      0.06143142913263746,
      0.058780572831940825,
      0.05806321182989763,
      0.05548740810128411,
      0.053705708316469335,
      0.05131013846360228,
      0.0498567169204288,
      0.04751329320018901,
      0.04666906945559521,
      0.04433729311956561,
      0.04351708917810179,
      0.040605979435813976,
      0.03982570287915335,
      0.03750091418173794,
      0.035092790865346994,
      0.03401017096821067,
      0.0322637376223491,
      0.030973581918145796,
      0.03080148907385584,
      0.027930149354695358,
      0.027127365950542544,
      0.02524615258377359,
      0.023932512169302107,
      0.02233021877941033,
      0.020586613788424087,
      0.01928397702155667,
      0.01715488076489573,
      0.01650369251883455,
      0.014150051520215104,
      0.013640884493037063,
      0.012754180978707456,
      0.011389362354853725,
      0.007673126877138603,
      0.007936203346543302,
      0.00707422777302266,
      0.006542557740364,
      0.00457947612939156
    ],
    "leverage_correlation": [
      -0.03220236985226149,
      -0.030007698100387906,
      -0.031877264599439036,
      -0.030177338239747133,
      -0.029888435813181728,
      -0.028638150486819166,
      -0.02749954963028258,
      -0.027585348466969264,
      -0.02666613555497109,
      -0.025635656995973862
    ],
    "aggregational_kurtosis": {
      "1": 4.60339786339658,
      "5": 4.586748838947848,
      "21": 4.801096172464452
    },
    "tail_index": 4.278436214587005
  },
  "fake_facts": {
    "kurtosis": 3.5278558331351433,
    "return_acf": [
      0.08430728052998541,
      0.0057750965087861525,
      -0.00366196322557093,
      -0.004432552827492953,
      -0.004388712920162764,
      -0.005208225439038879,
      -0.004802348089765384,
      -0.0056640472314643696,
      -0.005842014746693281,
      -0.003895537421839679,
      -0.0037414753216911067,
      -0.0035688577555829733,
      -0.005951990099190812,
      -0.006296926515781454,
      -0.005594972756461966,
      -0.006470434320210745,
      -0.004511027955560435,
      -0.005954717974603448,
      -0.006117402582756958,
      -0.0060695906321505755
    ],
    "absolute_return_acf": [
      0.22534461773519393,
      0.20441591064933542,
      0.1966840123569088,
      0.19183134890847955,
      0.18524610087425786,
      0.17780154752383293,
      0.17356908399939758,
      0.16859568253782184,
      0.16250303557774368,
      0.1571333314987198,
      0.15300604591582176,
      0.1466859895401613,
      0.14182354484494086,
      0.13770762789116922,
      0.13200032969355172,
      0.12736090164976052,
      0.12149521537502866,
      0.12023720772748472,
      0.11416815099892198,
      0.1107224312396572,
      0.10607301549912419,
      0.10202659285736794,
      0.09750459682875069,
      0.09453781979255108,
      0.08874003512521612,
      0.08530501173892492,
      0.08128536277926966,
      0.07799612122446453,
      0.07358360345346732,
      0.07008522428938885,
      0.06779702015282078,
      0.06555845927518232,
      0.05938428530971636,
      0.05571763604828111,
      0.05166084721772663,
      0.04832244999112214,
      0.046718336230849145,
      0.043581884459583775,
      0.04120280198455028,
      0.03855933462002923,
      0.035205615895654956,
      0.032882361634969486,
      0.02897938106512362,
      0.026667539908694887,
      0.023537766430810656,
      0.020484386707135094,
      0.018550788612783316,
      0.014702161757482315,
      0.012665973366259275,
      0.009275912021886646
    ],
    "leverage_correlation": [
      -0.08727192633813786,
      -0.03100051768785613,
      -0.023655860965182813,
      -0.024467724461508612,
      -0.02351630919142328,
      -0.023127513756121716,
      -0.021938409486184706,
      -0.01971767704397273,
      -0.02185699209513666,
      -0.02115478252064371
    ],
    "aggregational_kurtosis": {
      "1": 3.5278558331351433,
      "5": 5.186252636409052,
      "21": 5.638356036151092
    },
    "tail_index": 5.8956010517579305
  },
  "stylized_facts_comparison": {
    "kurtosis_real": 4.60339786339658,
    "kurtosis_fake": 3.5278558331351433,
    "kurtosis_abs_diff": 1.075542030261437,
    "return_acf_l1": 0.006368196264189198,
    "absolute_return_acf_l1": 0.052747453464994994,
    "leverage_correlation_l1": 0.010459498634055426,
    "aggregational_kurtosis_l1": {
      "1": 1.075542030261437,
      "5": 0.5995037974612041,
      "21": 0.83725986368664
    },
    "tail_index_real": 4.278436214587005,
    "tail_index_fake": 5.8956010517579305,
    "tail_index_abs_diff": 1.6171648371709253
  },
  "distances": {
    "marginal_wasserstein_mean": 0.01135903621183665,
    "marginal_wasserstein_max": 0.012815956022179241,