{
  "real_facts": {
    "kurtosis": 4.60339786339658,
    "return_acf": [
      -0.006129896495456233,
      -0.005410572515444318,
      -0.004850442150800915,
      -0.0036463281274129967,
      -0.005386376919333319,
      -0.0031757095684462507,
      -0.0038579477775226357,
      -0.0039151866634744275,
      -0.005292579737192809,
      -0.003945431906172928,
      -0.004851899003124628,
      -0.0046194163631568036,
      -0.005172885457709455,
      -0.004211124507857456,
      -0.003735645228058452,
      -0.0037680503626371766,
      -0.004010344632969521,
      -0.003202785018342763,
      -0.0032783054102908417,
      -0.004305299142885759
    ],
    "absolute_return_acf": [
      0.08947994314640795,
      0.08706221495064048,
      0.08482332847898004,
      0.08305845971378771,
      0.08067919327684936,
      0.07845742851805035,
      0.07822117883161873,
      0.07314431128699136,
      0.07130771041124338,
      0.07008872915004222,
      0.06696331074490364,
      0.06571267470156224,
      0.06297135471751543,
      0.06143142913263746,
      0.058780572831940825,
      0.05806321182989763,
      0.05548740810128411,
      0.053705708316469335,
      0.05131013846360228,
      0.0498567169204288,
      0.04751329320018901,
      0.04666906945559521,
      0.04433729311956561,
      0.04351708917810179,
      0.040605979435813976,
      0.03982570287915335,
      0.03750091418173794,
      0.035092790865346994,
      0.03401017096821067,
      0.0322637376223491,
      0.030973581918145796,
      0.03080148907385584,
      0.027930149354695358,
      0.027127365950542544,
      0.02524615258377359,
      0.023932512169302107,
      0.02233021877941033,
      0.020586613788424087,
      0.01928397702155667,
      0.01715488076489573,
      0.01650369251883455,
      0.014150051520215104,
      0.013640884493037063,
      0.012754180978707456,
      0.011389362354853725,
      0.007673126877138603,
      0.007936203346543302,
      0.00707422777302266,
      0.006542557740364,
      0.00457947612939156
    ],
    "leverage_correlation": [
      -0.03220236985226149,
      -0.030007698100387906,
      -0.031877264599439036,
      -0.030177338239747133,
      -0.029888435813181728,
      -0.028638150486819166,
      -0.02749954963028258,
      -0.027585348466969264,
      -0.02666613555497109,
      -0.025635656995973862
    ],
    "aggregational_kurtosis": {
      "1": 4.60339786339658,
      "5": 4.586748838947848,
      "21": 4.801096172464452
    },
    "tail_index": 4.278436214587005
  },
  "fake_facts": {
    "kurtosis": 3.337402637326525,
    "return_acf": [
      0.08713587945597763,
      0.006257680330157217,
      -0.0035437297566176724,
      -0.0042972793943642194,
      -0.004386552550415486,
      -0.005150829179521799,
      -0.004634350764579819,
      -0.005545188860909247,
      -0.0058051306681662935,
      -0.0039647728720377555,
      -0.003686337509079802,
      -0.0034931116265411637,
      -0.0058392988338232905,
      -0.006193630513576667,
      -0.005577566685067016,
      -0.006517623147374797,
      -0.004558220500114576,
      -0.005992036079430788,
      -0.006011813564291139,
      -0.005995253034054852
    ],
    "absolute_return_acf": [
      0.2157724852407633,
      0.19476444149291067,
      0.18731049417559378,
      0.18299869336584995,
      0.17670635513613311,
      0.16956042057537182,
      0.1656721308015998,
      0.16119728007645256,
      0.15529224350799734,
      0.15025398658932118,
      0.14641508241480505,
      0.14036127517596456,
      0.13579641009114743,
      0.13198612957191425,
      0.1265587475858849,
      0.12209725027304648,
      0.11659936977719114,
      0.11571285704348681,
      0.10981327210909719,
      0.10657568455773637,
      0.1022588710154669,
      0.09848781312972363,
      0.09404281182308176,
      0.09132800622846826,
      0.08574917403705969,
      0.08237065777131414,
      0.0786143898425809,
      0.07543166700172026,
      0.07124370401512363,
      0.06788422798728407,
      0.06581970401361974,
      0.0638945634594866,
      0.057812125635529454,
      0.05431111530862936,
      0.0503517572078066,
      0.047110713440737154,
      0.04579895571164702,
      0.04279485515646466,
      0.04046196707229463,
      0.03790983861388454,
      0.034870284605913286,
      0.03237960953773837,
      0.028806115014570297,
      0.02669031806762821,
      0.023517567696573014,
      0.020464633355009643,
      0.01905817950342466,
      0.015114866347074294,
      0.013322003583412612,
      0.009889576461039919
    ],
    "leverage_correlation": [
      -0.08729825808387329,
      -0.030754021721253945,
      -0.023400757803230025,
      -0.02408164272388464,
      -0.023139928117436797,
      -0.022723689986910923,
      -0.021518642145530818,
      -0.01941055221540469,
      -0.021411574203350988,
      -0.020702655977406084
    ],
    "aggregational_kurtosis": {
      "1": 3.337402637326525,
      "5": 4.941618682098488,
      "21": 5.65024665106315
    },
    "tail_index": 6.183259960123836
  },
  "stylized_facts_comparison": {
    "kurtosis_real": 4.60339786339658,
    "kurtosis_fake": 3.337402637326525,
    "kurtosis_abs_diff": 1.2659952260700553,
    "return_acf_l1": 0.006504890117356786,
    "absolute_return_acf_l1": 0.049193658252778966,
    "leverage_correlation_l1": 0.010742064846670672,
    "aggregational_kurtosis_l1": {
      "1": 1.2659952260700553,
      "5": 0.35486984315063985,
      "21": 0.8491504785986983
    },
    "tail_index_real": 4.278436214587005,
    "tail_index_fake": 6.183259960123836,
    "tail_index_abs_diff": 1.9048237455368309
  },
  "distances": {
    "marginal_wasserstein_mean": 0.012564547717756903,
    "marginal_wasserstein_max": 0.014473187143050861,