{
  "real_facts": {
    "kurtosis": 4.60339786339658,
    "return_acf": [
      -0.006129896495456233,
      -0.005410572515444318,
      -0.004850442150800915,
      -0.0036463281274129967,
      -0.005386376919333319,
      -0.0031757095684462507,
      -0.0038579477775226357,
      -0.0039151866634744275,
      -0.005292579737192809,
      -0.003945431906172928,
      -0.004851899003124628,
      -0.0046194163631568036,
      -0.005172885457709455,
      -0.004211124507857456,
      -0.003735645228058452,
      -0.0037680503626371766,
      -0.004010344632969521,
      -0.003202785018342763,
      -0.0032783054102908417,
      -0.004305299142885759
    ],
    "absolute_return_acf": [
      0.08947994314640795,
      0.08706221495064048,
      0.08482332847898004,
      0.08305845971378771,
      0.08067919327684936,
      0.07845742851805035,
      0.07822117883161873,
      0.07314431128699136,
      0.07130771041124338,
      0.07008872915004222,
      0.06696331074490364,
      0.06571267470156224,
      0.06297135471751543,
      0.06143142913263746,
      0.058780572831940825,
      0.05806321182989763,
      0.05548740810128411,
      0.053705708316469335,
      0.05131013846360228,
      0.0498567169204288,
      0.04751329320018901,
      0.04666906945559521,
      0.04433729311956561,
      0.04351708917810179,
      0.040605979435813976,
      0.03982570287915335,
      0.03750091418173794,
      0.035092790865346994,
      0.03401017096821067,
      0.0322637376223491,
      0.030973581918145796,
      0.03080148907385584,
      0.027930149354695358,
      0.027127365950542544,
      0.02524615258377359,
      0.023932512169302107,
      0.02233021877941033,
      0.020586613788424087,
      0.01928397702155667,
      0.01715488076489573,
      0.01650369251883455,
      0.014150051520215104,
      0.013640884493037063,
      0.012754180978707456,
      0.011389362354853725,
      0.007673126877138603,
      0.007936203346543302,
      0.00707422777302266,
      0.006542557740364,
      0.00457947612939156
    ],
    "leverage_correlation": [
      -0.03220236985226149,
      -0.030007698100387906,
      -0.031877264599439036,
      -0.030177338239747133,
      -0.029888435813181728,
      -0.028638150486819166,
      -0.02749954963028258,
      -0.027585348466969264,
      -0.02666613555497109,
      -0.025635656995973862
    ],
    "aggregational_kurtosis": {
      "1": 4.60339786339658,
      "5": 4.586748838947848,
      "21": 4.801096172464452
    },
    "tail_index": 4.278436214587005
  },
  "fake_facts": {
    "kurtosis": 4.85742100726263,
    "return_acf": [
      -0.008544615045926187,
      -0.004197069245155293,
      -0.003675379222618786,
      -0.004432563241341527,
      -0.004627633153843058,
      -0.0045354686685133375,
      -0.003552519511224797,
      -0.005279404793324227,
      -0.004883099267851445,
      -0.002832926258563671,
      -0.004234288108246766,
      -0.0034648545879115956,
      -0.00444350710309367,
      -0.005571288140822792,
      -0.004859777141099977,
      -0.006078839812781997,
      -0.003773336680985505,
      -0.004699661181592912,
      -0.004023843116759361,
      -0.004284720077947867
    ],
    "absolute_return_acf": [
      0.10916994915438563,
      0.10788391712036786,
      0.1034273415067623,
      0.10086603187559628,
      0.09677534981981034,
      0.09375957881427206,
      0.09053933457196783,
      0.08823824526481668,
      0.08587436081506288,
      0.08236907507387366,
      0.07923847674669839,
      0.07626980270892195,
      0.07499822692546373,
      0.07198805641712512,
      0.06723291478255147,
      0.06562862966922663,
      0.06299035223079164,
      0.06150872798978432,
      0.05886534475616552,
      0.05616402901964484,
      0.05301835560363095,
      0.05260164178452603,
      0.0498982464892901,
      0.04832935012965641,
      0.04568625564921367,
      0.04266846099977616,
      0.04260950469624561,
      0.03975293129181898,
      0.03677260589043916,
      0.0357772039667071,
      0.0349725476030128,
      0.033271793721858865,
      0.028499736845837304,
      0.028010051124643973,
      0.02562331845482953,
      0.02387020836542448,
      0.021941793667533627,
      0.019175450175131795,
      0.019592921733702022,
      0.018067381029840943,
      0.016651509207657834,
      0.01590530030059852,
      0.012281981988364893,
      0.01063694353854953,
      0.009122722234494226,
      0.008696516404238528,
      0.008134212929301353,
      0.0038721383559994853,
      0.004919538169483078,
      0.0022015459980250928
    ],
    "leverage_correlation": [
      -0.03406278132772912,
      -0.03553826608348819,
      -0.035122143974523644,
      -0.03554407266295517,
      -0.035043948746224046,
      -0.033500602029095786,
      -0.032006691148619246,
      -0.03021021189823247,
      -0.031625082307162954,
      -0.03046198834089311
    ],
    "aggregational_kurtosis": {
      "1": 4.85742100726263,
      "5": 4.9275154711080615,
      "21": 5.559321870919552
    },
    "tail_index": 4.231478172733013
  },
  "stylized_facts_comparison": {
    "kurtosis_real": 4.60339786339658,
    "kurtosis_fake": 4.85742100726263,
    "kurtosis_abs_diff": 0.25402314386604985,
    "return_acf_l1": 0.0010348146074528179,
    "absolute_return_acf_l1": 0.006528271349450153,
    "leverage_correlation_l1": 0.004293784077889048,
    "aggregational_kurtosis_l1": {
      "1": 0.25402314386604985,
      "5": 0.3407666321602134,
      "21": 0.7582256984551003
    },
    "tail_index_real": 4.278436214587005,
    "tail_index_fake": 4.231478172733013,
    "tail_index_abs_diff": 0.04695804185399233
  },
  "distances": {
    "marginal_wasserstein_mean": 0.0006547706972226212,
    "marginal_wasserstein_max": 0.0018913446805595413,