{
  "real_facts": {
    "kurtosis": 4.60339786339658,
    "return_acf": [
      -0.006129896495456233,
      -0.005410572515444318,
      -0.004850442150800915,
      -0.0036463281274129967,
      -0.005386376919333319,
      -0.0031757095684462507,
      -0.0038579477775226357,
      -0.0039151866634744275,
      -0.005292579737192809,
      -0.003945431906172928,
      -0.004851899003124628,
      -0.0046194163631568036,
      -0.005172885457709455,
      -0.004211124507857456,
      -0.003735645228058452,
      -0.0037680503626371766,
      -0.004010344632969521,
      -0.003202785018342763,
      -0.0032783054102908417,
      -0.004305299142885759
    ],
    "absolute_return_acf": [
      0.08947994314640795,
      0.08706221495064048,
      0.08482332847898004,
      0.08305845971378771,
      0.08067919327684936,
      0.07845742851805035,
      0.07822117883161873,
      0.07314431128699136,
      0.07130771041124338,
      0.07008872915004222,
      0.06696331074490364,
      0.06571267470156224,
      0.06297135471751543,
      0.06143142913263746,
      0.058780572831940825,
      0.05806321182989763,
      0.05548740810128411,
      0.053705708316469335,
      0.05131013846360228,
      0.0498567169204288,
      0.04751329320018901,
      0.04666906945559521,
      0.04433729311956561,
      0.04351708917810179,
      0.040605979435813976,
      0.03982570287915335,
      0.03750091418173794,
      0.035092790865346994,
      0.03401017096821067,
      0.0322637376223491,
      0.030973581918145796,
      0.03080148907385584,
      0.027930149354695358,
      0.027127365950542544,
      0.02524615258377359,
      0.023932512169302107,
      0.02233021877941033,
      0.020586613788424087,
      0.01928397702155667,
      0.01715488076489573,
      0.01650369251883455,
      0.014150051520215104,
      0.013640884493037063,
      0.012754180978707456,
      0.011389362354853725,
      0.007673126877138603,
      0.007936203346543302,
      0.00707422777302266,
      0.006542557740364,
      0.00457947612939156
    ],
    "leverage_correlation": [
      -0.03220236985226149,
      -0.030007698100387906,
      -0.031877264599439036,
      -0.030177338239747133,
      -0.029888435813181728,
      -0.028638150486819166,
      -0.02749954963028258,
      -0.027585348466969264,
      -0.02666613555497109,
      -0.025635656995973862
    ],
    "aggregational_kurtosis": {
      "1": 4.60339786339658,
      "5": 4.586748838947848,
      "21": 4.801096172464452
    },
    "tail_index": 4.278436214587005
  },
  "fake_facts": {
    "kurtosis": 3.280814000544455,
    "return_acf": [
      0.0862787214789647,
      0.006135074385990411,
      -0.003528716618815067,
      -0.004208769642641905,
      -0.004364953975790013,
      -0.0050113799485660875,
      -0.004534225009350984,
      -0.00542481182947626,
      -0.005726880189127714,
      -0.003923089891457312,
      -0.00363752450872622,
      -0.0033749718407520674,
      -0.005748372187138303,
      -0.0060520345847930495,
      -0.005404882162003978,
      -0.006370271381909265,
      -0.004455976617072594,
      -0.0058432795517027935,
      -0.005822565478636446,
      -0.005844526167937654
    ],
    "absolute_return_acf": [
      0.21154978875277533,
      0.1905559792351996,
      0.18306758811983082,
      0.1787138596738432,
      0.17247428190343794,
      0.16524860166205618,
      0.16148630124887559,
      0.15695453651346078,
      0.1510627621078688,
      0.14606557405883253,
      0.14221197741229627,
      0.1361482257595136,
      0.1316609610483176,
      0.12790813878741336,
      0.12238179761989856,
      0.11792838846592879,
      0.1125563444798306,
      0.11167455482791422,
      0.10587935128116485,
      0.10258378900581051,
      0.0983559253075776,
      0.0946408050280565,
      0.09021366383299088,
      0.08759036193299603,
      0.08201934760559026,
      0.07873112632566724,
      0.07501816856233931,
      0.07188997699155551,
      0.06775624504012842,
      0.06444285628211342,
      0.06240452325630463,
      0.060481394801252475,
      0.054514391177324595,
      0.05104004498836968,
      0.04716172504801308,
      0.0439082279562064,
      0.04263025480311161,
      0.03973702671048375,
      0.03747732836362831,
      0.034930100623720754,
      0.03192099367373414,
      0.029528378377447633,
      0.025978770604585127,
      0.023988531207495604,
      0.020855919177362386,
      0.017751428955096307,
      0.016492499598571513,
      0.012641824538113354,
      0.010959705564096617,
      0.007503509780662313
    ],
    "leverage_correlation": [
      -0.08649431476298362,
      -0.03041872584942036,
      -0.023199266307412,
      -0.023934533307797868,
      -0.022937436649083633,
      -0.02256540301038193,
      -0.021301420420998057,
      -0.01920049704541994,
      -0.02122484718967898,
      -0.020362463793682083
    ],
    "aggregational_kurtosis": {
      "1": 3.280814000544455,
      "5": 4.816960645803833,
      "21": 5.716432517801913
    },
    "tail_index": 6.211153375252692
  },
  "stylized_facts_comparison": {
    "kurtosis_real": 4.60339786339658,
    "kurtosis_fake": 3.280814000544455,
    "kurtosis_abs_diff": 1.3225838628521251,
    "return_acf_l1": 0.0063827178749230025,
    "absolute_return_acf_l1": 0.04562252177022476,
    "leverage_correlation_l1": 0.010794498472268396,
    "aggregational_kurtosis_l1": {
      "1": 1.3225838628521251,
      "5": 0.2302118068559853,
      "21": 0.9153363453374608
    },
    "tail_index_real": 4.278436214587005,
    "tail_index_fake": 6.211153375252692,
    "tail_index_abs_diff": 1.9327171606656872
  },
  "distances": {
    "marginal_wasserstein_mean": 0.012538372647417438,
    "marginal_wasserstein_max": 0.014150581066929385,