{
  "real_facts": {
    "kurtosis": 4.60339786339658,
    "return_acf": [
      -0.006129896495456233,
      -0.005410572515444318,
      -0.004850442150800915,
      -0.0036463281274129967,
      -0.005386376919333319,
      -0.0031757095684462507,
      -0.0038579477775226357,
      -0.0039151866634744275,
      -0.005292579737192809,
      -0.003945431906172928,
      -0.004851899003124628,
      -0.0046194163631568036,
      -0.005172885457709455,
      -0.004211124507857456,
      -0.003735645228058452,
      -0.0037680503626371766,
      -0.004010344632969521,
      -0.003202785018342763,
      -0.0032783054102908417,
      -0.004305299142885759
    ],
    "absolute_return_acf": [
      0.08947994314640795,
      0.08706221495064048,
      0.08482332847898004,
      0.08305845971378771,
      0.08067919327684936,
      0.07845742851805035,
      0.07822117883161873,
      0.07314431128699136,
      0.07130771041124338,
      0.07008872915004222,
      0.06696331074490364,
      0.06571267470156224,
      0.06297135471751543,
      0.06143142913263746,
      0.058780572831940825,
      0.05806321182989763,
      0.05548740810128411,
      0.053705708316469335,
      0.05131013846360228,
      0.0498567169204288,
      0.04751329320018901,
      0.04666906945559521,
      0.04433729311956561,
      0.04351708917810179,
      0.040605979435813976,
      0.03982570287915335,
      0.03750091418173794,
      0.035092790865346994,
      0.03401017096821067,
      0.0322637376223491,
      0.030973581918145796,
      0.03080148907385584,
      0.027930149354695358,
      0.027127365950542544,
      0.02524615258377359,
      0.023932512169302107,
      0.02233021877941033,
      0.020586613788424087,
      0.01928397702155667,
      0.01715488076489573,
      0.01650369251883455,
      0.014150051520215104,
      0.013640884493037063,
      0.012754180978707456,
      0.011389362354853725,
      0.007673126877138603,
      0.007936203346543302,
      0.00707422777302266,
      0.006542557740364,
      0.00457947612939156
    ],
    "leverage_correlation": [
      -0.03220236985226149,
      -0.030007698100387906,
      -0.031877264599439036,
      -0.030177338239747133,
      -0.029888435813181728,
      -0.028638150486819166,
      -0.02749954963028258,
      -0.027585348466969264,
      -0.02666613555497109,
      -0.025635656995973862
    ],
    "aggregational_kurtosis": {
      "1": 4.60339786339658,
      "5": 4.586748838947848,
      "21": 4.801096172464452
    },
    "tail_index": 4.278436214587005
  },
  "fake_facts": {
    "kurtosis": 5.530523537158849,
    "return_acf": [
      -0.007543962703447933,
      -0.0018540145619363117,
      -0.0014496491277833953,
      -0.0022188290840224763,
      -0.0025962751749285472,
      -0.002576050180274268,
      -0.0017111609267679998,
      -0.0033613961860714412,
      -0.0033921473632555197,
      -0.0013740240567149062,
      -0.002289140752993872,
      -0.0018678829057027595,
      -0.00280575149044057,
      -0.004028180509641726,
      -0.0034623218061746045,
      -0.004905869322502009,
      -0.002517705710111594,
      -0.0033302566303455186,
      -0.0027790276457447826,
      -0.0031635537449458168
    ],
    "absolute_return_acf": [
      0.10009547869966594,
      0.09936232796215133,
      0.09573793484772809,
      0.09352779748968658,
      0.09030679473183105,
      0.08739392482428368,
      0.0847533045564989,
      0.08275956406690131,
      0.08110625431973494,
      0.07787850697004206,
      0.07553821884521893,
      0.07264937545331657,
      0.07168269465061902,
      0.06945752465029888,
      0.06454359438749699,
      0.06388447522912631,
      0.06133028798276638,
      0.06023407863633031,
      0.05795450084897358,
      0.05524644911666096,
      0.05270482194947798,
      0.052576481264920004,
      0.049895101440863766,
      0.049062039521994984,
      0.04649530178675671,
      0.04349234343895524,
      0.04369679230023746,
      0.04131572799053766,
      0.03837530773153608,
      0.037353890838884046,
      0.03713250734022424,
      0.03570258476570763,
      0.03085008409542819,
      0.03100766787478812,
      0.028488999802917532,
      0.02691740911463757,
      0.02504189928655522,
      0.022421900342046396,
      0.0230948620168612,
      0.02139092319272351,
      0.020207198909942915,
      0.01959417753374521,
      0.01605870736972826,
      0.014117336275391438,
      0.012806485112162204,
      0.012653104345046374,
      0.012222573357469771,
      0.007980846943866436,
      0.009101454800617557,
      0.006065839862158887
    ],
    "leverage_correlation": [
      -0.032738463553641656,
      -0.03549929318675199,
      -0.034841647033994824,
      -0.035753176128119984,
      -0.03495613187692182,
      -0.03385270397731488,
      -0.0323225846747152,
      -0.030621775885457215,
      -0.03205440488801664,
      -0.030695159824998933
    ],
    "aggregational_kurtosis": {
      "1": 5.530523537158849,
      "5": 9.259681518726461,
      "21": 26.75682742053583
    },
    "tail_index": 4.007943539945011
  },
  "stylized_facts_comparison": {
    "kurtosis_real": 4.60339786339658,
    "kurtosis_fake": 5.530523537158849,
    "kurtosis_abs_diff": 0.9271256737622684,
    "return_acf_l1": 0.0016448870332101107,
    "absolute_return_acf_l1": 0.005674313786157748,
    "leverage_correlation_l1": 0.004315739328989989,
    "aggregational_kurtosis_l1": {
      "1": 0.9271256737622684,
      "5": 4.672932679778613,
      "21": 21.95573124807138
    },
    "tail_index_real": 4.278436214587005,
    "tail_index_fake": 4.007943539945011,
    "tail_index_abs_diff": 0.2704926746419938
  },
  "distances": {
    "marginal_wasserstein_mean": 0.0004429453969725137,
    "marginal_wasserstein_max": 0.0008678599849307543,