{
  "real_facts": {
    "kurtosis": 4.272541644877583,
    "return_acf": [
      -0.003322451247679334,
      -0.004101547282240711,
      -0.00447491673128215,
      -0.005231909927910729,
      -0.0054215102253120165,
      -0.0038614966917528896,
      -0.005834215605208535,
      -0.003986781877639433,
      -0.004307648294517403,
      -0.004626650395340947,
      -0.00337181767775262,
      -0.004860434181298144,
      -0.004287120442262697,
      -0.004958457794720612,
      -0.003672494072241073,
      -0.003561543172021355,
      -0.003990656386901153,
      -0.004523040548782432,
      -0.003638232816146648,
      -0.0035583720032881286
    ],
    "absolute_return_acf": [
      0.08462038449707913,
      0.08067923170073117,
      0.0788018176577032,
      0.0772984350692897,
      0.07477235368631956,
      0.07251729906658098,
      0.07108860776797261,
      0.06936396557237615,
      0.06689045361054269,
      0.06540322167332309,
      0.06257376440772398,
      0.06113858156927403,
      0.05888776447758337,
      0.05687919672937205,
      0.054329604303812846,
      0.053606145968563966,
      0.05292272958740317,
      0.0505210868984192,
      0.047770243430576,
      0.045820643132853514,
      0.04385218786789532,
      0.04261446469714827,
      0.04137928386103374,
      0.03822276710531994,
      0.038584693055946806,
      0.035338489790033976,
      0.03516292150932871,
      0.03311486970781744,
      0.03178475357270825,
      0.03051211901593013,
      0.029528733780752617,
      0.026442627944182236,
      0.026643122609048664,
      0.023204858154845902,
      0.02354857030790352,
      0.020947109300656616,
      0.021386209941002467,
      0.01940181885965392,
      0.01876673406728991,
      0.01650567891032854,
      0.01460812574698004,
      0.013695281876243942,
      0.013189460777621568,
      0.012558714536806341,
      0.011433232544318923,
      0.009793274829863051,
      0.008579865364447888,
      0.006460436792545516,
      0.005150688058676939,
      0.006397220073783309
    ],
    "leverage_correlation": [
      -0.02986903265099973,
      -0.028912555603676452,
      -0.02925335248160145,
      -0.027037183616833466,
      -0.028035263638299113,
      -0.025874238894829794,
      -0.02713704894369023,
      -0.027025339826888047,
      -0.02572624067317069,
      -0.024083827458357295
    ],
    "aggregational_kurtosis": {
      "1": 4.272541644877583,
      "5": 4.292280687463866,
      "21": 4.457242230530562
    },
    "tail_index": 4.506327066413634
  },
  "fake_facts": {
    "kurtosis": 3.925097352619089,
    "return_acf": [
      0.015608977728072355,
      -0.002738194117793743,
      -0.003320117552372138,
      -0.0053911967876916255,
      -0.003983916689851689,
      -0.002991700189177974,
      -0.005125953394587402,
      -0.0035716172034691274,
      -0.003964598562428916,
      -0.004189444917846284,
      -0.004677051254599358,
      -0.00439526058978427,
      -0.004266544136984947,
      -0.0032843984341590178,
      -0.004500388557138173,
      -0.00339317325977706,
      -0.00417978591012896,
      -0.004134901428359889,
      -0.0035076885963867517,
      -0.003341435921364811
    ],
    "absolute_return_acf": [
      0.059567700695221104,
      0.05697243119287375,
      0.05415577176774193,
      0.05391669869188485,
      0.05195020444328245,
      0.051354264064329844,
      0.050407611382657466,
      0.04883648375727269,
      0.04613217379298655,
      0.045561221707182596,
      0.045875629518572825,
      0.04227401322534712,
      0.04125543334633968,
      0.041249211239927294,
      0.03943268393842982,
      0.03797571065344846,
      0.03836617079403664,
      0.03541021802761295,
      0.03446513780286186,
      0.03386343600677871,
      0.03278518944340806,
      0.031084867004421153,
      0.028399125389597976,
      0.029234791469143005,
      0.027730958126020857,
      0.026267405209639914,
      0.024176048340182624,
      0.023517178166648826,
      0.0245071537484593,
      0.02184543467127463,
      0.020821103303168966,
      0.019800012757947617,
      0.01827553502790793,
      0.017584371665509,
      0.016538743285480762,
      0.0160938565750063,
      0.01482840686794031,
      0.014249226850355646,
      0.012182558382386311,
      0.010927867210097414,
      0.01123018047536211,
      0.01116403655648804,
      0.00884809735359241,
      0.008683100364680103,
      0.00930544409356025,
      0.006860363514467762,
      0.006080031956199888,
      0.00561341099078908,
      0.0016363919971956395,
      0.0023350198311311763
    ],
    "leverage_correlation": [
      -0.012343820952054397,
      -0.018803789449224746,
      -0.01932991101935667,
      -0.020013470044213055,
      -0.019202798499190946,
      -0.018228842527358544,
      -0.019315219639352843,
      -0.019791841582380808,
      -0.017383882303260375,
      -0.016876101100097532
    ],
    "aggregational_kurtosis": {
      "1": 3.925097352619089,
      "5": 3.9104776613588967,
      "21": 3.939532636028704
    },
    "tail_index": 4.774632784149919
  },
  "stylized_facts_comparison": {
    "kurtosis_real": 4.272541644877583,
    "kurtosis_fake": 3.925097352619089,
    "kurtosis_abs_diff": 0.3474442922584937,
    "return_acf_l1": 0.0015602998243987158,
    "absolute_return_acf_l1": 0.011461314575815267,
    "leverage_correlation_l1": 0.009166440667185635,
    "aggregational_kurtosis_l1": {
      "1": 0.3474442922584937,
      "5": 0.3818030261049694,
      "21": 0.5177095945018575
    },
    "tail_index_real": 4.506327066413634,
    "tail_index_fake": 4.774632784149919,
    "tail_index_abs_diff": 0.2683057177362844
  },
  "distances": {
    "marginal_wasserstein_mean": 0.0003347443666557015,
    "marginal_wasserstein_max": 0.0006573179436958128,