{
  "real_facts": {
    "kurtosis": 4.272541644877583,
    "return_acf": [
      -0.003322451247679334,
      -0.004101547282240711,
      -0.00447491673128215,
      -0.005231909927910729,
      -0.0054215102253120165,
      -0.0038614966917528896,
      -0.005834215605208535,
      -0.003986781877639433,
      -0.004307648294517403,
      -0.004626650395340947,
      -0.00337181767775262,
      -0.004860434181298144,
      -0.004287120442262697,
      -0.004958457794720612,
      -0.003672494072241073,
      -0.003561543172021355,
      -0.003990656386901153,
      -0.004523040548782432,
      -0.003638232816146648,
      -0.0035583720032881286
    ],
    "absolute_return_acf": [
      0.08462038449707913,
      0.08067923170073117,
      0.0788018176577032,
      0.0772984350692897,
      0.07477235368631956,
      0.07251729906658098,
      0.07108860776797261,
      0.06936396557237615,
      0.06689045361054269,
      0.06540322167332309,
      0.06257376440772398,
      0.06113858156927403,
      0.05888776447758337,
      0.05687919672937205,
      0.054329604303812846,
      0.053606145968563966,
      0.05292272958740317,
      0.0505210868984192,
      0.047770243430576,
      0.045820643132853514,
      0.04385218786789532,
      0.04261446469714827,
      0.04137928386103374,
      0.03822276710531994,
      0.038584693055946806,
      0.035338489790033976,
      0.03516292150932871,
      0.03311486970781744,
      0.03178475357270825,
      0.03051211901593013,
      0.029528733780752617,
      0.026442627944182236,
      0.026643122609048664,
      0.023204858154845902,
      0.02354857030790352,
      0.020947109300656616,
      0.021386209941002467,
      0.01940181885965392,
      0.01876673406728991,
      0.01650567891032854,
      0.01460812574698004,
      0.013695281876243942,
      0.013189460777621568,
      0.012558714536806341,
      0.011433232544318923,
      0.009793274829863051,
      0.008579865364447888,
      0.006460436792545516,
      0.005150688058676939,
      0.006397220073783309
    ],
    "leverage_correlation": [
      -0.02986903265099973,
      -0.028912555603676452,
      -0.02925335248160145,
      -0.027037183616833466,
      -0.028035263638299113,
      -0.025874238894829794,
      -0.02713704894369023,
      -0.027025339826888047,
      -0.02572624067317069,
      -0.024083827458357295
    ],
    "aggregational_kurtosis": {
      "1": 4.272541644877583,
      "5": 4.292280687463866,
      "21": 4.457242230530562
    },
    "tail_index": 4.506327066413634
  },
  "fake_facts": {
    "kurtosis": 3.925097355128862,
    "return_acf": [
      0.015608977696635822,
      -0.002738194146681046,
      -0.0033201175560697207,
      -0.005391196817646243,
      -0.003983916717704132,
      -0.0029917001451682,
      -0.005125953403983749,
      -0.0035716171997475605,
      -0.003964598624637891,
      -0.004189444923376035,
      -0.0046770512508644765,
      -0.0043952605950531316,
      -0.004266544144834589,
      -0.0032843984463689297,
      -0.00450038856065827,
      -0.0033931732219023808,
      -0.00417978590230825,
      -0.004134901396024494,
      -0.0035076885802895618,
      -0.0033414359318261044
    ],
    "absolute_return_acf": [
      0.059794442635686076,
      0.05725609253687256,
      0.054440499580774154,
      0.054183897278966595,
      0.05223931499597827,
      0.051598639748038445,
      0.05067121615153587,
      0.049115636893308105,
      0.04638069640682062,
      0.04580914444218885,
      0.046104400404329504,
      0.04252382050177996,
      0.041467428157488544,
      0.041490043077804864,
      0.03961969820738592,
      0.03819242437877742,
      0.03859611527565387,
      0.03560321210744347,
      0.03463251743005389,
      0.034034727094902684,
      0.03292731084855156,
      0.031236906425769376,
      0.028552021657818755,
      0.02938226842697602,
      0.027909158332164744,
      0.02638605851554766,
      0.024344641546620204,
      0.023643345642921008,
      0.024635774274292668,
      0.021954984311255168,
      0.0209615484358514,
      0.01989443756021068,
      0.018361002623445966,
      0.01768001300175197,
      0.01660291052737555,
      0.016199736596953708,
      0.01494616042701216,
      0.014326035602342423,
      0.012260897157499196,
      0.010982411980647495,
      0.01130046927654982,
      0.011226410240109744,
      0.008905536759474888,
      0.008742732781025924,
      0.009393255894645096,
      0.0069209279209383,
      0.006113331299763191,
      0.00564045790226045,
      0.0016513983597900097,
      0.002356533996634206
    ],
    "leverage_correlation": [
      -0.012533582007584924,
      -0.01875401200058269,
      -0.019272382261795222,
      -0.01992751789152485,
      -0.019140500891304372,
      -0.018181540580730553,
      -0.019234353826720802,
      -0.019736305129269414,
      -0.01731884553971609,
      -0.01680741695028061
    ],
    "aggregational_kurtosis": {
      "1": 3.925097355128862,
      "5": 3.9104776599369924,
      "21": 3.9395326342655546
    },
    "tail_index": 4.7746498713034295
  },
  "stylized_facts_comparison": {
    "kurtosis_real": 4.272541644877583,
    "kurtosis_fake": 3.925097355128862,
    "kurtosis_abs_diff": 0.3474442897487209,
    "return_acf_l1": 0.0015602998219566696,
    "absolute_return_acf_l1": 0.011310023996712519,
    "leverage_correlation_l1": 0.009204762670883675,
    "aggregational_kurtosis_l1": {
      "1": 0.3474442897487209,
      "5": 0.3818030275268738,
      "21": 0.5177095962650071
    },
    "tail_index_real": 4.506327066413634,
    "tail_index_fake": 4.7746498713034295,
    "tail_index_abs_diff": 0.2683228048897952
  },
  "distances": {
    "marginal_wasserstein_mean": 0.0016058867473382151,
    "marginal_wasserstein_max": 0.001991897968994448,