{
  "real_facts": {
    "kurtosis": 4.60339786339658,
    "return_acf": [
      -0.006129896495456233,
      -0.005410572515444318,
      -0.004850442150800915,
      -0.0036463281274129967,
      -0.005386376919333319,
      -0.0031757095684462507,
      -0.0038579477775226357,
      -0.0039151866634744275,
      -0.005292579737192809,
      -0.003945431906172928,
      -0.004851899003124628,
      -0.0046194163631568036,
      -0.005172885457709455,
      -0.004211124507857456,
      -0.003735645228058452,
      -0.0037680503626371766,
      -0.004010344632969521,
      -0.003202785018342763,
      -0.0032783054102908417,
      -0.004305299142885759
    ],
    "absolute_return_acf": [
      0.08947994314640795,
      0.08706221495064048,
      0.08482332847898004,
      0.08305845971378771,
      0.08067919327684936,
      0.07845742851805035,
      0.07822117883161873,
      0.07314431128699136,
      0.07130771041124338,
      0.07008872915004222,
      0.06696331074490364,
      0.06571267470156224,
      0.06297135471751543,
      0.06143142913263746,
      0.058780572831940825,
      0.05806321182989763,
      0.05548740810128411,
      0.053705708316469335,
      0.05131013846360228,
      0.0498567169204288,
      0.04751329320018901,
      0.04666906945559521,
      0.04433729311956561,
      0.04351708917810179,
      0.040605979435813976,
      0.03982570287915335,
      0.03750091418173794,
      0.035092790865346994,
      0.03401017096821067,
      0.0322637376223491,
      0.030973581918145796,
      0.03080148907385584,
      0.027930149354695358,
      0.027127365950542544,
      0.02524615258377359,
      0.023932512169302107,
      0.02233021877941033,
      0.020586613788424087,
      0.01928397702155667,
      0.01715488076489573,
      0.01650369251883455,
      0.014150051520215104,
      0.013640884493037063,
      0.012754180978707456,
      0.011389362354853725,
      0.007673126877138603,
      0.007936203346543302,
      0.00707422777302266,
      0.006542557740364,
      0.00457947612939156
    ],
    "leverage_correlation": [
      -0.03220236985226149,
      -0.030007698100387906,
      -0.031877264599439036,
      -0.030177338239747133,
      -0.029888435813181728,
      -0.028638150486819166,
      -0.02749954963028258,
      -0.027585348466969264,
      -0.02666613555497109,
      -0.025635656995973862
    ],
    "aggregational_kurtosis": {
      "1": 4.60339786339658,
      "5": 4.586748838947848,
      "21": 4.801096172464452
    },
    "tail_index": 4.278436214587005
  },
  "fake_facts": {
    "kurtosis": 4.274227587702499,
    "return_acf": [
      -0.005095999833449658,
      -0.0028553378355593356,
      -0.0031224501763485995,
      -0.003555963511112197,
      -0.0037102577063334715,
      -0.003629512614875636,
      -0.0031749780030840276,
      -0.004676560190568002,
      -0.004464236794145147,
      -0.0025594753413144067,
      -0.003452554552114008,
      -0.0027618461294866324,
      -0.004094042551389315,
      -0.004955343235147885,
      -0.00427722901201219,
      -0.005950030016818736,
      -0.0031901816533273105,
      -0.004429327648936815,
      -0.004130951712302696,
      -0.004250109467603529
    ],
    "absolute_return_acf": [
      0.0887713482663638,
      0.08811572636873179,
      0.08446194466952939,
      0.08265923499934247,
      0.07952586587148082,
      0.07659922905427603,
      0.07467112625807457,
      0.072845524565033,
      0.07087666093732281,
      0.0681794053121201,
      0.06636032200275903,
      0.06257152789992901,
      0.06197618504225442,
      0.06017221631030759,
      0.05628397390345389,
      0.054882300648785964,
      0.052276241504836694,
      0.05239256190318741,
      0.04985557153783421,
      0.04740334964733459,
      0.04518761271846446,
      0.04499439237191504,
      0.041984359780493176,
      0.04150560245612634,
      0.038940406156186484,
      0.03661073994339694,
      0.036095491766232196,
      0.03434987294300767,
      0.03157873842326909,
      0.03031933455317948,
      0.030447855502618977,
      0.02981071601882835,
      0.024634001159603666,
      0.024341711556307245,
      0.021918732303680633,
      0.020830546756610422,
      0.01987707238262609,
      0.01724300184925051,
      0.01805644646093087,
      0.01669494362511919,
      0.01492172300129219,
      0.015289926245158835,
      0.011503592031524689,
      0.010109974763776739,
      0.008664716289152162,
      0.008057862069132712,
      0.008052765004130883,
      0.003937001315480286,
      0.005209169686267705,
      0.002662937837920992
    ],
    "leverage_correlation": [
      -0.03483894893399963,
      -0.026164622748969527,
      -0.025352012101976674,
      -0.027302640953076662,
      -0.026267783428455108,
      -0.02524439545404128,
      -0.024096822671989936,
      -0.022355516384179108,
      -0.024011002077471685,
      -0.023228034664411704
    ],
    "aggregational_kurtosis": {
      "1": 4.274227587702499,
      "5": 4.2994796194327325,
      "21": 4.239866848819592
    },
    "tail_index": 4.465521656020415
  },
  "stylized_facts_comparison": {
    "kurtosis_real": 4.60339786339658,
    "kurtosis_fake": 4.274227587702499,
    "kurtosis_abs_diff": 0.3291702756940813,
    "return_acf_l1": 0.0010977067172734637,
    "absolute_return_acf_l1": 0.0018045914375643779,
    "leverage_correlation_l1": 0.003658932648493822,
    "aggregational_kurtosis_l1": {
      "1": 0.3291702756940813,
      "5": 0.28726921951511564,
      "21": 0.5612293236448602
    },
    "tail_index_real": 4.278436214587005,
    "tail_index_fake": 4.465521656020415,
    "tail_index_abs_diff": 0.18708544143340955
  },
  "distances": {
    "marginal_wasserstein_mean": 0.0012807958601745272,
    "marginal_wasserstein_max": 0.002053626701608811,