{
  "real_facts": {
    "kurtosis": 4.60339786339658,
    "return_acf": [
      -0.006129896495456233,
      -0.005410572515444318,
      -0.004850442150800915,
      -0.0036463281274129967,
      -0.005386376919333319,
      -0.0031757095684462507,
      -0.0038579477775226357,
      -0.0039151866634744275,
      -0.005292579737192809,
      -0.003945431906172928,
      -0.004851899003124628,
      -0.0046194163631568036,
      -0.005172885457709455,
      -0.004211124507857456,
      -0.003735645228058452,
      -0.0037680503626371766,
      -0.004010344632969521,
      -0.003202785018342763,
      -0.0032783054102908417,
      -0.004305299142885759
    ],
    "absolute_return_acf": [
      0.08947994314640795,
      0.08706221495064048,
      0.08482332847898004,
      0.08305845971378771,
      0.08067919327684936,
      0.07845742851805035,
      0.07822117883161873,
      0.07314431128699136,
      0.07130771041124338,
      0.07008872915004222,
      0.06696331074490364,
      0.06571267470156224,
      0.06297135471751543,
      0.06143142913263746,
      0.058780572831940825,
      0.05806321182989763,
      0.05548740810128411,
      0.053705708316469335,
      0.05131013846360228,
      0.0498567169204288,
      0.04751329320018901,
      0.04666906945559521,
      0.04433729311956561,
      0.04351708917810179,
      0.040605979435813976,
      0.03982570287915335,
      0.03750091418173794,
      0.035092790865346994,
      0.03401017096821067,
      0.0322637376223491,
      0.030973581918145796,
      0.03080148907385584,
      0.027930149354695358,
      0.027127365950542544,
      0.02524615258377359,
      0.023932512169302107,
      0.02233021877941033,
      0.020586613788424087,
      0.01928397702155667,
      0.01715488076489573,
      0.01650369251883455,
      0.014150051520215104,
      0.013640884493037063,
      0.012754180978707456,
      0.011389362354853725,
      0.007673126877138603,
      0.007936203346543302,
      0.00707422777302266,
      0.006542557740364,
      0.00457947612939156
    ],
    "leverage_correlation": [
      -0.03220236985226149,
      -0.030007698100387906,
      -0.031877264599439036,
      -0.030177338239747133,
      -0.029888435813181728,
      -0.028638150486819166,
      -0.02749954963028258,
      -0.027585348466969264,
      -0.02666613555497109,
      -0.025635656995973862
    ],
    "aggregational_kurtosis": {
      "1": 4.60339786339658,
      "5": 4.586748838947848,
      "21": 4.801096172464452
    },
    "tail_index": 4.278436214587005
  },
  "fake_facts": {
    "kurtosis": 4.274227586602636,
    "return_acf": [
      -0.005095999907959607,
      -0.002855337813684695,
      -0.003122450156512259,
      -0.0035559635782118,
      -0.003710257770593915,
      -0.003629512540550715,
      -0.0031749780559465713,
      -0.00467656022073036,
      -0.004464236780916229,
      -0.0025594753250286232,
      -0.0034525545884960167,
      -0.0027618460953625903,
      -0.004094042575395365,
      -0.004955343236468806,
      -0.004277228897449724,
      -0.005950030091641537,
      -0.0031901816183274013,
      -0.004429327642822816,
      -0.004130951728839816,
      -0.0042501095177718985
    ],
    "absolute_return_acf": [
      0.08976805978559306,
      0.08897734739884275,
      0.08525749182821818,
      0.08352538892861353,
      0.08032266179145395,
      0.07738217343976518,
      0.07539568667498468,
      0.07355464393877195,
      0.07159745825789679,
      0.0688588509373517,
      0.06701046008924681,
      0.06324180341382293,
      0.06255859947916804,
      0.06074390877225758,
      0.05685840404952516,
      0.055435376166704575,
      0.05277135726545612,
      0.05295216739117227,
      0.05032683421877831,
      0.04791052635762963,
      0.04569548712961612,
      0.04542876147863383,
      0.04241247534196428,
      0.04186763352687761,
      0.039315459448450205,
      0.036983639534208614,
      0.036466826059454206,
      0.03471643064015441,
      0.0319172439515051,
      0.030685818971529666,
      0.030738239115970685,
      0.03013631089492807,
      0.024890789343900183,
      0.024612440496122868,
      0.022133430634930232,
      0.021017685325035486,
      0.020081679011457593,
      0.017461734741655154,
      0.01822618105877193,
      0.016909468838431935,
      0.01510438216951537,
      0.015461580530786353,
      0.011621567509319699,
      0.010178735993851827,
      0.008758716833615279,
      0.008186186156876654,
      0.008163757437968308,
      0.004011672623461505,
      0.005315229013863038,
      0.0027131726336787707
    ],
    "leverage_correlation": [
      -0.03472038007616021,
      -0.026095054882362866,
      -0.025286676311203023,
      -0.027218881906123777,
      -0.026195939106487365,
      -0.025156965771967296,
      -0.0240292284523977,
      -0.02224598905833627,
      -0.02391755561987783,
      -0.02316043977172588
    ],
    "aggregational_kurtosis": {
      "1": 4.274227586602636,
      "5": 4.299479621637797,
      "21": 4.239866840207997
    },
    "tail_index": 4.4608236968412385
  },
  "stylized_facts_comparison": {
    "kurtosis_real": 4.60339786339658,
    "kurtosis_fake": 4.274227586602636,
    "kurtosis_abs_diff": 0.3291702767939446,
    "return_acf_l1": 0.0010977067022185877,
    "absolute_return_acf_l1": 0.0015139452137552898,
    "leverage_correlation_l1": 0.003718685723118848,
    "aggregational_kurtosis_l1": {
      "1": 0.3291702767939446,
      "5": 0.28726921731005106,
      "21": 0.5612293322564552
    },
    "tail_index_real": 4.278436214587005,
    "tail_index_fake": 4.4608236968412385,
    "tail_index_abs_diff": 0.1823874822542333
  },
  "distances": {
    "marginal_wasserstein_mean": 0.0005273434844337834,
    "marginal_wasserstein_max": 0.0014311680562495782,