{
  "real_facts": {
    "kurtosis": 4.60339786339658,
    "return_acf": [
      -0.006129896495456233,
      -0.005410572515444318,
      -0.004850442150800915,
      -0.0036463281274129967,
      -0.005386376919333319,
      -0.0031757095684462507,
      -0.0038579477775226357,
      -0.0039151866634744275,
      -0.005292579737192809,
      -0.003945431906172928,
      -0.004851899003124628,
      -0.0046194163631568036,
      -0.005172885457709455,
      -0.004211124507857456,
      -0.003735645228058452,
      -0.0037680503626371766,
      -0.004010344632969521,
      -0.003202785018342763,
      -0.0032783054102908417,
      -0.004305299142885759
    ],
    "absolute_return_acf": [
      0.08947994314640795,
      0.08706221495064048,
      0.08482332847898004,
      0.08305845971378771,
      0.08067919327684936,
      0.07845742851805035,
      0.07822117883161873,
      0.07314431128699136,
      0.07130771041124338,
      0.07008872915004222,
      0.06696331074490364,
      0.06571267470156224,
      0.06297135471751543,
      0.06143142913263746,
      0.058780572831940825,
      0.05806321182989763,
      0.05548740810128411,
      0.053705708316469335,
      0.05131013846360228,
      0.0498567169204288,
      0.04751329320018901,
      0.04666906945559521,
      0.04433729311956561,
      0.04351708917810179,
      0.040605979435813976,
      0.03982570287915335,
      0.03750091418173794,
      0.035092790865346994,
      0.03401017096821067,
      0.0322637376223491,
      0.030973581918145796,
      0.03080148907385584,
      0.027930149354695358,
      0.027127365950542544,
      0.02524615258377359,
      0.023932512169302107,
      0.02233021877941033,
      0.020586613788424087,
      0.01928397702155667,
      0.01715488076489573,
      0.01650369251883455,
      0.014150051520215104,
      0.013640884493037063,
      0.012754180978707456,
      0.011389362354853725,
      0.007673126877138603,
      0.007936203346543302,
      0.00707422777302266,
      0.006542557740364,
      0.00457947612939156
    ],
    "leverage_correlation": [
      -0.03220236985226149,
      -0.030007698100387906,
      -0.031877264599439036,
      -0.030177338239747133,
      -0.029888435813181728,
      -0.028638150486819166,
      -0.02749954963028258,
      -0.027585348466969264,
      -0.02666613555497109,
      -0.025635656995973862
    ],
    "aggregational_kurtosis": {
      "1": 4.60339786339658,
      "5": 4.586748838947848,
      "21": 4.801096172464452
    },
    "tail_index": 4.278436214587005
  },
  "fake_facts": {
    "kurtosis": 2.8354974203729606,
    "return_acf": [
      0.05012944349870765,
      0.0002807073045148164,
      -0.0042209695331313244,
      -0.004174091119096866,
      -0.004098532015974598,
      -0.004927356077065254,
      -0.004350669701432555,
      -0.005293308987388271,
      -0.005466627343652377,
      -0.003583517981042804,
      -0.0034701290377124492,
      -0.003118915280336979,
      -0.005442324987226264,
      -0.00592772165002531,
      -0.0054207307304728345,
      -0.006313566548659839,
      -0.004214258476660359,
      -0.005621852134922703,
      -0.005592832558869196,
      -0.005360430947976918
    ],
    "absolute_return_acf": [
      0.19195616511983307,
      0.17903206958683812,
      0.17253270077417393,
      0.1684262753831048,
      0.16305142946477674,
      0.1559497529868717,
      0.15237873538630572,
      0.14862566116330225,
      0.14332042147765528,
      0.13867293539897105,
      0.1351489753802873,
      0.12938401795539026,
      0.12514699974213464,
      0.12205030076543469,
      0.11679014174269589,
      0.11245070757947051,
      0.10749107323938623,
      0.10658588255783777,
      0.1013308435883065,
      0.09800262809125124,
      0.0943743189027656,
      0.09094491604158836,
      0.08648981957611662,
      0.08408601473851696,
      0.07896947717172922,
      0.07558904804341172,
      0.07177039789933537,
      0.06930483189621842,
      0.06569224138703048,
      0.06207713507722117,
      0.06019711601855998,
      0.0586406698453399,
      0.05264638418538335,
      0.04936869329951451,
      0.04576285707526926,
      0.04257415735799082,
      0.041363637856560324,
      0.03862233062681766,
      0.036609536641487875,
      0.034136628963500115,
      0.03149317975018413,
      0.02899983930574673,
      0.025762756042060426,
      0.02325144637057013,
      0.02072565952545138,
      0.017674984307447465,
      0.016095871638460282,
      0.012561767798159798,
      0.010806762830215186,
      0.00754618578639455
    ],
    "leverage_correlation": [
      -0.0912037997396512,
      -0.02647136632218353,
      -0.021122186449255814,
      -0.022362878799059235,
      -0.02124486817434389,
      -0.02139734980133214,
      -0.019588844917543192,
      -0.01797828870203268,
      -0.0200699204747561,
      -0.01886826108129603
    ],
    "aggregational_kurtosis": {
      "1": 2.8354974203729606,
      "5": 4.08863673557423,
      "21": 4.294599208711211
    },
    "tail_index": 8.386632817218684
  },
  "stylized_facts_comparison": {
    "kurtosis_real": 4.60339786339658,
    "kurtosis_fake": 2.8354974203729606,
    "kurtosis_abs_diff": 1.7679004430236196,
    "return_acf_l1": 0.004182285096858083,
    "absolute_return_acf_l1": 0.04145829227550897,
    "leverage_correlation_l1": 0.012787304305335886,
    "aggregational_kurtosis_l1": {
      "1": 1.7679004430236196,
      "5": 0.498112103373618,
      "21": 0.506496963753241
    },
    "tail_index_real": 4.278436214587005,
    "tail_index_fake": 8.386632817218684,
    "tail_index_abs_diff": 4.108196602631679
  },
  "distances": {
    "marginal_wasserstein_mean": 0.0011122050429848477,
    "marginal_wasserstein_max": 0.001435321291493187,