{
  "real_facts": {
    "kurtosis": 4.60339786339658,
    "return_acf": [
      -0.006129896495456233,
      -0.005410572515444318,
      -0.004850442150800915,
      -0.0036463281274129967,
      -0.005386376919333319,
      -0.0031757095684462507,
      -0.0038579477775226357,
      -0.0039151866634744275,
      -0.005292579737192809,
      -0.003945431906172928,
      -0.004851899003124628,
      -0.0046194163631568036,
      -0.005172885457709455,
      -0.004211124507857456,
      -0.003735645228058452,
      -0.0037680503626371766,
      -0.004010344632969521,
      -0.003202785018342763,
      -0.0032783054102908417,
      -0.004305299142885759
    ],
    "absolute_return_acf": [
      0.08947994314640795,
      0.08706221495064048,
      0.08482332847898004,
      0.08305845971378771,
      0.08067919327684936,
      0.07845742851805035,
      0.07822117883161873,
      0.07314431128699136,
      0.07130771041124338,
      0.07008872915004222,
      0.06696331074490364,
      0.06571267470156224,
      0.06297135471751543,
      0.06143142913263746,
      0.058780572831940825,
      0.05806321182989763,
      0.05548740810128411,
      0.053705708316469335,
      0.05131013846360228,
      0.0498567169204288,
      0.04751329320018901,
      0.04666906945559521,
      0.04433729311956561,
      0.04351708917810179,
      0.040605979435813976,
      0.03982570287915335,
      0.03750091418173794,
      0.035092790865346994,
      0.03401017096821067,
      0.0322637376223491,
      0.030973581918145796,
      0.03080148907385584,
      0.027930149354695358,
      0.027127365950542544,
      0.02524615258377359,
      0.023932512169302107,
      0.02233021877941033,
      0.020586613788424087,
      0.01928397702155667,
      0.01715488076489573,
      0.01650369251883455,
      0.014150051520215104,
      0.013640884493037063,
      0.012754180978707456,
      0.011389362354853725,
      0.007673126877138603,
      0.007936203346543302,
      0.00707422777302266,
      0.006542557740364,
      0.00457947612939156
    ],
    "leverage_correlation": [
      -0.03220236985226149,
      -0.030007698100387906,
      -0.031877264599439036,
      -0.030177338239747133,
      -0.029888435813181728,
      -0.028638150486819166,
      -0.02749954963028258,
      -0.027585348466969264,
      -0.02666613555497109,
      -0.025635656995973862
    ],
    "aggregational_kurtosis": {
      "1": 4.60339786339658,
      "5": 4.586748838947848,
      "21": 4.801096172464452
    },
    "tail_index": 4.278436214587005
  },
  "fake_facts": {
    "kurtosis": 2.856872996642224,
    "return_acf": [
      0.05623605006105564,
      0.0007502245564979741,
      -0.004244458625016709,
      -0.004219777137807333,
      -0.004151224529205366,
      -0.0050130084688918665,
      -0.004483482907261239,
      -0.005350118607992824,
      -0.005584073443580429,
      -0.003689166144011903,
      -0.0035275499202293732,
      -0.0032358877975076452,
      -0.00555943073588088,
      -0.006013211772508764,
      -0.005497876188458254,
      -0.006403473464115414,
      -0.004302147126963102,
      -0.00573772040360138,
      -0.005752953922692986,
      -0.005497053817400996
    ],
    "absolute_return_acf": [
      0.19326904868050113,
      0.17935655439039444,
      0.17295347835247601,
      0.16897638797129869,
      0.16344804718586875,
      0.15635848225375878,
      0.15287169172533435,
      0.14902367790636764,
      0.14372637654743897,
      0.13906993220933173,
      0.13559639651170752,
      0.12976792776006782,
      0.12547041410223247,
      0.12238054672442576,
      0.11719255801624043,
      0.11271817743173847,
      0.10777526509428903,
      0.10693328654116596,
      0.1015832874337591,
      0.09837869104489924,
      0.09471659951987188,
      0.09120801557632001,
      0.08680960270127275,
      0.08430269008980307,
      0.07916747471335032,
      0.07581866619211837,
      0.07204227540633751,
      0.06951422585322545,
      0.0658976166128906,
      0.062328025820386004,
      0.06040171350529785,
      0.058871824049188386,
      0.05280842285885027,
      0.04943032167869634,
      0.04587487576944624,
      0.0425735192815893,
      0.041494513872852884,
      0.03870306628703756,
      0.036763859763775955,
      0.03433299804068651,
      0.031554080252076615,
      0.029107786404151126,
      0.025839436972153403,
      0.023353957977004822,
      0.020832547633245296,
      0.017739043031270354,
      0.016127151801802204,
      0.01257621733498342,
      0.010813857482344681,
      0.007673366211012845
    ],
    "leverage_correlation": [
      -0.08903625005791387,
      -0.024872030627355365,
      -0.01901361970211673,
      -0.020370194189961503,
      -0.019269657623033756,
      -0.019416330394701548,
      -0.017727019284988554,
      -0.016140468644617715,
      -0.01832188066007351,
      -0.01723889829124997
    ],
    "aggregational_kurtosis": {
      "1": 2.856872996642224,
      "5": 4.096177704274705,
      "21": 4.328157077509494
    },
    "tail_index": 8.330168361791161
  },
  "stylized_facts_comparison": {
    "kurtosis_real": 4.60339786339658,
    "kurtosis_fake": 2.856872996642224,
    "kurtosis_abs_diff": 1.7465248667543563,
    "return_acf_l1": 0.004558707965871335,
    "absolute_return_acf_l1": 0.04171952422017422,
    "leverage_correlation_l1": 0.014243935867532549,
    "aggregational_kurtosis_l1": {
      "1": 1.7465248667543563,
      "5": 0.49057113467314295,
      "21": 0.4729390949549579
    },
    "tail_index_real": 4.278436214587005,
    "tail_index_fake": 8.330168361791161,
    "tail_index_abs_diff": 4.051732147204156
  },
  "distances": {
    "marginal_wasserstein_mean": 0.011654202210921524,
    "marginal_wasserstein_max": 0.012473309597778402,