{
  "real_facts": {
    "kurtosis": 4.60339786339658,
    "return_acf": [
      -0.006129896495456233,
      -0.005410572515444318,
      -0.004850442150800915,
      -0.0036463281274129967,
      -0.005386376919333319,
      -0.0031757095684462507,
      -0.0038579477775226357,
      -0.0039151866634744275,
      -0.005292579737192809,
      -0.003945431906172928,
      -0.004851899003124628,
      -0.0046194163631568036,
      -0.005172885457709455,
      -0.004211124507857456,
      -0.003735645228058452,
      -0.0037680503626371766,
      -0.004010344632969521,
      -0.003202785018342763,
      -0.0032783054102908417,
      -0.004305299142885759
    ],
    "absolute_return_acf": [
      0.08947994314640795,
      0.08706221495064048,
      0.08482332847898004,
      0.08305845971378771,
      0.08067919327684936,
      0.07845742851805035,
      0.07822117883161873,
      0.07314431128699136,
      0.07130771041124338,
      0.07008872915004222,
      0.06696331074490364,
      0.06571267470156224,
      0.06297135471751543,
      0.06143142913263746,
      0.058780572831940825,
      0.05806321182989763,
      0.05548740810128411,
      0.053705708316469335,
      0.05131013846360228,
      0.0498567169204288,
      0.04751329320018901,
      0.04666906945559521,
      0.04433729311956561,
      0.04351708917810179,
      0.040605979435813976,
      0.03982570287915335,
      0.03750091418173794,
      0.035092790865346994,
      0.03401017096821067,
      0.0322637376223491,
      0.030973581918145796,
      0.03080148907385584,
      0.027930149354695358,
      0.027127365950542544,
      0.02524615258377359,
      0.023932512169302107,
      0.02233021877941033,
      0.020586613788424087,
      0.01928397702155667,
      0.01715488076489573,
      0.01650369251883455,
      0.014150051520215104,
      0.013640884493037063,
      0.012754180978707456,
      0.011389362354853725,
      0.007673126877138603,
      0.007936203346543302,
      0.00707422777302266,
      0.006542557740364,
      0.00457947612939156
    ],
    "leverage_correlation": [
      -0.03220236985226149,
      -0.030007698100387906,
      -0.031877264599439036,
      -0.030177338239747133,
      -0.029888435813181728,
      -0.028638150486819166,
      -0.02749954963028258,
      -0.027585348466969264,
      -0.02666613555497109,
      -0.025635656995973862
    ],
    "aggregational_kurtosis": {
      "1": 4.60339786339658,
      "5": 4.586748838947848,
      "21": 4.801096172464452
    },
    "tail_index": 4.278436214587005
  },
  "fake_facts": {
    "kurtosis": 2.8764719622119816,
    "return_acf": [
      0.01579283558502486,
      -0.0017813423571573178,
      -0.003900812998017983,
      -0.003606476063661657,
      -0.0034310544407051714,
      -0.0043630012175907085,
      -0.00376369340168915,
      -0.004705744605285169,
      -0.004984402514158354,
      -0.003102144461413343,
      -0.0030091503867995468,
      -0.002585803879663753,
      -0.004940380789615049,
      -0.005328324240233488,
      -0.004777904190365001,
      -0.005850097350619399,
      -0.0035680341417908728,
      -0.005060639551059579,
      -0.005054040014174568,
      -0.0047829400899901415
    ],
    "absolute_return_acf": [
      0.19012761749916277,
      0.17824420792403242,
      0.1717365639723795,
      0.16770816731101268,
      0.1621634751734329,
      0.15534241011995562,
      0.1516364233728424,
      0.14795620258110512,
      0.14283220441970784,
      0.13811136877689364,
      0.13455427264125186,
      0.12880157990114785,
      0.12457174181859047,
      0.12149430582964314,
      0.11628786921129988,
      0.11198487815304622,
      0.10709168639596801,
      0.10616561127569193,
      0.10088209136062797,
      0.09743756251845839,
      0.09413439908542616,
      0.09062170427455885,
      0.08622027533241781,
      0.08385443712115345,
      0.0787563316563643,
      0.07522119902852362,
      0.07155386567516649,
      0.0689128833065751,
      0.06566537815187264,
      0.06209229891666275,
      0.060014911417573286,
      0.05861448464260464,
      0.052374821430812776,
      0.04906557610460668,
      0.04572140136119867,
      0.042430486685117674,
      0.041216417304150044,
      0.03877876701751841,
      0.03635511797060964,
      0.034116353730604745,
      0.03142801912227458,
      0.029025107394091636,
      0.0257077951483588,
      0.022953371708918133,
      0.020765030258053735,
      0.0177391020337625,
      0.015974502885171077,
      0.012460334555937768,
      0.01073033994223324,
      0.00774222673146549
    ],
    "leverage_correlation": [
      -0.09846264613809207,
      -0.024887024748219414,
      -0.021612212644890286,
      -0.023429714794588694,
      -0.022052640358778106,
      -0.02214005190653678,
      -0.02032517083347808,
      -0.018517249555410103,
      -0.0206554277138161,
      -0.01947760120882065
    ],
    "aggregational_kurtosis": {
      "1": 2.8764719622119816,
      "5": 4.0880215452128015,
      "21": 4.222686833070108
    },
    "tail_index": 8.313747990694301
  },
  "stylized_facts_comparison": {
    "kurtosis_real": 4.60339786339658,
    "kurtosis_fake": 2.8764719622119816,
    "kurtosis_abs_diff": 1.7269259011845985,
    "return_acf_l1": 0.002231212329698708,
    "absolute_return_acf_l1": 0.041116508213648165,
    "leverage_correlation_l1": 0.013113876040906414,
    "aggregational_kurtosis_l1": {
      "1": 1.7269259011845985,
      "5": 0.49872729373504665,
      "21": 0.5784093393943435
    },
    "tail_index_real": 4.278436214587005,
    "tail_index_fake": 8.313747990694301,
    "tail_index_abs_diff": 4.035311776107296
  },
  "distances": {
    "marginal_wasserstein_mean": 0.011563112374983866,
    "marginal_wasserstein_max": 0.012372925250838246,