{
  "real_facts": {
    "kurtosis": 4.60339786339658,
    "return_acf": [
      -0.006129896495456233,
      -0.005410572515444318,
      -0.004850442150800915,
      -0.0036463281274129967,
      -0.005386376919333319,
      -0.0031757095684462507,
      -0.0038579477775226357,
      -0.0039151866634744275,
      -0.005292579737192809,
      -0.003945431906172928,
      -0.004851899003124628,
      -0.0046194163631568036,
      -0.005172885457709455,
      -0.004211124507857456,
      -0.003735645228058452,
      -0.0037680503626371766,
      -0.004010344632969521,
      -0.003202785018342763,
      -0.0032783054102908417,
      -0.004305299142885759
    ],
    "absolute_return_acf": [
      0.08947994314640795,
      0.08706221495064048,
      0.08482332847898004,
      0.08305845971378771,
      0.08067919327684936,
      0.07845742851805035,
      0.07822117883161873,
      0.07314431128699136,
      0.07130771041124338,
      0.07008872915004222,
      0.06696331074490364,
      0.06571267470156224,
      0.06297135471751543,
      0.06143142913263746,
      0.058780572831940825,
      0.05806321182989763,
      0.05548740810128411,
      0.053705708316469335,
      0.05131013846360228,
      0.0498567169204288,
      0.04751329320018901,
      0.04666906945559521,
      0.04433729311956561,
      0.04351708917810179,
      0.040605979435813976,
      0.03982570287915335,
      0.03750091418173794,
      0.035092790865346994,
      0.03401017096821067,
      0.0322637376223491,
      0.030973581918145796,
      0.03080148907385584,
      0.027930149354695358,
      0.027127365950542544,
      0.02524615258377359,
      0.023932512169302107,
      0.02233021877941033,
      0.020586613788424087,
      0.01928397702155667,
      0.01715488076489573,
      0.01650369251883455,
      0.014150051520215104,
      0.013640884493037063,
      0.012754180978707456,
      0.011389362354853725,
      0.007673126877138603,
      0.007936203346543302,
      0.00707422777302266,
      0.006542557740364,
      0.00457947612939156
    ],
    "leverage_correlation": [
      -0.03220236985226149,
      -0.030007698100387906,
      -0.031877264599439036,
      -0.030177338239747133,
      -0.029888435813181728,
      -0.028638150486819166,
      -0.02749954963028258,
      -0.027585348466969264,
      -0.02666613555497109,
      -0.025635656995973862
    ],
    "aggregational_kurtosis": {
      "1": 4.60339786339658,
      "5": 4.586748838947848,
      "21": 4.801096172464452
    },
    "tail_index": 4.278436214587005
  },
  "fake_facts": {
    "kurtosis": 2.8764719624919555,
    "return_acf": [
      0.015792835549360573,
      -0.0017813423438773313,
      -0.003900813029677108,
      -0.0036064760338865207,
      -0.0034310544030155925,
      -0.004363001263113434,
      -0.003763693376265958,
      -0.004705744701838037,
      -0.004984402500392137,
      -0.003102144517505002,
      -0.003009150380958026,
      -0.0025858038802861714,
      -0.004940380846139082,
      -0.005328324222347986,
      -0.004777904229083965,
      -0.005850097283765381,
      -0.0035680341660048803,
      -0.005060639610731591,
      -0.005054040112772919,
      -0.004782940010241228
    ],
    "absolute_return_acf": [
      0.18605051338262696,
      0.17663047174789745,
      0.17023944799280963,
      0.16611929263527045,
      0.16072262150661196,
      0.1538374804173149,
      0.15022268550436058,
      0.1466783813073156,
      0.14148871041422903,
      0.13684201844047686,
      0.13333706009350543,
      0.1275598202663961,
      0.12346659689249598,
      0.12042474033417684,
      0.11521529202710569,
      0.11093989190126449,
      0.10610702747059472,
      0.10510842743356313,
      0.09995281723641594,
      0.09645914014019324,
      0.09318706729096021,
      0.08978547459725597,
      0.08533198313644051,
      0.08309201796300568,
      0.07807372709350903,
      0.07446584722671652,
      0.07085544476057494,
      0.06824354156072232,
      0.0650565292750674,
      0.06135647519644059,
      0.05937958175319545,
      0.058049226504801286,
      0.051879706172554406,
      0.04861062119684033,
      0.045291663854934265,
      0.04209553960757766,
      0.04085382610689832,
      0.038356141015364685,
      0.03604769050474644,
      0.03367252843720484,
      0.031121040453701437,
      0.02875438024032396,
      0.02548031191780464,
      0.02279854008577841,
      0.020648423696667497,
      0.017541641138043833,
      0.015741488512722012,
      0.012415431939512432,
      0.01060639285374171,
      0.007623903967452786
    ],
    "leverage_correlation": [
      -0.09793391373485262,
      -0.025087474531091267,
      -0.02188945072726751,
      -0.023678833964317074,
      -0.022300817253977437,
      -0.02244121175865267,
      -0.02058295342715125,
      -0.018829526131520075,
      -0.02094917646203787,
      -0.019708489353607698
    ],
    "aggregational_kurtosis": {
      "1": 2.8764719624919555,
      "5": 4.088021545110029,
      "21": 4.222686833379487
    },
    "tail_index": 8.365039889015979
  },
  "stylized_facts_comparison": {
    "kurtosis_real": 4.60339786339658,
    "kurtosis_fake": 2.8764719624919555,
    "kurtosis_abs_diff": 1.7269259009046247,
    "return_acf_l1": 0.0022312123344775366,
    "absolute_return_acf_l1": 0.040285337112751146,
    "leverage_correlation_l1": 0.012823918816074004,
    "aggregational_kurtosis_l1": {
      "1": 1.7269259009046247,
      "5": 0.49872729383781955,
      "21": 0.5784093390849652
    },
    "tail_index_real": 4.278436214587005,
    "tail_index_fake": 8.365039889015979,
    "tail_index_abs_diff": 4.086603674428973
  },
  "distances": {
    "marginal_wasserstein_mean": 0.0010740332769886647,
    "marginal_wasserstein_max": 0.0014148697520218346,