{
  "real_facts": {
    "kurtosis": 4.60339786339658,
    "return_acf": [
      -0.006129896495456233,
      -0.005410572515444318,
      -0.004850442150800915,
      -0.0036463281274129967,
      -0.005386376919333319,
      -0.0031757095684462507,
      -0.0038579477775226357,
      -0.0039151866634744275,
      -0.005292579737192809,
      -0.003945431906172928,
      -0.004851899003124628,
      -0.0046194163631568036,
      -0.005172885457709455,
      -0.004211124507857456,
      -0.003735645228058452,
      -0.0037680503626371766,
      -0.004010344632969521,
      -0.003202785018342763,
      -0.0032783054102908417,
      -0.004305299142885759
    ],
    "absolute_return_acf": [
      0.08947994314640795,
      0.08706221495064048,
      0.08482332847898004,
      0.08305845971378771,
      0.08067919327684936,
      0.07845742851805035,
      0.07822117883161873,
      0.07314431128699136,
      0.07130771041124338,
      0.07008872915004222,
      0.06696331074490364,
      0.06571267470156224,
      0.06297135471751543,
      0.06143142913263746,
      0.058780572831940825,
      0.05806321182989763,
      0.05548740810128411,
      0.053705708316469335,
      0.05131013846360228,
      0.0498567169204288,
      0.04751329320018901,
      0.04666906945559521,
      0.04433729311956561,
      0.04351708917810179,
      0.040605979435813976,
      0.03982570287915335,
      0.03750091418173794,
      0.035092790865346994,
      0.03401017096821067,
      0.0322637376223491,
      0.030973581918145796,
      0.03080148907385584,
      0.027930149354695358,
      0.027127365950542544,
      0.02524615258377359,
      0.023932512169302107,
      0.02233021877941033,
      0.020586613788424087,
      0.01928397702155667,
      0.01715488076489573,
      0.01650369251883455,
      0.014150051520215104,
      0.013640884493037063,
      0.012754180978707456,
      0.011389362354853725,
      0.007673126877138603,
      0.007936203346543302,
      0.00707422777302266,
      0.006542557740364,
      0.00457947612939156
    ],
    "leverage_correlation": [
      -0.03220236985226149,
      -0.030007698100387906,
      -0.031877264599439036,
      -0.030177338239747133,
      -0.029888435813181728,
      -0.028638150486819166,
      -0.02749954963028258,
      -0.027585348466969264,
      -0.02666613555497109,
      -0.025635656995973862
    ],
    "aggregational_kurtosis": {
      "1": 4.60339786339658,
      "5": 4.586748838947848,
      "21": 4.801096172464452
    },
    "tail_index": 4.278436214587005
  },
  "fake_facts": {
    "kurtosis": 2.8354974201069116,
    "return_acf": [
      0.05012944354345819,
      0.0002807072818105841,
      -0.004220969529094169,
      -0.0041740911444235,
      -0.004098532058351642,
      -0.004927356064154338,
      -0.0043506696991304295,
      -0.005293308960219672,
      -0.005466627305247527,
      -0.0035835179533884117,
      -0.003470129001277379,
      -0.0031189153115410316,
      -0.005442324912105186,
      -0.0059277215855147464,
      -0.005420730769329324,
      -0.0063135665105137715,
      -0.004214258420892467,
      -0.005621852186660821,
      -0.005592832459399915,
      -0.0053604309634206005
    ],
    "absolute_return_acf": [
      0.19486377009953615,
      0.1801529032993751,
      0.1735018181904733,
      0.16945491834735335,
      0.16399600284974544,
      0.15693307738430595,
      0.15328788245530509,
      0.14942825827762973,
      0.1441988058811654,
      0.13948708737091597,
      0.135919111564149,
      0.13018220415323808,
      0.12586444818891038,
      0.12273427958738675,
      0.11750105309941625,
      0.11311561257821484,
      0.10811873703975304,
      0.10729103487010543,
      0.1019417769029081,
      0.0986512876412468,
      0.09500855507782194,
      0.09149006291853298,
      0.087093428048065,
      0.08458484094095077,
      0.0794097707368403,
      0.07607250288601182,
      0.07223702376396683,
      0.06974363249464494,
      0.06608611373815665,
      0.0625795624507187,
      0.06061898182457305,
      0.05903173497360371,
      0.05295225382592466,
      0.04964775163027464,
      0.04603109851115429,
      0.04276754391666156,
      0.04161670427881306,
      0.03890361847866867,
      0.036794696648309096,
      0.03444014445527616,
      0.031682571443058104,
      0.029171349997916395,
      0.025912330594148426,
      0.023339349067328628,
      0.02082532621259645,
      0.01780282970435816,
      0.016251542146856694,
      0.012594119710690476,
      0.010913115458788415,
      0.007650089003787032
    ],
    "leverage_correlation": [
      -0.09279002941498699,
      -0.026343312509918258,
      -0.020852614274105143,
      -0.02210638741105402,
      -0.02098793817170938,
      -0.021099795919378397,
      -0.019327247995780814,
      -0.017673463500715077,
      -0.01978230863758017,
      -0.018635445971529264
    ],
    "aggregational_kurtosis": {
      "1": 2.8354974201069116,
      "5": 4.0886367371416945,
      "21": 4.294599212423661
    },
    "tail_index": 8.326897538932286
  },
  "stylized_facts_comparison": {
    "kurtosis_real": 4.60339786339658,
    "kurtosis_fake": 2.8354974201069116,
    "kurtosis_abs_diff": 1.7679004432896686,
    "return_acf_l1": 0.004182285083565851,
    "absolute_return_acf_l1": 0.0420064989030401,
    "leverage_correlation_l1": 0.013175472305872673,
    "aggregational_kurtosis_l1": {
      "1": 1.7679004432896686,
      "5": 0.4981121018061536,
      "21": 0.5064969600407911
    },
    "tail_index_real": 4.278436214587005,
    "tail_index_fake": 8.326897538932286,
    "tail_index_abs_diff": 4.048461324345281
  },
  "distances": {
    "marginal_wasserstein_mean": 0.011624925408648389,
    "marginal_wasserstein_max": 0.012435277335364465,