{
  "real_facts": {
    "kurtosis": 4.60339786339658,
    "return_acf": [
      -0.006129896495456233,
      -0.005410572515444318,
      -0.004850442150800915,
      -0.0036463281274129967,
      -0.005386376919333319,
      -0.0031757095684462507,
      -0.0038579477775226357,
      -0.0039151866634744275,
      -0.005292579737192809,
      -0.003945431906172928,
      -0.004851899003124628,
      -0.0046194163631568036,
      -0.005172885457709455,
      -0.004211124507857456,
      -0.003735645228058452,
      -0.0037680503626371766,
      -0.004010344632969521,
      -0.003202785018342763,
      -0.0032783054102908417,
      -0.004305299142885759
    ],
    "absolute_return_acf": [
      0.08947994314640795,
      0.08706221495064048,
      0.08482332847898004,
      0.08305845971378771,
      0.08067919327684936,
      0.07845742851805035,
      0.07822117883161873,
      0.07314431128699136,
      0.07130771041124338,
      0.07008872915004222,
      0.06696331074490364,
      0.06571267470156224,
      0.06297135471751543,
      0.06143142913263746,
      0.058780572831940825,
      0.05806321182989763,
      0.05548740810128411,
      0.053705708316469335,
      0.05131013846360228,
      0.0498567169204288,
      0.04751329320018901,
      0.04666906945559521,
      0.04433729311956561,
      0.04351708917810179,
      0.040605979435813976,
      0.03982570287915335,
      0.03750091418173794,
      0.035092790865346994,
      0.03401017096821067,
      0.0322637376223491,
      0.030973581918145796,
      0.03080148907385584,
      0.027930149354695358,
      0.027127365950542544,
      0.02524615258377359,
      0.023932512169302107,
      0.02233021877941033,
      0.020586613788424087,
      0.01928397702155667,
      0.01715488076489573,
      0.01650369251883455,
      0.014150051520215104,
      0.013640884493037063,
      0.012754180978707456,
      0.011389362354853725,
      0.007673126877138603,
      0.007936203346543302,
      0.00707422777302266,
      0.006542557740364,
      0.00457947612939156
    ],
    "leverage_correlation": [
      -0.03220236985226149,
      -0.030007698100387906,
      -0.031877264599439036,
      -0.030177338239747133,
      -0.029888435813181728,
      -0.028638150486819166,
      -0.02749954963028258,
      -0.027585348466969264,
      -0.02666613555497109,
      -0.025635656995973862
    ],
    "aggregational_kurtosis": {
      "1": 4.60339786339658,
      "5": 4.586748838947848,
      "21": 4.801096172464452
    },
    "tail_index": 4.278436214587005
  },
  "fake_facts": {
    "kurtosis": 2.856872996964405,
    "return_acf": [
      0.05623605010387795,
      0.0007502245114876291,
      -0.004244458616812746,
      -0.0042197771949349875,
      -0.004151224571143283,
      -0.005013008520587154,
      -0.004483482841130823,
      -0.0053501186190996475,
      -0.005584073514037361,
      -0.0036891661599566753,
      -0.0035275498826017773,
      -0.003235887793204119,
      -0.005559430734928997,
      -0.0060132117327784595,
      -0.00549787617243865,
      -0.006403473487037688,
      -0.004302147111018504,
      -0.005737720482546812,
      -0.005752953821883466,
      -0.0054970537770443455
    ],
    "absolute_return_acf": [
      0.19152696654341936,
      0.1786959354978519,
      0.172388287838341,
      0.1683687934718617,
      0.16289225182419748,
      0.15578775132685743,
      0.15233602041926955,
      0.14856955353862314,
      0.14321555440130618,
      0.13859471626188835,
      0.13514345599648178,
      0.12929755844106694,
      0.12505634164550036,
      0.12198402182147361,
      0.11677421677441664,
      0.11233255228619114,
      0.10741585744968454,
      0.1065106927959089,
      0.10122942694474281,
      0.09799361895727912,
      0.09434145720870371,
      0.0908951902740974,
      0.0864555061688575,
      0.08400773862931767,
      0.07891481690726121,
      0.07552928679133049,
      0.07177161364572715,
      0.06925744062971932,
      0.06566968260646809,
      0.062032113602758815,
      0.06014991426576788,
      0.05864622230804414,
      0.05263323920664316,
      0.04926951060665429,
      0.04572238185081588,
      0.04247425295810121,
      0.04134260294006128,
      0.038530780159046096,
      0.03666403699461452,
      0.03414741078373743,
      0.03144811600470057,
      0.02900579183429819,
      0.02575661461704838,
      0.02330537807833269,
      0.02078198571882955,
      0.017657804144825134,
      0.016026968841921348,
      0.012557315844787304,
      0.010750640912430106,
      0.007620619835868956
    ],
    "leverage_correlation": [
      -0.08778513381002777,
      -0.024932150829293186,
      -0.019183387993921112,
      -0.02052999065798088,
      -0.01943133486757202,
      -0.01960546519328733,
      -0.01789426499426197,
      -0.01633533805956193,
      -0.01850599242071583,
      -0.017386689338561502
    ],
    "aggregational_kurtosis": {
      "1": 2.856872996964405,
      "5": 4.09617770332604,
      "21": 4.328157081270971
    },
    "tail_index": 8.378629187371892
  },
  "stylized_facts_comparison": {
    "kurtosis_real": 4.60339786339658,
    "kurtosis_fake": 2.856872996964405,
    "kurtosis_abs_diff": 1.7465248664321753,
    "return_acf_l1": 0.004558707965990124,
    "absolute_return_acf_l1": 0.041398564780790084,
    "leverage_correlation_l1": 0.013975372749038229,
    "aggregational_kurtosis_l1": {
      "1": 1.7465248664321753,
      "5": 0.4905711356218081,
      "21": 0.47293909119348054
    },
    "tail_index_real": 4.278436214587005,
    "tail_index_fake": 8.378629187371892,
    "tail_index_abs_diff": 4.100192972784887
  },
  "distances": {
    "marginal_wasserstein_mean": 0.0011040893691948673,
    "marginal_wasserstein_max": 0.0014270167655853977,