{
  "real_facts": {
    "kurtosis": 4.60339786339658,
    "return_acf": [
      -0.006129896495456233,
      -0.005410572515444318,
      -0.004850442150800915,
      -0.0036463281274129967,
      -0.005386376919333319,
      -0.0031757095684462507,
      -0.0038579477775226357,
      -0.0039151866634744275,
      -0.005292579737192809,
      -0.003945431906172928,
      -0.004851899003124628,
      -0.0046194163631568036,
      -0.005172885457709455,
      -0.004211124507857456,
      -0.003735645228058452,
      -0.0037680503626371766,
      -0.004010344632969521,
      -0.003202785018342763,
      -0.0032783054102908417,
      -0.004305299142885759
    ],
    "absolute_return_acf": [
      0.08947994314640795,
      0.08706221495064048,
      0.08482332847898004,
      0.08305845971378771,
      0.08067919327684936,
      0.07845742851805035,
      0.07822117883161873,
      0.07314431128699136,
      0.07130771041124338,
      0.07008872915004222,
      0.06696331074490364,
      0.06571267470156224,
      0.06297135471751543,
      0.06143142913263746,
      0.058780572831940825,
      0.05806321182989763,
      0.05548740810128411,
      0.053705708316469335,
      0.05131013846360228,
      0.0498567169204288,
      0.04751329320018901,
      0.04666906945559521,
      0.04433729311956561,
      0.04351708917810179,
      0.040605979435813976,
      0.03982570287915335,
      0.03750091418173794,
      0.035092790865346994,
      0.03401017096821067,
      0.0322637376223491,
      0.030973581918145796,
      0.03080148907385584,
      0.027930149354695358,
      0.027127365950542544,
      0.02524615258377359,
      0.023932512169302107,
      0.02233021877941033,
      0.020586613788424087,
      0.01928397702155667,
      0.01715488076489573,
      0.01650369251883455,
      0.014150051520215104,
      0.013640884493037063,
      0.012754180978707456,
      0.011389362354853725,
      0.007673126877138603,
      0.007936203346543302,
      0.00707422777302266,
      0.006542557740364,
      0.00457947612939156
    ],
    "leverage_correlation": [
      -0.03220236985226149,
      -0.030007698100387906,
      -0.031877264599439036,
      -0.030177338239747133,
      -0.029888435813181728,
      -0.028638150486819166,
      -0.02749954963028258,
      -0.027585348466969264,
      -0.02666613555497109,
      -0.025635656995973862
    ],
    "aggregational_kurtosis": {
      "1": 4.60339786339658,
      "5": 4.586748838947848,
      "21": 4.801096172464452
    },
    "tail_index": 4.278436214587005
  },
  "fake_facts": {
    "kurtosis": 6.387141725923639,
    "return_acf": [
      0.01676623646769298,
      0.00021903059929263114,
      -0.0017803752186504465,
      -0.004973082959235117,
      0.0006613791267865272,
      -0.006006981346022144,
      -0.0029995777139448536,
      -0.0033454833762084297,
      0.002946889039170954,
      -0.011021327458004071,
      -0.01736748625140114,
      -0.013139342906550121,
      -0.002288553834373542,
      0.01352817913881546,
      0.01816546162398113,
      -0.04213044700284058,
      0.0016272563962033597,
      0.00465646023422332,
      -0.0005841580724984095,
      -0.003024636186131544
    ],
    "absolute_return_acf": [
      0.09199785222249893,
      0.09219692676523009,
      0.0959423197369542,
      0.08612632283584976,
      0.0874664052580525,
      0.08161750190276346,
      0.07957770981040906,
      0.08151781373004832,
      0.0772478701132456,
      0.07300539284209434,
      0.07296205010255603,
      0.07252194401693975,
      0.06975245459906831,
      0.06650202987443561,
      0.06429483796949384,
      0.06824441471466343,
      0.05956437100234645,
      0.05570819726152876,
      0.05499949412148242,
      0.05452629165105917,
      0.050184918601910405,
      0.048433015657107004,
      0.049291077672818144,
      0.053643933067639295,
      0.045501669552395825,
      0.044294283533382155,
      0.04091654975806016,
      0.04081418979253365,
      0.03582248052548274,
      0.03332743195193851,
      0.03277223404886382,
      0.040111041808837414,
      0.029797818584504983,
      0.027501390227686988,
      0.027734976891040403,
      0.029363461141828168,
      0.027414520851621403,
      0.02521983086119605,
      0.025223763922564608,
      0.020381437431384198,
      0.0224176044303706,
      0.016814068079355766,
      0.01660618962435497,
      0.017889252419650153,
      0.013967692306853564,
      0.013641964902583494,
      0.012642509344718153,
      0.00623846952828564,
      0.010213486124532984,
      0.0077822997453320325
    ],
    "leverage_correlation": [
      -0.03336665216829283,
      -0.03445334851179085,
      -0.027701539656058823,
      -0.03161508338656748,
      -0.026309069299991585,
      -0.027265446938373235,
      -0.022745517938902376,
      -0.03531555000003016,
      -0.020550532602018955,
      -0.02610025718198097
    ],
    "aggregational_kurtosis": {
      "1": 6.387141725923639,
      "5": 5.2278084236388,
      "21": 4.943598371042553
    },
    "tail_index": 4.029554842429308
  },
  "stylized_facts_comparison": {
    "kurtosis_real": 4.60339786339658,
    "kurtosis_fake": 6.387141725923639,
    "kurtosis_abs_diff": 1.783743862527059,
    "return_acf_l1": 0.008896966623740022,
    "absolute_return_acf_l1": 0.004477110196828006,
    "leverage_correlation_l1": 0.003523990924267126,
    "aggregational_kurtosis_l1": {
      "1": 1.783743862527059,
      "5": 0.6410595846909519,
      "21": 0.14250219857810098
    },
    "tail_index_real": 4.278436214587005,
    "tail_index_fake": 4.029554842429308,
    "tail_index_abs_diff": 0.24888137215769746
  },
  "distances": {
    "marginal_wasserstein_mean": 0.00036467002492079626,
    "marginal_wasserstein_max": 0.0008705607520467766,