{
  "real_facts": {
    "kurtosis": 4.60339786339658,
    "return_acf": [
      -0.006129896495456233,
      -0.005410572515444318,
      -0.004850442150800915,
      -0.0036463281274129967,
      -0.005386376919333319,
      -0.0031757095684462507,
      -0.0038579477775226357,
      -0.0039151866634744275,
      -0.005292579737192809,
      -0.003945431906172928,
      -0.004851899003124628,
      -0.0046194163631568036,
      -0.005172885457709455,
      -0.004211124507857456,
      -0.003735645228058452,
      -0.0037680503626371766,
      -0.004010344632969521,
      -0.003202785018342763,
      -0.0032783054102908417,
      -0.004305299142885759
    ],
    "absolute_return_acf": [
      0.08947994314640795,
      0.08706221495064048,
      0.08482332847898004,
      0.08305845971378771,
      0.08067919327684936,
      0.07845742851805035,
      0.07822117883161873,
      0.07314431128699136,
      0.07130771041124338,
      0.07008872915004222,
      0.06696331074490364,
      0.06571267470156224,
      0.06297135471751543,
      0.06143142913263746,
      0.058780572831940825,
      0.05806321182989763,
      0.05548740810128411,
      0.053705708316469335,
      0.05131013846360228,
      0.0498567169204288,
      0.04751329320018901,
      0.04666906945559521,
      0.04433729311956561,
      0.04351708917810179,
      0.040605979435813976,
      0.03982570287915335,
      0.03750091418173794,
      0.035092790865346994,
      0.03401017096821067,
      0.0322637376223491,
      0.030973581918145796,
      0.03080148907385584,
      0.027930149354695358,
      0.027127365950542544,
      0.02524615258377359,
      0.023932512169302107,
      0.02233021877941033,
      0.020586613788424087,
      0.01928397702155667,
      0.01715488076489573,
      0.01650369251883455,
      0.014150051520215104,
      0.013640884493037063,
      0.012754180978707456,
      0.011389362354853725,
      0.007673126877138603,
      0.007936203346543302,
      0.00707422777302266,
      0.006542557740364,
      0.00457947612939156
    ],
    "leverage_correlation": [
      -0.03220236985226149,
      -0.030007698100387906,
      -0.031877264599439036,
      -0.030177338239747133,
      -0.029888435813181728,
      -0.028638150486819166,
      -0.02749954963028258,
      -0.027585348466969264,
      -0.02666613555497109,
      -0.025635656995973862
    ],
    "aggregational_kurtosis": {
      "1": 4.60339786339658,
      "5": 4.586748838947848,
      "21": 4.801096172464452
    },
    "tail_index": 4.278436214587005
  },
  "fake_facts": {
    "kurtosis": 6.387142037237876,
    "return_acf": [
      0.016766236457829837,
      0.00021903056739924946,
      -0.0017803752508634503,
      -0.004973082984984957,
      0.0006613791796105179,
      -0.006006981382013218,
      -0.0029995776933674227,
      -0.003345483382855889,
      0.0029468890691016873,
      -0.011021327445682016,
      -0.017367486195561464,
      -0.013139342859822654,
      -0.0022885538479184425,
      0.013528179120991104,
      0.018165461645155707,
      -0.04213044703470915,
      0.0016272564433661412,
      0.004656460298722772,
      -0.0005841580022263811,
      -0.003024636172403318
    ],
    "absolute_return_acf": [
      0.09294808479799567,
      0.09336525873450374,
      0.09679806473544306,
      0.08722762182394313,
      0.08807494468594688,
      0.08230417808078135,
      0.08020161373269914,
      0.08235508864453082,
      0.07766649505531271,
      0.07359986129179558,
      0.07351012451421912,
      0.07314969624051823,
      0.07028601262262087,
      0.06681038642675387,
      0.06446727877450006,
      0.07019967776726463,
      0.059936439729238955,
      0.05619523227297771,
      0.055524958402406926,
      0.05482743252669462,
      0.05065794847631035,
      0.048747141637029055,
      0.0495641423705599,
      0.0540820934472623,
      0.045917810767550346,
      0.04485519485784536,
      0.04150190890212204,
      0.04128570668889397,
      0.03644743664563803,
      0.03384199508149403,
      0.032938415329829114,
      0.04031231155215452,
      0.029698528814252667,
      0.027719495641268844,
      0.028404142534422378,
      0.029828187207774026,
      0.027921625068237928,
      0.02535625639572813,
      0.02544506507649803,
      0.021150848277265776,
      0.022571303675963408,
      0.016992522100815696,
      0.016901853259038084,
      0.01800445839049184,
      0.014327406760068228,
      0.013863810035192421,
      0.012893561268930159,
      0.006295643911192746,
      0.010529808484245801,
      0.008083440102182272
    ],
    "leverage_correlation": [
      -0.03391300745473328,
      -0.034321542913741794,
      -0.02750889538532699,
      -0.031195005280384523,
      -0.026212961192542957,
      -0.026934134671455695,
      -0.022549219438719653,
      -0.03500165661180877,
      -0.02056498046852559,
      -0.025553590190314945
    ],
    "aggregational_kurtosis": {
      "1": 6.387142037237876,
      "5": 5.22780851480556,
      "21": 4.94359838771495
    },
    "tail_index": 4.02633061651763
  },
  "stylized_facts_comparison": {
    "kurtosis_real": 4.60339786339658,
    "kurtosis_fake": 6.387142037237876,
    "kurtosis_abs_diff": 1.7837441738412956,
    "return_acf_l1": 0.008896966633085182,
    "absolute_return_acf_l1": 0.004951878235528746,
    "leverage_correlation_l1": 0.0035339869335084205,
    "aggregational_kurtosis_l1": {
      "1": 1.7837441738412956,
      "5": 0.6410596758577123,
      "21": 0.14250221525049778
    },
    "tail_index_real": 4.278436214587005,
    "tail_index_fake": 4.02633061651763,
    "tail_index_abs_diff": 0.2521055980693756
  },
  "distances": {
    "marginal_wasserstein_mean": 0.000555692812797887,
    "marginal_wasserstein_max": 0.0011412245557291044,