{
  "real_facts": {
    "kurtosis": 4.60339786339658,
    "return_acf": [
      -0.006129896495456233,
      -0.005410572515444318,
      -0.004850442150800915,
      -0.0036463281274129967,
      -0.005386376919333319,
      -0.0031757095684462507,
      -0.0038579477775226357,
      -0.0039151866634744275,
      -0.005292579737192809,
      -0.003945431906172928,
      -0.004851899003124628,
      -0.0046194163631568036,
      -0.005172885457709455,
      -0.004211124507857456,
      -0.003735645228058452,
      -0.0037680503626371766,
      -0.004010344632969521,
      -0.003202785018342763,
      -0.0032783054102908417,
      -0.004305299142885759
    ],
    "absolute_return_acf": [
      0.08947994314640795,
      0.08706221495064048,
      0.08482332847898004,
      0.08305845971378771,
      0.08067919327684936,
      0.07845742851805035,
      0.07822117883161873,
      0.07314431128699136,
      0.07130771041124338,
      0.07008872915004222,
      0.06696331074490364,
      0.06571267470156224,
      0.06297135471751543,
      0.06143142913263746,
      0.058780572831940825,
      0.05806321182989763,
      0.05548740810128411,
      0.053705708316469335,
      0.05131013846360228,
      0.0498567169204288,
      0.04751329320018901,
      0.04666906945559521,
      0.04433729311956561,
      0.04351708917810179,
      0.040605979435813976,
      0.03982570287915335,
      0.03750091418173794,
      0.035092790865346994,
      0.03401017096821067,
      0.0322637376223491,
      0.030973581918145796,
      0.03080148907385584,
      0.027930149354695358,
      0.027127365950542544,
      0.02524615258377359,
      0.023932512169302107,
      0.02233021877941033,
      0.020586613788424087,
      0.01928397702155667,
      0.01715488076489573,
      0.01650369251883455,
      0.014150051520215104,
      0.013640884493037063,
      0.012754180978707456,
      0.011389362354853725,
      0.007673126877138603,
      0.007936203346543302,
      0.00707422777302266,
      0.006542557740364,
      0.00457947612939156
    ],
    "leverage_correlation": [
      -0.03220236985226149,
      -0.030007698100387906,
      -0.031877264599439036,
      -0.030177338239747133,
      -0.029888435813181728,
      -0.028638150486819166,
      -0.02749954963028258,
      -0.027585348466969264,
      -0.02666613555497109,
      -0.025635656995973862
    ],
    "aggregational_kurtosis": {
      "1": 4.60339786339658,
      "5": 4.586748838947848,
      "21": 4.801096172464452
    },
    "tail_index": 4.278436214587005
  },
  "fake_facts": {
    "kurtosis": 3.4773439614537107,
    "return_acf": [
      -0.005735648512880669,
      -0.006418277077436369,
      -0.0064729351280973756,
      -0.00841019149040859,
      -0.006521714321713341,
      -0.00547713538786952,
      -0.007448950569964059,
      -0.00591242444808003,
      -0.006201588458954274,
      -0.006389599936705335,
      -0.0064792879859424815,
      -0.0065224380502576906,
      -0.006419763644165084,
      -0.0053032862499979285,
      -0.006254635984790528,
      -0.005234537443330615,
      -0.005744758950998415,
      -0.00580169504771484,
      -0.00528249923692064,
      -0.004911790752372774
    ],
    "absolute_return_acf": [
      0.04240377624172283,
      0.039813094191250634,
      0.03669920644915044,
      0.03643288399620423,
      0.03433234697969183,
      0.03388610558733007,
      0.03274984991589526,
      0.03068251556767675,
      0.02830783977741538,
      0.027699425944180962,
      0.027553297406988343,
      0.024452248450577356,
      0.023027662145843817,
      0.023213055095404483,
      0.021635219694625184,
      0.020604300215444644,
      0.02066243682753883,
      0.01797905078709279,
      0.016852182132324343,
      0.016439479355557604,
      0.016073256032961596,
      0.013899389124105856,
      0.011901533694554751,
      0.012970637932133712,
      0.011607918341642584,
      0.010464667718132365,
      0.00844023689420608,
      0.008048135016276076,
      0.009114889081604509,
      0.0073028868325547254,
      0.006460811860456926,
      0.0052754272285930465,
      0.004191170025386915,
      0.0037308522760883286,
      0.0027566021204556133,
      0.0030926831713177266,
      0.0021073755585269173,
      0.001803976525953689,
      0.00030169037342551406,
      -0.0005852542895425537,
      -0.00018037389572649444,
      -8.590062348785149e-06,
      -0.0018333496843851431,
      -0.0015526372137351458,
      -0.0004434565264579052,
      -0.0027992632576282965,
      -0.0034700046736693842,
      -0.0031570259815706186,
      -0.006574476884071369,
      -0.00581212351601313
    ],
    "leverage_correlation": [
      -0.022666969632866057,
      -0.021591937821342406,
      -0.02127811350352318,
      -0.02076099323837466,
      -0.020097642463507603,
      -0.018845343903211638,
      -0.019679672625717792,
      -0.01959285712626838,
      -0.01727912347767891,
      -0.016136974041590417
    ],
    "aggregational_kurtosis": {
      "1": 3.4773439614537107,
      "5": 3.4672516807214975,
      "21": 3.4355626637701184
    },
    "tail_index": 5.145542931713265
  },
  "stylized_facts_comparison": {
    "kurtosis_real": 4.60339786339658,
    "kurtosis_fake": 3.4773439614537107,
    "kurtosis_abs_diff": 1.1260539019428695,
    "return_acf_l1": 0.0018482713827731004,
    "absolute_return_acf_l1": 0.02921996417964966,
    "leverage_correlation_l1": 0.00922483199059522,
    "aggregational_kurtosis_l1": {
      "1": 1.1260539019428695,
      "5": 1.1194971582263507,
      "21": 1.3655335086943334
    },
    "tail_index_real": 4.278436214587005,
    "tail_index_fake": 5.145542931713265,
    "tail_index_abs_diff": 0.8671067171262594
  },
  "distances": {
    "marginal_wasserstein_mean": 0.0008716071280300285,
    "marginal_wasserstein_max": 0.001834109029819456,