{
  "real_facts": {
    "kurtosis": 4.60339786339658,
    "return_acf": [
      -0.006129896495456233,
      -0.005410572515444318,
      -0.004850442150800915,
      -0.0036463281274129967,
      -0.005386376919333319,
      -0.0031757095684462507,
      -0.0038579477775226357,
      -0.0039151866634744275,
      -0.005292579737192809,
      -0.003945431906172928,
      -0.004851899003124628,
      -0.0046194163631568036,
      -0.005172885457709455,
      -0.004211124507857456,
      -0.003735645228058452,
      -0.0037680503626371766,
      -0.004010344632969521,
      -0.003202785018342763,
      -0.0032783054102908417,
      -0.004305299142885759
    ],
    "absolute_return_acf": [
      0.08947994314640795,
      0.08706221495064048,
      0.08482332847898004,
      0.08305845971378771,
      0.08067919327684936,
      0.07845742851805035,
      0.07822117883161873,
      0.07314431128699136,
      0.07130771041124338,
      0.07008872915004222,
      0.06696331074490364,
      0.06571267470156224,
      0.06297135471751543,
      0.06143142913263746,
      0.058780572831940825,
      0.05806321182989763,
      0.05548740810128411,
      0.053705708316469335,
      0.05131013846360228,
      0.0498567169204288,
      0.04751329320018901,
      0.04666906945559521,
      0.04433729311956561,
      0.04351708917810179,
      0.040605979435813976,
      0.03982570287915335,
      0.03750091418173794,
      0.035092790865346994,
      0.03401017096821067,
      0.0322637376223491,
      0.030973581918145796,
      0.03080148907385584,
      0.027930149354695358,
      0.027127365950542544,
      0.02524615258377359,
      0.023932512169302107,
      0.02233021877941033,
      0.020586613788424087,
      0.01928397702155667,
      0.01715488076489573,
      0.01650369251883455,
      0.014150051520215104,
      0.013640884493037063,
      0.012754180978707456,
      0.011389362354853725,
      0.007673126877138603,
      0.007936203346543302,
      0.00707422777302266,
      0.006542557740364,
      0.00457947612939156
    ],
    "leverage_correlation": [
      -0.03220236985226149,
      -0.030007698100387906,
      -0.031877264599439036,
      -0.030177338239747133,
      -0.029888435813181728,
      -0.028638150486819166,
      -0.02749954963028258,
      -0.027585348466969264,
      -0.02666613555497109,
      -0.025635656995973862
    ],
    "aggregational_kurtosis": {
      "1": 4.60339786339658,
      "5": 4.586748838947848,
      "21": 4.801096172464452
    },
    "tail_index": 4.278436214587005
  },
  "fake_facts": {
    "kurtosis": 3.477343960697304,
    "return_acf": [
      -0.005735648536001337,
      -0.006418277136489927,
      -0.0064729351366699306,
      -0.008410191449583458,
      -0.006521714332325226,
      -0.005477135420756079,
      -0.0074489505672025984,
      -0.005912424467199746,
      -0.006201588457008331,
      -0.006389599962335296,
      -0.006479288037336245,
      -0.006522438106696423,
      -0.006419763579230565,
      -0.005303286296931247,
      -0.006254635959876756,
      -0.005234537401242189,
      -0.005744759053605985,
      -0.00580169505899081,
      -0.005282499199604779,
      -0.004911790789119376
    ],
    "absolute_return_acf": [
      0.04203531713701762,
      0.039510287230829944,
      0.03640259996087713,
      0.03615643993199253,
      0.034025713264329474,
      0.0336383854918405,
      0.032474735032831326,
      0.03041423268585287,
      0.028072031642414997,
      0.02747194281482047,
      0.02734282691402318,
      0.0242326361013649,
      0.022859477083987754,
      0.022972225930818723,
      0.021499710082103402,
      0.020426120530169692,
      0.020429483984502596,
      0.017818368610627508,
      0.01674617547861053,
      0.016295759084685994,
      0.016001133300047075,
      0.013826003447313261,
      0.01181279034215828,
      0.01286987653865653,
      0.011454917429072429,
      0.010407552158806217,
      0.008276731209229107,
      0.007957624893601498,
      0.009031325715894933,
      0.007247981678227538,
      0.006356586576105632,
      0.0052531792128079685,
      0.004201640235927751,
      0.0036841365781845313,
      0.002753252085712896,
      0.0030459194089485,
      0.0020079590131099443,
      0.0017675849514662734,
      0.00027678142574018993,
      -0.0005915428170866826,
      -0.00018010409848856772,
      -2.228130238462179e-06,
      -0.001852385529446493,
      -0.0015849490932053107,
      -0.0005357239554174593,
      -0.0028172684920392053,
      -0.003476145067422135,
      -0.003139060819819942,
      -0.006551688665994698,
      -0.005786834647102681
    ],
    "leverage_correlation": [
      -0.022835728233963886,
      -0.02178087020831111,
      -0.02146913563967803,
      -0.02100495673685848,
      -0.02028960705568785,
      -0.018999505531683288,
      -0.01989527139541198,
      -0.019761388638817406,
      -0.017459609604061694,
      -0.016326910826892423
    ],
    "aggregational_kurtosis": {
      "1": 3.477343960697304,
      "5": 3.467251681287673,
      "21": 3.435562661870411
    },
    "tail_index": 5.150650469806903
  },
  "stylized_facts_comparison": {
    "kurtosis_real": 4.60339786339658,
    "kurtosis_fake": 3.477343960697304,
    "kurtosis_abs_diff": 1.1260539026992764,
    "return_acf_l1": 0.0018482713939413202,
    "absolute_return_acf_l1": 0.02934024511378354,
    "leverage_correlation_l1": 0.009035496386866711,
    "aggregational_kurtosis_l1": {
      "1": 1.1260539026992764,
      "5": 1.119497157660175,
      "21": 1.365533510594041
    },
    "tail_index_real": 4.278436214587005,
    "tail_index_fake": 5.150650469806903,
    "tail_index_abs_diff": 0.8722142552198981
  },
  "distances": {
    "marginal_wasserstein_mean": 0.0023368351891006594,
    "marginal_wasserstein_max": 0.003071471306124914,