{
  "real_facts": {
    "kurtosis": 4.60339786339658,
    "return_acf": [
      -0.006129896495456233,
      -0.005410572515444318,
      -0.004850442150800915,
      -0.0036463281274129967,
      -0.005386376919333319,
      -0.0031757095684462507,
      -0.0038579477775226357,
      -0.0039151866634744275,
      -0.005292579737192809,
      -0.003945431906172928,
      -0.004851899003124628,
      -0.0046194163631568036,
      -0.005172885457709455,
      -0.004211124507857456,
      -0.003735645228058452,
      -0.0037680503626371766,
      -0.004010344632969521,
      -0.003202785018342763,
      -0.0032783054102908417,
      -0.004305299142885759
    ],
    "absolute_return_acf": [
      0.08947994314640795,
      0.08706221495064048,
      0.08482332847898004,
      0.08305845971378771,
      0.08067919327684936,
      0.07845742851805035,
      0.07822117883161873,
      0.07314431128699136,
      0.07130771041124338,
      0.07008872915004222,
      0.06696331074490364,
      0.06571267470156224,
      0.06297135471751543,
      0.06143142913263746,
      0.058780572831940825,
      0.05806321182989763,
      0.05548740810128411,
      0.053705708316469335,
      0.05131013846360228,
      0.0498567169204288,
      0.04751329320018901,
      0.04666906945559521,
      0.04433729311956561,
      0.04351708917810179,
      0.040605979435813976,
      0.03982570287915335,
      0.03750091418173794,
      0.035092790865346994,
      0.03401017096821067,
      0.0322637376223491,
      0.030973581918145796,
      0.03080148907385584,
      0.027930149354695358,
      0.027127365950542544,
      0.02524615258377359,
      0.023932512169302107,
      0.02233021877941033,
      0.020586613788424087,
      0.01928397702155667,
      0.01715488076489573,
      0.01650369251883455,
      0.014150051520215104,
      0.013640884493037063,
      0.012754180978707456,
      0.011389362354853725,
      0.007673126877138603,
      0.007936203346543302,
      0.00707422777302266,
      0.006542557740364,
      0.00457947612939156
    ],
    "leverage_correlation": [
      -0.03220236985226149,
      -0.030007698100387906,
      -0.031877264599439036,
      -0.030177338239747133,
      -0.029888435813181728,
      -0.028638150486819166,
      -0.02749954963028258,
      -0.027585348466969264,
      -0.02666613555497109,
      -0.025635656995973862
    ],
    "aggregational_kurtosis": {
      "1": 4.60339786339658,
      "5": 4.586748838947848,
      "21": 4.801096172464452
    },
    "tail_index": 4.278436214587005
  },
  "fake_facts": {
    "kurtosis": 5.623024200876337,
    "return_acf": [
      -0.005373319650083179,
      -0.00266858203321419,
      -0.010943008552296268,
      0.03187047001170074,
      0.008376401640812065,
      -0.005483934558805918,
      0.004712008526559721,
      -0.07160884744183428,
      -0.01035564374570304,
      -0.0023042360817753936,
      -0.005151638764329929,
      -0.015280129887869788,
      -0.002330960134486024,
      -0.008918633306001723,
      0.0033143966441655692,
      -0.11099968800659797,
      -0.001603448726206157,
      -0.005105931461564861,
      -0.004113197414539481,
      -0.008967271928503153
    ],
    "absolute_return_acf": [
      0.09577531560210842,
      0.0854582280614171,
      0.03746730390689862,
      0.04793006906825627,
      0.01925283039290675,
      0.019257013627985493,
      0.010811180717200549,
      0.025874835929535055,
      0.006937170610303032,
      0.004725701848283193,
      -0.0005509415444227774,
      0.001283115555880378,
      -0.0026983202515002205,
      -0.003890910739670923,
      -0.0054197292995695956,
      0.002870152353341903,
      -0.007049580731702886,
      -0.007297950930698183,
      -0.006637991435349228,
      -0.009029313826138152,
      -0.006952419308514034,
      -0.008591539773669212,
      -0.006962598730771688,
      -0.008299266899820763,
      -0.00698970115321572,
      -0.007946440591990435,
      -0.006897792563326328,
      -0.008760095156434,
      -0.00855861766072333,
      -0.008563936372617948,
      -0.0086689669663226,
      -0.010583846397577245,
      -0.009178176127472909,
      -0.008202502789931827,
      -0.00974054305107256,
      -0.009007601436819073,
      -0.009398976133835564,
      -0.008075674657645459,
      -0.008013986619915522,
      -0.00856367340933401,
      -0.00841236614852659,
      -0.0072468811508491155,
      -0.008403539655078123,
      -0.0077989783124263095,
      -0.008178021171924052,
      -0.006553735156927803,
      -0.00787776440501382,
      -0.007194189740754185,
      -0.007600866260095707,
      -0.007819930671235318
    ],
    "leverage_correlation": [
      -0.013111746599119038,
      -0.023721494223157835,
      -0.029572610177836633,
      -0.06167219881893884,
      -0.022650549124534052,
      -0.024312303009215434,
      -0.013149942194071895,
      -0.05265759616326579,
      -0.0082853409416863,
      -0.01159220951820723
    ],
    "aggregational_kurtosis": {
      "1": 5.623024200876337,
      "5": 4.104328905513113,
      "21": 3.424749219104149
    },
    "tail_index": 3.9104090543811814
  },
  "stylized_facts_comparison": {
    "kurtosis_real": 4.60339786339658,
    "kurtosis_fake": 5.623024200876337,
    "kurtosis_abs_diff": 1.0196263374797567,
    "return_acf_l1": 0.014337264319869477,
    "absolute_return_acf_l1": 0.041442339280756094,
    "leverage_correlation_l1": 0.014258617352097668,
    "aggregational_kurtosis_l1": {
      "1": 1.0196263374797567,
      "5": 0.482419933434735,
      "21": 1.376346953360303
    },
    "tail_index_real": 4.278436214587005,
    "tail_index_fake": 3.9104090543811814,
    "tail_index_abs_diff": 0.3680271602058238
  },
  "distances": {
    "marginal_wasserstein_mean": 0.0009639298420007234,
    "marginal_wasserstein_max": 0.004733010757901638,