{
  "real_facts": {
    "kurtosis": 4.60339786339658,
    "return_acf": [
      -0.006129896495456233,
      -0.005410572515444318,
      -0.004850442150800915,
      -0.0036463281274129967,
      -0.005386376919333319,
      -0.0031757095684462507,
      -0.0038579477775226357,
      -0.0039151866634744275,
      -0.005292579737192809,
      -0.003945431906172928,
      -0.004851899003124628,
      -0.0046194163631568036,
      -0.005172885457709455,
      -0.004211124507857456,
      -0.003735645228058452,
      -0.0037680503626371766,
      -0.004010344632969521,
      -0.003202785018342763,
      -0.0032783054102908417,
      -0.004305299142885759
    ],
    "absolute_return_acf": [
      0.08947994314640795,
      0.08706221495064048,
      0.08482332847898004,
      0.08305845971378771,
      0.08067919327684936,
      0.07845742851805035,
      0.07822117883161873,
      0.07314431128699136,
      0.07130771041124338,
      0.07008872915004222,
      0.06696331074490364,
      0.06571267470156224,
      0.06297135471751543,
      0.06143142913263746,
      0.058780572831940825,
      0.05806321182989763,
      0.05548740810128411,
      0.053705708316469335,
      0.05131013846360228,
      0.0498567169204288,
      0.04751329320018901,
      0.04666906945559521,
      0.04433729311956561,
      0.04351708917810179,
      0.040605979435813976,
      0.03982570287915335,
      0.03750091418173794,
      0.035092790865346994,
      0.03401017096821067,
      0.0322637376223491,
      0.030973581918145796,
      0.03080148907385584,
      0.027930149354695358,
      0.027127365950542544,
      0.02524615258377359,
      0.023932512169302107,
      0.02233021877941033,
      0.020586613788424087,
      0.01928397702155667,
      0.01715488076489573,
      0.01650369251883455,
      0.014150051520215104,
      0.013640884493037063,
      0.012754180978707456,
      0.011389362354853725,
      0.007673126877138603,
      0.007936203346543302,
      0.00707422777302266,
      0.006542557740364,
      0.00457947612939156
    ],
    "leverage_correlation": [
      -0.03220236985226149,
      -0.030007698100387906,
      -0.031877264599439036,
      -0.030177338239747133,
      -0.029888435813181728,
      -0.028638150486819166,
      -0.02749954963028258,
      -0.027585348466969264,
      -0.02666613555497109,
      -0.025635656995973862
    ],
    "aggregational_kurtosis": {
      "1": 4.60339786339658,
      "5": 4.586748838947848,
      "21": 4.801096172464452
    },
    "tail_index": 4.278436214587005
  },
  "fake_facts": {
    "kurtosis": 10.208407525687356,
    "return_acf": [
      0.0025959777621802475,
      -0.012118001557490458,
      0.002298578620821124,
      -0.00038083533755280715,
      0.014623823218762022,
      -0.0046346775413007935,
      0.00781586265549564,
      0.10173684852048141,
      -0.011478480351894565,
      -0.008424127766696024,
      -0.010182091545206117,
      -0.019979755578084773,
      -0.004765872986352251,
      -0.011759996571316217,
      0.0021020241543104282,
      -0.11355338452485894,
      -0.00422172901045769,
      -0.008678183501937005,
      -0.010603048797623074,
      -0.014542833456933857
    ],
    "absolute_return_acf": [
      0.13023483960589027,
      0.10913873165365882,
      0.053078694429727534,
      0.05620634107620081,
      0.0258853633961447,
      0.02501217204517462,
      0.01590270464492702,
      0.03982460970381224,
      0.011405481752580802,
      0.008753662700450509,
      0.001234153498497542,
      0.003375260868638134,
      -0.002332570479131807,
      -0.002069319217615233,
      -0.0033584265526969657,
      0.011651405655921833,
      -0.0047931367600885415,
      -0.0063310879204355125,
      -0.007480081369919771,
      -0.009199148416723308,
      -0.007889458713097085,
      -0.009841855582823349,
      -0.008322981223607933,
      -0.008717108217020243,
      -0.008386961540796059,
      -0.009372698371622634,
      -0.00925281116405382,
      -0.010603755527021348,
      -0.010810778392532664,
      -0.010983713463143573,
      -0.010892545301655468,
      -0.01272652933304373,
      -0.011276011219303939,
      -0.010371727691561734,
      -0.011855570172845569,
      -0.011230499733976206,
      -0.01120575245394015,
      -0.010074537858513309,
      -0.009850643131305228,
      -0.010270277589370156,
      -0.009596177006943683,
      -0.009245722404325718,
      -0.010448809232685489,
      -0.009332134216585939,
      -0.009530645496468352,
      -0.00817322941457502,
      -0.009003280256647345,
      -0.008304087889027381,
      -0.008393867965162827,
      -0.009144050134909293
    ],
    "leverage_correlation": [
      -0.012249803089416682,
      -0.030965323678006234,
      -0.04420639930372174,
      -0.07516279210870964,
      -0.035979223100150184,
      -0.03402769906290703,
      -0.02212646989739408,
      -0.059773513066477275,
      -0.01689612493147813,
      -0.018440878943169554
    ],
    "aggregational_kurtosis": {
      "1": 10.208407525687356,
      "5": 5.480505035514452,
      "21": 3.8995516546533047
    },
    "tail_index": 3.2840008372048692
  },
  "stylized_facts_comparison": {
    "kurtosis_real": 4.60339786339658,
    "kurtosis_fake": 10.208407525687356,
    "kurtosis_abs_diff": 5.605009662290776,
    "return_acf_l1": 0.017141295373159626,
    "absolute_return_acf_l1": 0.0418836633255236,
    "leverage_correlation_l1": 0.014423114978545846,
    "aggregational_kurtosis_l1": {
      "1": 5.605009662290776,
      "5": 0.8937561965666037,
      "21": 0.9015445178111472
    },
    "tail_index_real": 4.278436214587005,
    "tail_index_fake": 3.2840008372048692,
    "tail_index_abs_diff": 0.9944353773821359
  },
  "distances": {
    "marginal_wasserstein_mean": 0.0012895843051142469,
    "marginal_wasserstein_max": 0.005139329074632178,