{
  "real_facts": {
    "kurtosis": 4.60339786339658,
    "return_acf": [
      -0.006129896495456233,
      -0.005410572515444318,
      -0.004850442150800915,
      -0.0036463281274129967,
      -0.005386376919333319,
      -0.0031757095684462507,
      -0.0038579477775226357,
      -0.0039151866634744275,
      -0.005292579737192809,
      -0.003945431906172928,
      -0.004851899003124628,
      -0.0046194163631568036,
      -0.005172885457709455,
      -0.004211124507857456,
      -0.003735645228058452,
      -0.0037680503626371766,
      -0.004010344632969521,
      -0.003202785018342763,
      -0.0032783054102908417,
      -0.004305299142885759
    ],
    "absolute_return_acf": [
      0.08947994314640795,
      0.08706221495064048,
      0.08482332847898004,
      0.08305845971378771,
      0.08067919327684936,
      0.07845742851805035,
      0.07822117883161873,
      0.07314431128699136,
      0.07130771041124338,
      0.07008872915004222,
      0.06696331074490364,
      0.06571267470156224,
      0.06297135471751543,
      0.06143142913263746,
      0.058780572831940825,
      0.05806321182989763,
      0.05548740810128411,
      0.053705708316469335,
      0.05131013846360228,
      0.0498567169204288,
      0.04751329320018901,
      0.04666906945559521,
      0.04433729311956561,
      0.04351708917810179,
      0.040605979435813976,
      0.03982570287915335,
      0.03750091418173794,
      0.035092790865346994,
      0.03401017096821067,
      0.0322637376223491,
      0.030973581918145796,
      0.03080148907385584,
      0.027930149354695358,
      0.027127365950542544,
      0.02524615258377359,
      0.023932512169302107,
      0.02233021877941033,
      0.020586613788424087,
      0.01928397702155667,
      0.01715488076489573,
      0.01650369251883455,
      0.014150051520215104,
      0.013640884493037063,
      0.012754180978707456,
      0.011389362354853725,
      0.007673126877138603,
      0.007936203346543302,
      0.00707422777302266,
      0.006542557740364,
      0.00457947612939156
    ],
    "leverage_correlation": [
      -0.03220236985226149,
      -0.030007698100387906,
      -0.031877264599439036,
      -0.030177338239747133,
      -0.029888435813181728,
      -0.028638150486819166,
      -0.02749954963028258,
      -0.027585348466969264,
      -0.02666613555497109,
      -0.025635656995973862
    ],
    "aggregational_kurtosis": {
      "1": 4.60339786339658,
      "5": 4.586748838947848,
      "21": 4.801096172464452
    },
    "tail_index": 4.278436214587005
  },
  "fake_facts": {
    "kurtosis": 10.208407429399903,
    "return_acf": [
      0.0025959777269570915,
      -0.012118001557399566,
      0.0022985787113488014,
      -0.0003808351948290308,
      0.014623823369543616,
      -0.004634677492148077,
      0.007815862678423683,
      0.10173684865553176,
      -0.011478480370510358,
      -0.008424127718690558,
      -0.010182091580962574,
      -0.019979755604014254,
      -0.004765872990999982,
      -0.011759996555719946,
      0.002102024143232083,
      -0.11355338458255396,
      -0.004221728979219108,
      -0.008678183475731018,
      -0.010603048823419656,
      -0.014542833446129694
    ],
    "absolute_return_acf": [
      0.12963458564288377,
      0.10765015585125329,
      0.050867608007074315,
      0.053131287096905386,
      0.024452539165889846,
      0.02379832451214865,
      0.015513476086902265,
      0.038109465636845634,
      0.011366270461405112,
      0.008485916677282369,
      0.0012336637047813206,
      0.0035036697671422205,
      -0.001827963948349057,
      -0.0013299345999842835,
      -0.002443343686593273,
      0.013270802432229476,
      -0.003785960659655114,
      -0.005353981631392221,
      -0.00699688657456189,
      -0.008563598455555542,
      -0.007599950412077936,
      -0.009493270635660266,
      -0.008077479200216084,
      -0.008217542424892966,
      -0.008224463667712692,
      -0.009123239379248447,
      -0.0091360428841882,
      -0.010504446642775816,
      -0.010738994558176328,
      -0.01073756335065168,
      -0.010622067423287996,
      -0.011824873099470836,
      -0.01084778967916766,
      -0.009995640462551013,
      -0.011566643461578114,
      -0.010983546563801867,
      -0.011067809998592994,
      -0.009864651789888334,
      -0.009689156003060107,
      -0.009940782551882157,
      -0.009480302054804622,
      -0.009159513649193037,
      -0.010414803984251412,
      -0.009265198508811058,
      -0.009388698912118527,
      -0.008096812615397308,
      -0.008939717101526775,
      -0.008269453040169471,
      -0.008360305376050956,
      -0.00916545763664269
    ],
    "leverage_correlation": [
      -0.012235191186403437,
      -0.03134865898358747,
      -0.04418375728370665,
      -0.07519795676505753,
      -0.035619948066724576,
      -0.034177133611888066,
      -0.02193265676247885,
      -0.05715472918807661,
      -0.017209824330435764,
      -0.01867944579491574
    ],
    "aggregational_kurtosis": {
      "1": 10.208407429399903,
      "5": 5.480505011323539,
      "21": 3.8995516484479436
    },
    "tail_index": 3.290197839942403
  },
  "stylized_facts_comparison": {
    "kurtosis_real": 4.60339786339658,
    "kurtosis_fake": 10.208407429399903,
    "kurtosis_abs_diff": 5.605009566003323,
    "return_acf_l1": 0.017141295396847698,
    "absolute_return_acf_l1": 0.041782341158859995,
    "leverage_correlation_l1": 0.014145454215175194,
    "aggregational_kurtosis_l1": {
      "1": 5.605009566003323,
      "5": 0.8937561723756913,
      "21": 0.9015445240165083
    },
    "tail_index_real": 4.278436214587005,
    "tail_index_fake": 3.290197839942403,
    "tail_index_abs_diff": 0.9882383746446024
  },
  "distances": {
    "marginal_wasserstein_mean": 0.0013513435698079357,
    "marginal_wasserstein_max": 0.004768134812272683,