{
  "n_steps": 252,
  "split_sizes": {
    "train": 50000,
    "val": 5000,
    "test": 10000
  },
  "seed": 1234,
  "save_transitions": true,
  "transition_alignment": {
    "condition": "(v_t, r_{t-1}, a_t) with r_{-1}=0",
    "target": "(v_{t+1}, r_t)"
  },
  "normalization": {
    "log_v_mean": -3.4560916423797607,
    "log_v_std": 0.7621678809983826,
    "return_mean": 0.00011842771345982328,
    "return_std": 0.012599182070622444
  },
  "v0": 0.04,
  "s0": 100.0,
  "dt": 0.003968253968253968,
  "regime_switching": false,
  "params": {
    "kappa": 2.0,
    "theta": 0.04,
    "xi": 0.3,
    "rho": -0.7,
    "v0": 0.04,
    "s0": 100.0,
    "mu": 0.05,
    "dt": 0.003968253968253968
  },
  "num_actions": 1
}