{
  "real_facts": {
    "kurtosis": 4.60339786339658,
    "return_acf": [
      -0.006129896495456233,
      -0.005410572515444318,
      -0.004850442150800915,
      -0.0036463281274129967,
      -0.005386376919333319,
      -0.0031757095684462507,
      -0.0038579477775226357,
      -0.0039151866634744275,
      -0.005292579737192809,
      -0.003945431906172928,
      -0.004851899003124628,
      -0.0046194163631568036,
      -0.005172885457709455,
      -0.004211124507857456,
      -0.003735645228058452,
      -0.0037680503626371766,
      -0.004010344632969521,
      -0.003202785018342763,
      -0.0032783054102908417,
      -0.004305299142885759
    ],
    "absolute_return_acf": [
      0.08947994314640795,
      0.08706221495064048,
      0.08482332847898004,
      0.08305845971378771,
      0.08067919327684936,
      0.07845742851805035,
      0.07822117883161873,
      0.07314431128699136,
      0.07130771041124338,
      0.07008872915004222,
      0.06696331074490364,
      0.06571267470156224,
      0.06297135471751543,
      0.06143142913263746,
      0.058780572831940825,
      0.05806321182989763,
      0.05548740810128411,
      0.053705708316469335,
      0.05131013846360228,
      0.0498567169204288,
      0.04751329320018901,
      0.04666906945559521,
      0.04433729311956561,
      0.04351708917810179,
      0.040605979435813976,
      0.03982570287915335,
      0.03750091418173794,
      0.035092790865346994,
      0.03401017096821067,
      0.0322637376223491,
      0.030973581918145796,
      0.03080148907385584,
      0.027930149354695358,
      0.027127365950542544,
      0.02524615258377359,
      0.023932512169302107,
      0.02233021877941033,
      0.020586613788424087,
      0.01928397702155667,
      0.01715488076489573,
      0.01650369251883455,
      0.014150051520215104,
      0.013640884493037063,
      0.012754180978707456,
      0.011389362354853725,
      0.007673126877138603,
      0.007936203346543302,
      0.00707422777302266,
      0.006542557740364,
      0.00457947612939156
    ],
    "leverage_correlation": [
      -0.03220236985226149,
      -0.030007698100387906,
      -0.031877264599439036,
      -0.030177338239747133,
      -0.029888435813181728,
      -0.028638150486819166,
      -0.02749954963028258,
      -0.027585348466969264,
      -0.02666613555497109,
      -0.025635656995973862
    ],
    "aggregational_kurtosis": {
      "1": 4.60339786339658,
      "5": 4.586748838947848,
      "21": 4.801096172464452
    },
    "tail_index": 4.278436214587005
  },
  "fake_facts": {
    "kurtosis": 4.16011703592161,
    "return_acf": [
      0.016238012470491527,
      0.002989069584024093,
      0.0025974409581775424,
      0.002034380792042623,
      0.0017454111490302427,
      0.001610376801840918,
      0.002180468575578603,
      0.0004502139386773836,
      0.0005748694853313303,
      0.0025043216348476336,
      0.0010816388856860631,
      0.0016884429247812967,
      0.0005513107151657748,
      -0.0005298424963754432,
      -0.00014775118815422205,
      -0.0017185522624316796,
      0.0006282547789515237,
      -0.00040326109114288477,
      -9.220166557388642e-05,
      -0.00040174222866913356
    ],
    "absolute_return_acf": [
      0.07041310456628196,
      0.06956030091015057,
      0.06600657399661844,
      0.06480691124668497,
      0.06217653116486164,
      0.060327771659261065,
      0.058196393676267985,
      0.05717914671099013,
      0.05586651262091231,
      0.0531392182468926,
      0.05217640558611889,
      0.04931648562503997,
      0.04841334925110247,
      0.047489748529167784,
      0.04311569199383632,
      0.04318084768318888,
      0.04042601407636058,
      0.04095807388308871,
      0.03877537795003736,
      0.036909191434513544,
      0.03550517418812812,
      0.03533763873824429,
      0.03292356343874534,
      0.03236073815714654,
      0.0307876227429025,
      0.028139666394967115,
      0.028331437202799636,
      0.027078754936182132,
      0.024372966719841533,
      0.024037754346312275,
      0.023855413043020555,
      0.02348024789978546,
      0.01879690573471507,
      0.019436143755417003,
      0.017195691075930556,
      0.016042521977818337,
      0.015304010737085321,
      0.012954914641608159,
      0.013926507459495892,
      0.012866306511265913,
      0.011775992154021036,
      0.012042599843681246,
      0.008574522046029206,
      0.007166071772245931,
      0.0061625582528534685,
      0.006266221361036594,
      0.006728913217780335,
      0.002404928764974853,
      0.004495087235005135,
      0.0018022090393315243
    ],
    "leverage_correlation": [
      -0.040917856099017776,
      -0.03606213830554987,
      -0.03502130579264057,
      -0.03639093129048906,
      -0.03468799426320802,
      -0.03370875742816416,
      -0.03252040841290207,
      -0.030003700499204432,
      -0.03154336143893486,
      -0.030677580953770187
    ],
    "aggregational_kurtosis": {
      "1": 4.16011703592161,
      "5": 4.610612789812661,
      "21": 6.10245076638451
    },
    "tail_index": 4.531316630436623
  },
  "stylized_facts_comparison": {
    "kurtosis_real": 4.60339786339658,
    "kurtosis_fake": 4.16011703592161,
    "kurtosis_abs_diff": 0.44328082747497,
    "return_acf_l1": 0.006017354437528448,
    "absolute_return_acf_l1": 0.010619300707357594,
    "leverage_correlation_l1": 0.005135608674384774,
    "aggregational_kurtosis_l1": {
      "1": 0.44328082747497,
      "5": 0.023863950864813077,
      "21": 1.301354593920058
    },
    "tail_index_real": 4.278436214587005,
    "tail_index_fake": 4.531316630436623,
    "tail_index_abs_diff": 0.25288041584961807
  },
  "distances": {
    "marginal_wasserstein_mean": 0.0016405401616118138,
    "marginal_wasserstein_max": 0.0023028058417688267,