{
  "real_facts": {
    "kurtosis": 4.60339786339658,
    "return_acf": [
      -0.006129896495456233,
      -0.005410572515444318,
      -0.004850442150800915,
      -0.0036463281274129967,
      -0.005386376919333319,
      -0.0031757095684462507,
      -0.0038579477775226357,
      -0.0039151866634744275,
      -0.005292579737192809,
      -0.003945431906172928,
      -0.004851899003124628,
      -0.0046194163631568036,
      -0.005172885457709455,
      -0.004211124507857456,
      -0.003735645228058452,
      -0.0037680503626371766,
      -0.004010344632969521,
      -0.003202785018342763,
      -0.0032783054102908417,
      -0.004305299142885759
    ],
    "absolute_return_acf": [
      0.08947994314640795,
      0.08706221495064048,
      0.08482332847898004,
      0.08305845971378771,
      0.08067919327684936,
      0.07845742851805035,
      0.07822117883161873,
      0.07314431128699136,
      0.07130771041124338,
      0.07008872915004222,
      0.06696331074490364,
      0.06571267470156224,
      0.06297135471751543,
      0.06143142913263746,
      0.058780572831940825,
      0.05806321182989763,
      0.05548740810128411,
      0.053705708316469335,
      0.05131013846360228,
      0.0498567169204288,
      0.04751329320018901,
      0.04666906945559521,
      0.04433729311956561,
      0.04351708917810179,
      0.040605979435813976,
      0.03982570287915335,
      0.03750091418173794,
      0.035092790865346994,
      0.03401017096821067,
      0.0322637376223491,
      0.030973581918145796,
      0.03080148907385584,
      0.027930149354695358,
      0.027127365950542544,
      0.02524615258377359,
      0.023932512169302107,
      0.02233021877941033,
      0.020586613788424087,
      0.01928397702155667,
      0.01715488076489573,
      0.01650369251883455,
      0.014150051520215104,
      0.013640884493037063,
      0.012754180978707456,
      0.011389362354853725,
      0.007673126877138603,
      0.007936203346543302,
      0.00707422777302266,
      0.006542557740364,
      0.00457947612939156
    ],
    "leverage_correlation": [
      -0.03220236985226149,
      -0.030007698100387906,
      -0.031877264599439036,
      -0.030177338239747133,
      -0.029888435813181728,
      -0.028638150486819166,
      -0.02749954963028258,
      -0.027585348466969264,
      -0.02666613555497109,
      -0.025635656995973862
    ],
    "aggregational_kurtosis": {
      "1": 4.60339786339658,
      "5": 4.586748838947848,
      "21": 4.801096172464452
    },
    "tail_index": 4.278436214587005
  },
  "fake_facts": {
    "kurtosis": 4.160117033880618,
    "return_acf": [
      0.016238012554808143,
      0.0029890695537852408,
      0.002597440926987256,
      0.0020343807674044435,
      0.0017454110800710673,
      0.0016103768007499348,
      0.002180468610528459,
      0.0004502139236836573,
      0.0005748694389075308,
      0.0025043216860448168,
      0.0010816388269454514,
      0.0016884428293000569,
      0.000551310670093314,
      -0.0005298424390856331,
      -0.0001477511852123029,
      -0.0017185522975487234,
      0.0006282547165770071,
      -0.000403261057520821,
      -9.220164050682849e-05,
      -0.00040174221427524774
    ],
    "absolute_return_acf": [
      0.06569516766931978,
      0.06526270085337957,
      0.0620320116064001,
      0.06055832534162076,
      0.05820485618744384,
      0.05639333373728596,
      0.054387807953398454,
      0.05358855318814334,
      0.05223914147235898,
      0.0497143532019855,
      0.04888668934530544,
      0.045932036157195495,
      0.04551571217706708,
      0.04445985057574339,
      0.040230978509270675,
      0.040283861042871294,
      0.03781165654202624,
      0.038081408160786936,
      0.03634430362523189,
      0.03427948407422436,
      0.03277873892743031,
      0.033059918867816215,
      0.030615264319369628,
      0.030397058746662008,
      0.028811328394853022,
      0.02614076057820684,
      0.02634134659465983,
      0.02517228991848798,
      0.022535433013392864,
      0.022241132702640606,
      0.02235277422174452,
      0.021840747253191878,
      0.017319252653423444,
      0.018001806722028574,
      0.015995651175730367,
      0.014940060162429646,
      0.01410041275676284,
      0.011670487352228604,
      0.012968548806164338,
      0.01178499359913089,
      0.010737203854124354,
      0.011182221792860138,
      0.007924939600060518,
      0.006740552565122003,
      0.00565441472504028,
      0.005571128626443198,
      0.006119134396884937,
      0.001958167796091269,
      0.00392652117977491,
      0.0014969485219848725
    ],
    "leverage_correlation": [
      -0.040000280754670096,
      -0.036188382184696714,
      -0.035126540366029586,
      -0.03660414381914341,
      -0.03484151525454768,
      -0.03392998334619005,
      -0.0326519058912617,
      -0.030332861825352768,
      -0.03183106437523442,
      -0.03080670724795504
    ],
    "aggregational_kurtosis": {
      "1": 4.160117033880618,
      "5": 4.610612794436294,
      "21": 6.102450757664914
    },
    "tail_index": 4.576287118948286
  },
  "stylized_facts_comparison": {
    "kurtosis_real": 4.60339786339658,
    "kurtosis_fake": 4.160117033880618,
    "kurtosis_abs_diff": 0.44328082951596226,
    "return_acf_l1": 0.006017354427001325,
    "absolute_return_acf_l1": 0.01278540596643654,
    "leverage_correlation_l1": 0.00521354373250482,
    "aggregational_kurtosis_l1": {
      "1": 0.44328082951596226,
      "5": 0.02386395548844611,
      "21": 1.3013545852004622
    },
    "tail_index_real": 4.278436214587005,
    "tail_index_fake": 4.576287118948286,
    "tail_index_abs_diff": 0.2978509043612805
  },
  "distances": {
    "marginal_wasserstein_mean": 0.0006298723671725535,
    "marginal_wasserstein_max": 0.0015377369842883924,