{
  "real_facts": {
    "kurtosis": 4.60339786339658,
    "return_acf": [
      -0.006129896495456233,
      -0.005410572515444318,
      -0.004850442150800915,
      -0.0036463281274129967,
      -0.005386376919333319,
      -0.0031757095684462507,
      -0.0038579477775226357,
      -0.0039151866634744275,
      -0.005292579737192809,
      -0.003945431906172928,
      -0.004851899003124628,
      -0.0046194163631568036,
      -0.005172885457709455,
      -0.004211124507857456,
      -0.003735645228058452,
      -0.0037680503626371766,
      -0.004010344632969521,
      -0.003202785018342763,
      -0.0032783054102908417,
      -0.004305299142885759
    ],
    "absolute_return_acf": [
      0.08947994314640795,
      0.08706221495064048,
      0.08482332847898004,
      0.08305845971378771,
      0.08067919327684936,
      0.07845742851805035,
      0.07822117883161873,
      0.07314431128699136,
      0.07130771041124338,
      0.07008872915004222,
      0.06696331074490364,
      0.06571267470156224,
      0.06297135471751543,
      0.06143142913263746,
      0.058780572831940825,
      0.05806321182989763,
      0.05548740810128411,
      0.053705708316469335,
      0.05131013846360228,
      0.0498567169204288,
      0.04751329320018901,
      0.04666906945559521,
      0.04433729311956561,
      0.04351708917810179,
      0.040605979435813976,
      0.03982570287915335,
      0.03750091418173794,
      0.035092790865346994,
      0.03401017096821067,
      0.0322637376223491,
      0.030973581918145796,
      0.03080148907385584,
      0.027930149354695358,
      0.027127365950542544,
      0.02524615258377359,
      0.023932512169302107,
      0.02233021877941033,
      0.020586613788424087,
      0.01928397702155667,
      0.01715488076489573,
      0.01650369251883455,
      0.014150051520215104,
      0.013640884493037063,
      0.012754180978707456,
      0.011389362354853725,
      0.007673126877138603,
      0.007936203346543302,
      0.00707422777302266,
      0.006542557740364,
      0.00457947612939156
    ],
    "leverage_correlation": [
      -0.03220236985226149,
      -0.030007698100387906,
      -0.031877264599439036,
      -0.030177338239747133,
      -0.029888435813181728,
      -0.028638150486819166,
      -0.02749954963028258,
      -0.027585348466969264,
      -0.02666613555497109,
      -0.025635656995973862
    ],
    "aggregational_kurtosis": {
      "1": 4.60339786339658,
      "5": 4.586748838947848,
      "21": 4.801096172464452
    },
    "tail_index": 4.278436214587005
  },
  "fake_facts": {
    "kurtosis": 3.652103192340856,
    "return_acf": [
      0.07810456661440698,
      0.004390522477700157,
      -0.0038582254887509428,
      -0.004345500623160865,
      -0.004318330392109705,
      -0.005005877724861459,
      -0.004541819271217459,
      -0.005503386448205056,
      -0.005884632860166893,
      -0.0040039787460494705,
      -0.003879896496447102,
      -0.0036424727074961852,
      -0.00581259552150584,
      -0.00604215102610413,
      -0.005529202081900123,
      -0.00659784512114078,
      -0.00440148363190299,
      -0.00581983996077601,
      -0.005937907469134708,
      -0.005954826518543791
    ],
    "absolute_return_acf": [
      0.1717747998112693,
      0.1543698473174036,
      0.1484749497297468,
      0.14509054771768637,
      0.139867613473023,
      0.1339524236648459,
      0.13155760549591594,
      0.12803317980652276,
      0.12297285798307908,
      0.11919622664387375,
      0.11667106232227437,
      0.1112035857696499,
      0.1076695913978566,
      0.10523429736437301,
      0.10075393370528582,
      0.09678097631265183,
      0.09250810653693978,
      0.09235588771580112,
      0.0874126106361987,
      0.08481120504950636,
      0.0814622216820439,
      0.07868779485673884,
      0.07476774699689502,
      0.07298907388331875,
      0.06830914544646294,
      0.06554884382463749,
      0.062473913565614124,
      0.06010221344599709,
      0.056859554513326804,
      0.05368855068813857,
      0.05249801317218096,
      0.051397676022178,
      0.04563305264525649,
      0.04255695877837461,
      0.03955192262911588,
      0.036972179291285046,
      0.03626253617112367,
      0.03352438922819655,
      0.0320869716322206,
      0.030019548168028303,
      0.027600564735669644,
      0.025884300940619186,
      0.022548072091103634,
      0.02104588085381583,
      0.01855661594039889,
      0.015908830272861788,
      0.014714476967469654,
      0.011343096021918945,
      0.00987135196284909,
      0.007054807497273814
    ],
    "leverage_correlation": [
      -0.07420661248010403,
      -0.02349305049888297,
      -0.01694318001358502,
      -0.018663753652598723,
      -0.01736291196470714,
      -0.01742532304221773,
      -0.016341400091958388,
      -0.014390793304449352,
      -0.01639106499975356,
      -0.0158518551433107
    ],
    "aggregational_kurtosis": {
      "1": 3.652103192340856,
      "5": 4.865482725670853,
      "21": 5.203296037732239
    },
    "tail_index": 5.485698897831308
  },
  "stylized_facts_comparison": {
    "kurtosis_real": 4.60339786339658,
    "kurtosis_fake": 3.652103192340856,
    "kurtosis_abs_diff": 0.9512946710557242,
    "return_acf_l1": 0.005895409545915776,
    "absolute_return_acf_l1": 0.03022119685622782,
    "leverage_correlation_l1": 0.014311648780415073,
    "aggregational_kurtosis_l1": {
      "1": 0.9512946710557242,
      "5": 0.27873388672300514,
      "21": 0.4021998652677867
    },
    "tail_index_real": 4.278436214587005,
    "tail_index_fake": 5.485698897831308,
    "tail_index_abs_diff": 1.207262683244303
  },
  "distances": {
    "marginal_wasserstein_mean": 0.0005555376985045512,
    "marginal_wasserstein_max": 0.0009323041677878695,