{
  "real_facts": {
    "kurtosis": 4.60339786339658,
    "return_acf": [
      -0.006129896495456233,
      -0.005410572515444318,
      -0.004850442150800915,
      -0.0036463281274129967,
      -0.005386376919333319,
      -0.0031757095684462507,
      -0.0038579477775226357,
      -0.0039151866634744275,
      -0.005292579737192809,
      -0.003945431906172928,
      -0.004851899003124628,
      -0.0046194163631568036,
      -0.005172885457709455,
      -0.004211124507857456,
      -0.003735645228058452,
      -0.0037680503626371766,
      -0.004010344632969521,
      -0.003202785018342763,
      -0.0032783054102908417,
      -0.004305299142885759
    ],
    "absolute_return_acf": [
      0.08947994314640795,
      0.08706221495064048,
      0.08482332847898004,
      0.08305845971378771,
      0.08067919327684936,
      0.07845742851805035,
      0.07822117883161873,
      0.07314431128699136,
      0.07130771041124338,
      0.07008872915004222,
      0.06696331074490364,
      0.06571267470156224,
      0.06297135471751543,
      0.06143142913263746,
      0.058780572831940825,
      0.05806321182989763,
      0.05548740810128411,
      0.053705708316469335,
      0.05131013846360228,
      0.0498567169204288,
      0.04751329320018901,
      0.04666906945559521,
      0.04433729311956561,
      0.04351708917810179,
      0.040605979435813976,
      0.03982570287915335,
      0.03750091418173794,
      0.035092790865346994,
      0.03401017096821067,
      0.0322637376223491,
      0.030973581918145796,
      0.03080148907385584,
      0.027930149354695358,
      0.027127365950542544,
      0.02524615258377359,
      0.023932512169302107,
      0.02233021877941033,
      0.020586613788424087,
      0.01928397702155667,
      0.01715488076489573,
      0.01650369251883455,
      0.014150051520215104,
      0.013640884493037063,
      0.012754180978707456,
      0.011389362354853725,
      0.007673126877138603,
      0.007936203346543302,
      0.00707422777302266,
      0.006542557740364,
      0.00457947612939156
    ],
    "leverage_correlation": [
      -0.03220236985226149,
      -0.030007698100387906,
      -0.031877264599439036,
      -0.030177338239747133,
      -0.029888435813181728,
      -0.028638150486819166,
      -0.02749954963028258,
      -0.027585348466969264,
      -0.02666613555497109,
      -0.025635656995973862
    ],
    "aggregational_kurtosis": {
      "1": 4.60339786339658,
      "5": 4.586748838947848,
      "21": 4.801096172464452
    },
    "tail_index": 4.278436214587005
  },
  "fake_facts": {
    "kurtosis": 3.6637659908312403,
    "return_acf": [
      0.054561331481880464,
      0.0008421244863837011,
      -0.004135784445488669,
      -0.00411300600758302,
      -0.004016735788013551,
      -0.004704212687626568,
      -0.004237193789472881,
      -0.005179990978595122,
      -0.005595388994964329,
      -0.003701814764683674,
      -0.0035976757875482114,
      -0.0033031407206422577,
      -0.005517146119714696,
      -0.005694420740503821,
      -0.0051550787703544135,
      -0.006294918061507562,
      -0.004029202270215028,
      -0.005465290178306719,
      -0.005580406335201216,
      -0.005583902683944775
    ],
    "absolute_return_acf": [
      0.1684751956142696,
      0.15452459392068915,
      0.1488090034573242,
      0.1453595561582633,
      0.14014176706943907,
      0.134261131831132,
      0.13174091802023935,
      0.12825335545019723,
      0.12327155493077778,
      0.11946253532641515,
      0.11682468449047635,
      0.11137187413589188,
      0.10788705755639164,
      0.10544307022534741,
      0.10087173528151608,
      0.09699427066222155,
      0.09273307655002318,
      0.09248121461544512,
      0.08753846450281723,
      0.0847890846051337,
      0.08158986352493774,
      0.07879739270828702,
      0.07486502736399833,
      0.07317205667006371,
      0.06844341047966736,
      0.06557957843343948,
      0.06252233251464889,
      0.060113487900789235,
      0.057080200646857954,
      0.05381633162459599,
      0.05260127183328525,
      0.05158262761388363,
      0.045656043527257856,
      0.04262808026060483,
      0.0397302659690467,
      0.03705096563382255,
      0.03633206781312349,
      0.03365179668838295,
      0.032081816655488975,
      0.03003070965256386,
      0.027646068875265224,
      0.02598425833924043,
      0.022596585609541597,
      0.020909273584770387,
      0.01857475319052664,
      0.01594728243651138,
      0.014636774736879804,
      0.011343092709925775,
      0.009893469948681493,
      0.0071277058441856994
    ],
    "leverage_correlation": [
      -0.08082528007561525,
      -0.023737539212814584,
      -0.018080780153307784,
      -0.020115610497655628,
      -0.018768861237080936,
      -0.01875253479656972,
      -0.01762535922236094,
      -0.015602356477012242,
      -0.017579004874228248,
      -0.01696140065960732
    ],
    "aggregational_kurtosis": {
      "1": 3.6637659908312403,
      "5": 4.83595601716611,
      "21": 5.079932662821677
    },
    "tail_index": 5.464991996581475
  },
  "stylized_facts_comparison": {
    "kurtosis_real": 4.60339786339658,
    "kurtosis_fake": 3.6637659908312403,
    "kurtosis_abs_diff": 0.9396318725653399,
    "return_acf_l1": 0.004371015289928328,
    "absolute_return_acf_l1": 0.030273339352533162,
    "leverage_correlation_l1": 0.013937504098048812,
    "aggregational_kurtosis_l1": {
      "1": 0.9396318725653399,
      "5": 0.24920717821826166,
      "21": 0.27883649035722513
    },
    "tail_index_real": 4.278436214587005,
    "tail_index_fake": 5.464991996581475,
    "tail_index_abs_diff": 1.1865557819944694
  },
  "distances": {
    "marginal_wasserstein_mean": 0.0005434843077304959,
    "marginal_wasserstein_max": 0.0009256826342741984,