{
  "real_facts": {
    "kurtosis": 4.60339786339658,
    "return_acf": [
      -0.006129896495456233,
      -0.005410572515444318,
      -0.004850442150800915,
      -0.0036463281274129967,
      -0.005386376919333319,
      -0.0031757095684462507,
      -0.0038579477775226357,
      -0.0039151866634744275,
      -0.005292579737192809,
      -0.003945431906172928,
      -0.004851899003124628,
      -0.0046194163631568036,
      -0.005172885457709455,
      -0.004211124507857456,
      -0.003735645228058452,
      -0.0037680503626371766,
      -0.004010344632969521,
      -0.003202785018342763,
      -0.0032783054102908417,
      -0.004305299142885759
    ],
    "absolute_return_acf": [
      0.08947994314640795,
      0.08706221495064048,
      0.08482332847898004,
      0.08305845971378771,
      0.08067919327684936,
      0.07845742851805035,
      0.07822117883161873,
      0.07314431128699136,
      0.07130771041124338,
      0.07008872915004222,
      0.06696331074490364,
      0.06571267470156224,
      0.06297135471751543,
      0.06143142913263746,
      0.058780572831940825,
      0.05806321182989763,
      0.05548740810128411,
      0.053705708316469335,
      0.05131013846360228,
      0.0498567169204288,
      0.04751329320018901,
      0.04666906945559521,
      0.04433729311956561,
      0.04351708917810179,
      0.040605979435813976,
      0.03982570287915335,
      0.03750091418173794,
      0.035092790865346994,
      0.03401017096821067,
      0.0322637376223491,
      0.030973581918145796,
      0.03080148907385584,
      0.027930149354695358,
      0.027127365950542544,
      0.02524615258377359,
      0.023932512169302107,
      0.02233021877941033,
      0.020586613788424087,
      0.01928397702155667,
      0.01715488076489573,
      0.01650369251883455,
      0.014150051520215104,
      0.013640884493037063,
      0.012754180978707456,
      0.011389362354853725,
      0.007673126877138603,
      0.007936203346543302,
      0.00707422777302266,
      0.006542557740364,
      0.00457947612939156
    ],
    "leverage_correlation": [
      -0.03220236985226149,
      -0.030007698100387906,
      -0.031877264599439036,
      -0.030177338239747133,
      -0.029888435813181728,
      -0.028638150486819166,
      -0.02749954963028258,
      -0.027585348466969264,
      -0.02666613555497109,
      -0.025635656995973862
    ],
    "aggregational_kurtosis": {
      "1": 4.60339786339658,
      "5": 4.586748838947848,
      "21": 4.801096172464452
    },
    "tail_index": 4.278436214587005
  },
  "fake_facts": {
    "kurtosis": 3.652103193399909,
    "return_acf": [
      0.07810456662976728,
      0.0043905225019410885,
      -0.0038582254278776156,
      -0.004345500573660096,
      -0.00431833042504608,
      -0.00500587769208826,
      -0.004541819389807695,
      -0.00550338649222885,
      -0.005884632859819843,
      -0.0040039786983434335,
      -0.0038798965005848217,
      -0.003642472673433491,
      -0.005812595495720189,
      -0.006042151065934238,
      -0.005529202012840353,
      -0.006597845099200839,
      -0.0044014835655920475,
      -0.00581984003562482,
      -0.005937907466111896,
      -0.0059548264626265454
    ],
    "absolute_return_acf": [
      0.17309557342500376,
      0.15486391869163607,
      0.1488735505796167,
      0.14554164899066419,
      0.1402526045853875,
      0.13436678530483664,
      0.13194531344949975,
      0.12834256444096956,
      0.12333721013192853,
      0.11952247424704537,
      0.11699472123659489,
      0.11155142614971858,
      0.10794906087134959,
      0.10551819808500325,
      0.10105395234857904,
      0.09705123673626935,
      0.09275894858558673,
      0.09266408820259173,
      0.08766950744130383,
      0.08508629467500879,
      0.08173736908541865,
      0.07890834906782072,
      0.07504659119829887,
      0.07319241681252583,
      0.0684808737534284,
      0.06575704346118774,
      0.06267583195391871,
      0.06029196423515755,
      0.05702716912334338,
      0.053905828557886275,
      0.05269455764736973,
      0.0515519745309533,
      0.04574628940604347,
      0.042673259353225475,
      0.039666755461054706,
      0.037017453729030814,
      0.0363721545416272,
      0.03364733584548271,
      0.0321402204313271,
      0.030159586669312507,
      0.027675495203040877,
      0.025952733300134753,
      0.022604201116660935,
      0.021084279189438577,
      0.018583692674429452,
      0.015979085829229567,
      0.014789840034626411,
      0.011345781262105456,
      0.009924363630332979,
      0.0070907623734624906
    ],
    "leverage_correlation": [
      -0.07565489533943705,
      -0.02349273522840087,
      -0.016797485151056366,
      -0.018516148110149504,
      -0.017214544684116005,
      -0.017252667251312626,
      -0.016187820016322775,
      -0.014212282800878308,
      -0.01621883581748296,
      -0.015709047565150205
    ],
    "aggregational_kurtosis": {
      "1": 3.652103193399909,
      "5": 4.865482729519994,
      "21": 5.203296029448071
    },
    "tail_index": 5.476966220528897
  },
  "stylized_facts_comparison": {
    "kurtosis_real": 4.60339786339658,
    "kurtosis_fake": 3.652103193399909,
    "kurtosis_abs_diff": 0.9512946699966713,
    "return_acf_l1": 0.0058954095460354095,
    "absolute_return_acf_l1": 0.03045221136177683,
    "leverage_correlation_l1": 0.01458265367500777,
    "aggregational_kurtosis_l1": {
      "1": 0.9512946699966713,
      "5": 0.2787338905721457,
      "21": 0.4021998569836187
    },
    "tail_index_real": 4.278436214587005,
    "tail_index_fake": 5.476966220528897,
    "tail_index_abs_diff": 1.1985300059418922
  },
  "distances": {
    "marginal_wasserstein_mean": 0.008678590243085673,
    "marginal_wasserstein_max": 0.009660210561581638,