{
  "real_facts": {
    "kurtosis": 4.60339786339658,
    "return_acf": [
      -0.006129896495456233,
      -0.005410572515444318,
      -0.004850442150800915,
      -0.0036463281274129967,
      -0.005386376919333319,
      -0.0031757095684462507,
      -0.0038579477775226357,
      -0.0039151866634744275,
      -0.005292579737192809,
      -0.003945431906172928,
      -0.004851899003124628,
      -0.0046194163631568036,
      -0.005172885457709455,
      -0.004211124507857456,
      -0.003735645228058452,
      -0.0037680503626371766,
      -0.004010344632969521,
      -0.003202785018342763,
      -0.0032783054102908417,
      -0.004305299142885759
    ],
    "absolute_return_acf": [
      0.08947994314640795,
      0.08706221495064048,
      0.08482332847898004,
      0.08305845971378771,
      0.08067919327684936,
      0.07845742851805035,
      0.07822117883161873,
      0.07314431128699136,
      0.07130771041124338,
      0.07008872915004222,
      0.06696331074490364,
      0.06571267470156224,
      0.06297135471751543,
      0.06143142913263746,
      0.058780572831940825,
      0.05806321182989763,
      0.05548740810128411,
      0.053705708316469335,
      0.05131013846360228,
      0.0498567169204288,
      0.04751329320018901,
      0.04666906945559521,
      0.04433729311956561,
      0.04351708917810179,
      0.040605979435813976,
      0.03982570287915335,
      0.03750091418173794,
      0.035092790865346994,
      0.03401017096821067,
      0.0322637376223491,
      0.030973581918145796,
      0.03080148907385584,
      0.027930149354695358,
      0.027127365950542544,
      0.02524615258377359,
      0.023932512169302107,
      0.02233021877941033,
      0.020586613788424087,
      0.01928397702155667,
      0.01715488076489573,
      0.01650369251883455,
      0.014150051520215104,
      0.013640884493037063,
      0.012754180978707456,
      0.011389362354853725,
      0.007673126877138603,
      0.007936203346543302,
      0.00707422777302266,
      0.006542557740364,
      0.00457947612939156
    ],
    "leverage_correlation": [
      -0.03220236985226149,
      -0.030007698100387906,
      -0.031877264599439036,
      -0.030177338239747133,
      -0.029888435813181728,
      -0.028638150486819166,
      -0.02749954963028258,
      -0.027585348466969264,
      -0.02666613555497109,
      -0.025635656995973862
    ],
    "aggregational_kurtosis": {
      "1": 4.60339786339658,
      "5": 4.586748838947848,
      "21": 4.801096172464452
    },
    "tail_index": 4.278436214587005
  },
  "fake_facts": {
    "kurtosis": 3.663765993322382,
    "return_acf": [
      0.05456133142923377,
      0.0008421244636265568,
      -0.00413578452286209,
      -0.004113006105590179,
      -0.004016735852877178,
      -0.004704212695033693,
      -0.004237193817400596,
      -0.005179990964765618,
      -0.005595388986551074,
      -0.003701814788608555,
      -0.003597675732699161,
      -0.003303140738957035,
      -0.005517146139276196,
      -0.005694420746568912,
      -0.005155078791512368,
      -0.006294918020971263,
      -0.004029202183348049,
      -0.005465290110697691,
      -0.00558040638936625,
      -0.005583902665209366
    ],
    "absolute_return_acf": [
      0.17059014045019327,
      0.15534000623605212,
      0.1495065919018394,
      0.14613033476100928,
      0.14080199019026327,
      0.13496615763226213,
      0.13241118051307588,
      0.12881965814065635,
      0.1239013580033621,
      0.12004294438423674,
      0.11738774632748913,
      0.11196953118552647,
      0.10838633398450047,
      0.1059352636979153,
      0.10139196747254348,
      0.09747320986927123,
      0.09316431278606489,
      0.09299494852568199,
      0.08797950566775688,
      0.08525560170707364,
      0.08205616495109555,
      0.07918155784895757,
      0.07530956163110662,
      0.07352224401682325,
      0.06874920620411121,
      0.06592895687542495,
      0.06286116412057946,
      0.06043647033187044,
      0.057357495322522684,
      0.054166629394905484,
      0.05291219468874184,
      0.05185307580045752,
      0.04585404079903923,
      0.04283507738343037,
      0.039934625075090414,
      0.037157373483091845,
      0.03650560708416111,
      0.033856882660276304,
      0.03218029734201936,
      0.03025017182093444,
      0.02778483732871266,
      0.026104073441758788,
      0.022708617041403756,
      0.02098266191603353,
      0.018635198107224294,
      0.016056422088774086,
      0.014765186599544683,
      0.011358010511214763,
      0.009978132677504891,
      0.0071796446819262115
    ],
    "leverage_correlation": [
      -0.0821977549336921,
      -0.02364576611708297,
      -0.01787215065824683,
      -0.01991660843185536,
      -0.018571534081645732,
      -0.018520013451113662,
      -0.017420664498275035,
      -0.015361946239355427,
      -0.017347305347788968,
      -0.01677092415934092
    ],
    "aggregational_kurtosis": {
      "1": 3.663765993322382,
      "5": 4.8359560175075815,
      "21": 5.07993266096232
    },
    "tail_index": 5.453149232313644
  },
  "stylized_facts_comparison": {
    "kurtosis_real": 4.60339786339658,
    "kurtosis_fake": 3.663765993322382,
    "kurtosis_abs_diff": 0.9396318700741983,
    "return_acf_l1": 0.004371015279591808,
    "absolute_return_acf_l1": 0.030667171901957686,
    "leverage_correlation_l1": 0.014254404998449748,
    "aggregational_kurtosis_l1": {
      "1": 0.9396318700741983,
      "5": 0.2492071785597334,
      "21": 0.278836488497868
    },
    "tail_index_real": 4.278436214587005,
    "tail_index_fake": 5.453149232313644,
    "tail_index_abs_diff": 1.1747130177266385
  },
  "distances": {
    "marginal_wasserstein_mean": 0.008619031982073753,
    "marginal_wasserstein_max": 0.009593773779055244,