{
  "real_facts": {
    "kurtosis": 4.60339786339658,
    "return_acf": [
      -0.006129896495456233,
      -0.005410572515444318,
      -0.004850442150800915,
      -0.0036463281274129967,
      -0.005386376919333319,
      -0.0031757095684462507,
      -0.0038579477775226357,
      -0.0039151866634744275,
      -0.005292579737192809,
      -0.003945431906172928,
      -0.004851899003124628,
      -0.0046194163631568036,
      -0.005172885457709455,
      -0.004211124507857456,
      -0.003735645228058452,
      -0.0037680503626371766,
      -0.004010344632969521,
      -0.003202785018342763,
      -0.0032783054102908417,
      -0.004305299142885759
    ],
    "absolute_return_acf": [
      0.08947994314640795,
      0.08706221495064048,
      0.08482332847898004,
      0.08305845971378771,
      0.08067919327684936,
      0.07845742851805035,
      0.07822117883161873,
      0.07314431128699136,
      0.07130771041124338,
      0.07008872915004222,
      0.06696331074490364,
      0.06571267470156224,
      0.06297135471751543,
      0.06143142913263746,
      0.058780572831940825,
      0.05806321182989763,
      0.05548740810128411,
      0.053705708316469335,
      0.05131013846360228,
      0.0498567169204288,
      0.04751329320018901,
      0.04666906945559521,
      0.04433729311956561,
      0.04351708917810179,
      0.040605979435813976,
      0.03982570287915335,
      0.03750091418173794,
      0.035092790865346994,
      0.03401017096821067,
      0.0322637376223491,
      0.030973581918145796,
      0.03080148907385584,
      0.027930149354695358,
      0.027127365950542544,
      0.02524615258377359,
      0.023932512169302107,
      0.02233021877941033,
      0.020586613788424087,
      0.01928397702155667,
      0.01715488076489573,
      0.01650369251883455,
      0.014150051520215104,
      0.013640884493037063,
      0.012754180978707456,
      0.011389362354853725,
      0.007673126877138603,
      0.007936203346543302,
      0.00707422777302266,
      0.006542557740364,
      0.00457947612939156
    ],
    "leverage_correlation": [
      -0.03220236985226149,
      -0.030007698100387906,
      -0.031877264599439036,
      -0.030177338239747133,
      -0.029888435813181728,
      -0.028638150486819166,
      -0.02749954963028258,
      -0.027585348466969264,
      -0.02666613555497109,
      -0.025635656995973862
    ],
    "aggregational_kurtosis": {
      "1": 4.60339786339658,
      "5": 4.586748838947848,
      "21": 4.801096172464452
    },
    "tail_index": 4.278436214587005
  },
  "fake_facts": {
    "kurtosis": 4.476385648053197,
    "return_acf": [
      -0.0035983329621554405,
      -0.0035001595175032678,
      -0.0035309910932452993,
      -0.006013638227149107,
      -0.004182005372818976,
      -0.0032239514735829546,
      -0.005384932755372963,
      -0.0040105665340237455,
      -0.003988121488962591,
      -0.004313944783766207,
      -0.004591576271362717,
      -0.004870443734651481,
      -0.00474107716290797,
      -0.0037682361939349123,
      -0.004820315206307014,
      -0.0034577983989839325,
      -0.004778517328937393,
      -0.004695617292877292,
      -0.004084617079429364,
      -0.004194498180429471
    ],
    "absolute_return_acf": [
      0.10267456585868709,
      0.09864257848079981,
      0.09495496087243466,
      0.09346658934451985,
      0.09021204688000714,
      0.08873095522033014,
      0.0865066986436822,
      0.08332057111306096,
      0.07983721435714707,
      0.07811047260673852,
      0.07694026013553489,
      0.0728053054737225,
      0.07016420611381563,
      0.06935722187330796,
      0.06654263982533139,
      0.06445649927761986,
      0.06308212751596348,
      0.059658204811704946,
      0.05734499246267062,
      0.055959751841831565,
      0.05427676349025982,
      0.05123293969606168,
      0.04794573484580705,
      0.048211629155646564,
      0.04546711701890638,
      0.04317811863242023,
      0.04025145536959668,
      0.03885719220491412,
      0.038632913734790914,
      0.03595624640379064,
      0.03394425485686363,
      0.031686840195819,
      0.029733831630234027,
      0.027968506743193483,
      0.026380587248337133,
      0.025268505961441475,
      0.02340543196617732,
      0.02205546811529755,
      0.01957038921862434,
      0.01771991945106902,
      0.016779311151488795,
      0.016038894849845192,
      0.013957866912904928,
      0.012889782179420257,
      0.013181297322112514,
      0.010153542036601798,
      0.008424763116394469,
      0.007634245484291706,
      0.0033932898710493545,
      0.003138405317468273
    ],
    "leverage_correlation": [
      -0.0257995119116905,
      -0.026883141689332472,
      -0.026788778120328153,
      -0.026561551697407374,
      -0.025710837105622237,
      -0.02483945757637863,
      -0.025946814988552985,
      -0.025848007273885264,
      -0.023487451903832262,
      -0.02287722024276397
    ],
    "aggregational_kurtosis": {
      "1": 4.476385648053197,
      "5": 4.547458573840807,
      "21": 4.53895458319178
    },
    "tail_index": 4.377145964437395
  },
  "stylized_facts_comparison": {
    "kurtosis_real": 4.60339786339658,
    "kurtosis_fake": 4.476385648053197,
    "kurtosis_abs_diff": 0.1270122153433828,
    "return_acf_l1": 0.0009317886685193698,
    "absolute_return_acf_l1": 0.004794640293691749,
    "leverage_correlation_l1": 0.003543517523023941,
    "aggregational_kurtosis_l1": {
      "1": 0.1270122153433828,
      "5": 0.03929026510704148,
      "21": 0.26214158927267217
    },
    "tail_index_real": 4.278436214587005,
    "tail_index_fake": 4.377145964437395,
    "tail_index_abs_diff": 0.09870974985039016
  },
  "distances": {
    "marginal_wasserstein_mean": 0.0004711719493597226,
    "marginal_wasserstein_max": 0.0013603935988164494,