{
  "real_facts": {
    "kurtosis": 4.60339786339658,
    "return_acf": [
      -0.006129896495456233,
      -0.005410572515444318,
      -0.004850442150800915,
      -0.0036463281274129967,
      -0.005386376919333319,
      -0.0031757095684462507,
      -0.0038579477775226357,
      -0.0039151866634744275,
      -0.005292579737192809,
      -0.003945431906172928,
      -0.004851899003124628,
      -0.0046194163631568036,
      -0.005172885457709455,
      -0.004211124507857456,
      -0.003735645228058452,
      -0.0037680503626371766,
      -0.004010344632969521,
      -0.003202785018342763,
      -0.0032783054102908417,
      -0.004305299142885759
    ],
    "absolute_return_acf": [
      0.08947994314640795,
      0.08706221495064048,
      0.08482332847898004,
      0.08305845971378771,
      0.08067919327684936,
      0.07845742851805035,
      0.07822117883161873,
      0.07314431128699136,
      0.07130771041124338,
      0.07008872915004222,
      0.06696331074490364,
      0.06571267470156224,
      0.06297135471751543,
      0.06143142913263746,
      0.058780572831940825,
      0.05806321182989763,
      0.05548740810128411,
      0.053705708316469335,
      0.05131013846360228,
      0.0498567169204288,
      0.04751329320018901,
      0.04666906945559521,
      0.04433729311956561,
      0.04351708917810179,
      0.040605979435813976,
      0.03982570287915335,
      0.03750091418173794,
      0.035092790865346994,
      0.03401017096821067,
      0.0322637376223491,
      0.030973581918145796,
      0.03080148907385584,
      0.027930149354695358,
      0.027127365950542544,
      0.02524615258377359,
      0.023932512169302107,
      0.02233021877941033,
      0.020586613788424087,
      0.01928397702155667,
      0.01715488076489573,
      0.01650369251883455,
      0.014150051520215104,
      0.013640884493037063,
      0.012754180978707456,
      0.011389362354853725,
      0.007673126877138603,
      0.007936203346543302,
      0.00707422777302266,
      0.006542557740364,
      0.00457947612939156
    ],
    "leverage_correlation": [
      -0.03220236985226149,
      -0.030007698100387906,
      -0.031877264599439036,
      -0.030177338239747133,
      -0.029888435813181728,
      -0.028638150486819166,
      -0.02749954963028258,
      -0.027585348466969264,
      -0.02666613555497109,
      -0.025635656995973862
    ],
    "aggregational_kurtosis": {
      "1": 4.60339786339658,
      "5": 4.586748838947848,
      "21": 4.801096172464452
    },
    "tail_index": 4.278436214587005
  },
  "fake_facts": {
    "kurtosis": 5.623024201225608,
    "return_acf": [
      -0.005373319683151021,
      -0.0026685820077410665,
      -0.01094300850713501,
      0.031870470092538086,
      0.008376401604731503,
      -0.005483934561355258,
      0.004712008562502076,
      -0.07160884739956563,
      -0.01035564376304764,
      -0.002304236144062602,
      -0.005151638785116295,
      -0.01528012995262591,
      -0.002330960098274852,
      -0.008918633325423853,
      0.0033143966632781774,
      -0.11099968796577507,
      -0.0016034487372431198,
      -0.005105931544881064,
      -0.004113197333091521,
      -0.008967271913702803
    ],
    "absolute_return_acf": [
      0.09567351336700607,
      0.08626410685213301,
      0.03845682199698297,
      0.04934268249567963,
      0.01967005346855029,
      0.01982268270961844,
      0.010891956023211646,
      0.027246198068687374,
      0.006846710511118356,
      0.004851719926517103,
      -0.0006629231771624318,
      0.0011732374988546502,
      -0.002990956824651209,
      -0.004264778851250201,
      -0.0057665977060421415,
      0.0018038400816839334,
      -0.007468813535524833,
      -0.007856552838826091,
      -0.006882610108351722,
      -0.009421424533546854,
      -0.007104395254538109,
      -0.00882348812745346,
      -0.007101984789330507,
      -0.008581354430498052,
      -0.007022415562155887,
      -0.008079939144460938,
      -0.00694523647127615,
      -0.00876568457984781,
      -0.00857018950595677,
      -0.008695145799798932,
      -0.00875493135351073,
      -0.011180274668268628,
      -0.009378051002805851,
      -0.008395194868490278,
      -0.009858395865129547,
      -0.009155495702051215,
      -0.009467666173572862,
      -0.008165566648664335,
      -0.00811006502285977,
      -0.008696619041619717,
      -0.008421810058151466,
      -0.007225946615299141,
      -0.00840261484362242,
      -0.00781975520129577,
      -0.008251311737377011,
      -0.006576620356170185,
      -0.00786791113678222,
      -0.007152644678211514,
      -0.0076030776972645835,
      -0.007796055516253645
    ],
    "leverage_correlation": [
      -0.01292545996859059,
      -0.023583194442576182,
      -0.02923704067644309,
      -0.062485353219423584,
      -0.022859230904310295,
      -0.024132131690366283,
      -0.01327121785721491,
      -0.050627843581751174,
      -0.007990567856342747,
      -0.011513227146964025
    ],
    "aggregational_kurtosis": {
      "1": 5.623024201225608,
      "5": 4.104328903325939,
      "21": 3.424749218005037
    },
    "tail_index": 3.9058741211026775
  },
  "stylized_facts_comparison": {
    "kurtosis_real": 4.60339786339658,
    "kurtosis_fake": 5.623024201225608,
    "kurtosis_abs_diff": 1.0196263378290276,
    "return_acf_l1": 0.01433726432180836,
    "absolute_return_acf_l1": 0.04146359772873706,
    "leverage_correlation_l1": 0.014225370058496709,
    "aggregational_kurtosis_l1": {
      "1": 1.0196263378290276,
      "5": 0.482419935621909,
      "21": 1.376346954459415
    },
    "tail_index_real": 4.278436214587005,
    "tail_index_fake": 3.9058741211026775,
    "tail_index_abs_diff": 0.37256209348432767
  },
  "distances": {
    "marginal_wasserstein_mean": 0.0007361405246589843,
    "marginal_wasserstein_max": 0.004565493096568162,