{
  "real_facts": {
    "kurtosis": 4.60339786339658,
    "return_acf": [
      -0.006129896495456233,
      -0.005410572515444318,
      -0.004850442150800915,
      -0.0036463281274129967,
      -0.005386376919333319,
      -0.0031757095684462507,
      -0.0038579477775226357,
      -0.0039151866634744275,
      -0.005292579737192809,
      -0.003945431906172928,
      -0.004851899003124628,
      -0.0046194163631568036,
      -0.005172885457709455,
      -0.004211124507857456,
      -0.003735645228058452,
      -0.0037680503626371766,
      -0.004010344632969521,
      -0.003202785018342763,
      -0.0032783054102908417,
      -0.004305299142885759
    ],
    "absolute_return_acf": [
      0.08947994314640795,
      0.08706221495064048,
      0.08482332847898004,
      0.08305845971378771,
      0.08067919327684936,
      0.07845742851805035,
      0.07822117883161873,
      0.07314431128699136,
      0.07130771041124338,
      0.07008872915004222,
      0.06696331074490364,
      0.06571267470156224,
      0.06297135471751543,
      0.06143142913263746,
      0.058780572831940825,
      0.05806321182989763,
      0.05548740810128411,
      0.053705708316469335,
      0.05131013846360228,
      0.0498567169204288,
      0.04751329320018901,
      0.04666906945559521,
      0.04433729311956561,
      0.04351708917810179,
      0.040605979435813976,
      0.03982570287915335,
      0.03750091418173794,
      0.035092790865346994,
      0.03401017096821067,
      0.0322637376223491,
      0.030973581918145796,
      0.03080148907385584,
      0.027930149354695358,
      0.027127365950542544,
      0.02524615258377359,
      0.023932512169302107,
      0.02233021877941033,
      0.020586613788424087,
      0.01928397702155667,
      0.01715488076489573,
      0.01650369251883455,
      0.014150051520215104,
      0.013640884493037063,
      0.012754180978707456,
      0.011389362354853725,
      0.007673126877138603,
      0.007936203346543302,
      0.00707422777302266,
      0.006542557740364,
      0.00457947612939156
    ],
    "leverage_correlation": [
      -0.03220236985226149,
      -0.030007698100387906,
      -0.031877264599439036,
      -0.030177338239747133,
      -0.029888435813181728,
      -0.028638150486819166,
      -0.02749954963028258,
      -0.027585348466969264,
      -0.02666613555497109,
      -0.025635656995973862
    ],
    "aggregational_kurtosis": {
      "1": 4.60339786339658,
      "5": 4.586748838947848,
      "21": 4.801096172464452
    },
    "tail_index": 4.278436214587005
  },
  "fake_facts": {
    "kurtosis": 3.882785993851398,
    "return_acf": [
      -0.0031164643133711205,
      -0.003950305085050682,
      -0.004139217884199758,
      -0.006305877339985167,
      -0.004550484583957747,
      -0.003588483952172005,
      -0.0056772104700712755,
      -0.0042402308475767946,
      -0.004471555718698552,
      -0.004709350277115385,
      -0.004996714697585216,
      -0.005121955610378887,
      -0.005025618999093182,
      -0.003996362617013542,
      -0.004999599617484295,
      -0.003837664574580824,
      -0.004758383708725725,
      -0.0047830612503591,
      -0.004252618699826889,
      -0.004180773498449722
    ],
    "absolute_return_acf": [
      0.06503955569476627,
      0.06197998251853363,
      0.05893133686065602,
      0.05833253638055156,
      0.055947185844811745,
      0.055154807621054784,
      0.05371204484246436,
      0.051415420179411794,
      0.048583942161722724,
      0.04771959414370025,
      0.04725564505872797,
      0.04379490690268424,
      0.04210785743523619,
      0.041921957883807905,
      0.03989734111460017,
      0.038499623495401133,
      0.03808786119543959,
      0.03507471332268673,
      0.033586650997094694,
      0.03283188022624465,
      0.03187902681330182,
      0.02948815702806635,
      0.026926984745935446,
      0.02768014084844475,
      0.025732693885297378,
      0.024180133143958324,
      0.02181657098180717,
      0.021001215688743788,
      0.021637527420715,
      0.019420137210765135,
      0.01819570074970912,
      0.016492272019672308,
      0.01519588705303902,
      0.014125716649635382,
      0.01292664171847705,
      0.01261702745700543,
      0.01120509382459072,
      0.01046012733887227,
      0.008551712825250442,
      0.007210485067121678,
      0.0071104645368595685,
      0.006795259404746943,
      0.005066997438574377,
      0.00469235808914368,
      0.005435111183104665,
      0.002767184005750892,
      0.0016839024575551601,
      0.0014298166986036272,
      -0.002377427818760962,
      -0.0020370060841787474
    ],
    "leverage_correlation": [
      -0.025907750679368412,
      -0.025211654368448723,
      -0.025067873952837903,
      -0.024591534841896568,
      -0.023882390452118846,
      -0.022811598433778446,
      -0.023736523441788716,
      -0.023790330319170338,
      -0.02142353278104273,
      -0.020520778046191693
    ],
    "aggregational_kurtosis": {
      "1": 3.882785993851398,
      "5": 3.8871345001342026,
      "21": 3.8756757883287873
    },
    "tail_index": 4.781744682308591
  },
  "stylized_facts_comparison": {
    "kurtosis_real": 4.60339786339658,
    "kurtosis_fake": 3.882785993851398,
    "kurtosis_abs_diff": 0.720611869545182,
    "return_acf_l1": 0.0009296247605549047,
    "absolute_return_acf_l1": 0.015447340266124456,
    "leverage_correlation_l1": 0.005323398042339089,
    "aggregational_kurtosis_l1": {
      "1": 0.720611869545182,
      "5": 0.6996143388136455,
      "21": 0.9254203841356645
    },
    "tail_index_real": 4.278436214587005,
    "tail_index_fake": 4.781744682308591,
    "tail_index_abs_diff": 0.5033084677215856
  },
  "distances": {
    "marginal_wasserstein_mean": 0.000615676771417126,
    "marginal_wasserstein_max": 0.0014543203641525224,