{
  "real_facts": {
    "kurtosis": 4.60339786339658,
    "return_acf": [
      -0.006129896495456233,
      -0.005410572515444318,
      -0.004850442150800915,
      -0.0036463281274129967,
      -0.005386376919333319,
      -0.0031757095684462507,
      -0.0038579477775226357,
      -0.0039151866634744275,
      -0.005292579737192809,
      -0.003945431906172928,
      -0.004851899003124628,
      -0.0046194163631568036,
      -0.005172885457709455,
      -0.004211124507857456,
      -0.003735645228058452,
      -0.0037680503626371766,
      -0.004010344632969521,
      -0.003202785018342763,
      -0.0032783054102908417,
      -0.004305299142885759
    ],
    "absolute_return_acf": [
      0.08947994314640795,
      0.08706221495064048,
      0.08482332847898004,
      0.08305845971378771,
      0.08067919327684936,
      0.07845742851805035,
      0.07822117883161873,
      0.07314431128699136,
      0.07130771041124338,
      0.07008872915004222,
      0.06696331074490364,
      0.06571267470156224,
      0.06297135471751543,
      0.06143142913263746,
      0.058780572831940825,
      0.05806321182989763,
      0.05548740810128411,
      0.053705708316469335,
      0.05131013846360228,
      0.0498567169204288,
      0.04751329320018901,
      0.04666906945559521,
      0.04433729311956561,
      0.04351708917810179,
      0.040605979435813976,
      0.03982570287915335,
      0.03750091418173794,
      0.035092790865346994,
      0.03401017096821067,
      0.0322637376223491,
      0.030973581918145796,
      0.03080148907385584,
      0.027930149354695358,
      0.027127365950542544,
      0.02524615258377359,
      0.023932512169302107,
      0.02233021877941033,
      0.020586613788424087,
      0.01928397702155667,
      0.01715488076489573,
      0.01650369251883455,
      0.014150051520215104,
      0.013640884493037063,
      0.012754180978707456,
      0.011389362354853725,
      0.007673126877138603,
      0.007936203346543302,
      0.00707422777302266,
      0.006542557740364,
      0.00457947612939156
    ],
    "leverage_correlation": [
      -0.03220236985226149,
      -0.030007698100387906,
      -0.031877264599439036,
      -0.030177338239747133,
      -0.029888435813181728,
      -0.028638150486819166,
      -0.02749954963028258,
      -0.027585348466969264,
      -0.02666613555497109,
      -0.025635656995973862
    ],
    "aggregational_kurtosis": {
      "1": 4.60339786339658,
      "5": 4.586748838947848,
      "21": 4.801096172464452
    },
    "tail_index": 4.278436214587005
  },
  "fake_facts": {
    "kurtosis": 3.5159639450286955,
    "return_acf": [
      -0.005930700529498423,
      -0.004232927868343956,
      -0.004600564530262784,
      -0.006554164715922115,
      -0.004793005074613661,
      -0.004017870306013899,
      -0.006011687944818157,
      -0.004583601448950916,
      -0.00504498961067449,
      -0.005242145642617382,
      -0.0056931023808003065,
      -0.005569816417460193,
      -0.00548329611637845,
      -0.004297005711529122,
      -0.005484803809626657,
      -0.00461929657907635,
      -0.005056199181164498,
      -0.005266495445026207,
      -0.004514298585791531,
      -0.00431398512968391
    ],
    "absolute_return_acf": [
      0.04077686891643104,
      0.038464176437843486,
      0.03569488504287608,
      0.03585397710480765,
      0.03402872614984359,
      0.03354628875167609,
      0.03279007651521052,
      0.031249550106411384,
      0.028938365804362483,
      0.028625755113057618,
      0.028852159170251468,
      0.025508677958516846,
      0.024599086131391133,
      0.02478052468416664,
      0.023341166552681526,
      0.022157232727026653,
      0.022814170103691474,
      0.020258140645788323,
      0.01928403309923637,
      0.019053050016685443,
      0.018334526573419517,
      0.016508834128951357,
      0.01450776787699836,
      0.015539477789501342,
      0.014316896562158073,
      0.013099346088515321,
      0.01117295313604569,
      0.010754872780887634,
      0.011977903036750013,
      0.00996166585510154,
      0.009336029273119842,
      0.008278277257280886,
      0.007133382260694051,
      0.006657502241531215,
      0.005556263829512996,
      0.005809728357224335,
      0.004879699102407219,
      0.004299049061620536,
      0.002833597033594062,
      0.0018346548006433138,
      0.002692204913024466,
      0.0025421768547351587,
      0.0006793631974134576,
      0.0009784217438787374,
      0.0017260008575399216,
      -0.0006810689930488122,
      -0.0012312922128777798,
      -0.0009681806580730154,
      -0.004543410534573143,
      -0.003997913337131541
    ],
    "leverage_correlation": [
      -0.016102327191198366,
      -0.014622520643750874,
      -0.014720533295514062,
      -0.014570200319292802,
      -0.014454027541062902,
      -0.0132942376571261,
      -0.014570343873379943,
      -0.01460258060831088,
      -0.012719665557801699,
      -0.011753547981598072
    ],
    "aggregational_kurtosis": {
      "1": 3.5159639450286955,
      "5": 3.567367589748124,
      "21": 3.624594585303065
    },
    "tail_index": 5.133802346632777
  },
  "stylized_facts_comparison": {
    "kurtosis_real": 4.60339786339658,
    "kurtosis_fake": 3.5159639450286955,
    "kurtosis_abs_diff": 1.0874339183678847,
    "return_acf_l1": 0.0009739545224815941,
    "absolute_return_acf_l1": 0.027378922593176525,
    "leverage_correlation_l1": 0.014876796307099755,
    "aggregational_kurtosis_l1": {
      "1": 1.0874339183678847,
      "5": 1.019381249199724,
      "21": 1.1765015871613866
    },
    "tail_index_real": 4.278436214587005,
    "tail_index_fake": 5.133802346632777,
    "tail_index_abs_diff": 0.8553661320457717
  },
  "distances": {
    "marginal_wasserstein_mean": 0.0008126119408761049,
    "marginal_wasserstein_max": 0.0011149567317784903,