{
  "real_facts": {
    "kurtosis": 4.60339786339658,
    "return_acf": [
      -0.006129896495456233,
      -0.005410572515444318,
      -0.004850442150800915,
      -0.0036463281274129967,
      -0.005386376919333319,
      -0.0031757095684462507,
      -0.0038579477775226357,
      -0.0039151866634744275,
      -0.005292579737192809,
      -0.003945431906172928,
      -0.004851899003124628,
      -0.0046194163631568036,
      -0.005172885457709455,
      -0.004211124507857456,
      -0.003735645228058452,
      -0.0037680503626371766,
      -0.004010344632969521,
      -0.003202785018342763,
      -0.0032783054102908417,
      -0.004305299142885759
    ],
    "absolute_return_acf": [
      0.08947994314640795,
      0.08706221495064048,
      0.08482332847898004,
      0.08305845971378771,
      0.08067919327684936,
      0.07845742851805035,
      0.07822117883161873,
      0.07314431128699136,
      0.07130771041124338,
      0.07008872915004222,
      0.06696331074490364,
      0.06571267470156224,
      0.06297135471751543,
      0.06143142913263746,
      0.058780572831940825,
      0.05806321182989763,
      0.05548740810128411,
      0.053705708316469335,
      0.05131013846360228,
      0.0498567169204288,
      0.04751329320018901,
      0.04666906945559521,
      0.04433729311956561,
      0.04351708917810179,
      0.040605979435813976,
      0.03982570287915335,
      0.03750091418173794,
      0.035092790865346994,
      0.03401017096821067,
      0.0322637376223491,
      0.030973581918145796,
      0.03080148907385584,
      0.027930149354695358,
      0.027127365950542544,
      0.02524615258377359,
      0.023932512169302107,
      0.02233021877941033,
      0.020586613788424087,
      0.01928397702155667,
      0.01715488076489573,
      0.01650369251883455,
      0.014150051520215104,
      0.013640884493037063,
      0.012754180978707456,
      0.011389362354853725,
      0.007673126877138603,
      0.007936203346543302,
      0.00707422777302266,
      0.006542557740364,
      0.00457947612939156
    ],
    "leverage_correlation": [
      -0.03220236985226149,
      -0.030007698100387906,
      -0.031877264599439036,
      -0.030177338239747133,
      -0.029888435813181728,
      -0.028638150486819166,
      -0.02749954963028258,
      -0.027585348466969264,
      -0.02666613555497109,
      -0.025635656995973862
    ],
    "aggregational_kurtosis": {
      "1": 4.60339786339658,
      "5": 4.586748838947848,
      "21": 4.801096172464452
    },
    "tail_index": 4.278436214587005
  },
  "fake_facts": {
    "kurtosis": 2.852647226940542,
    "return_acf": [
      0.016264802674903732,
      -0.0019179236749202794,
      -0.003860496620173118,
      -0.0036078867945573416,
      -0.003555937422963124,
      -0.004477894653466906,
      -0.003989759755125551,
      -0.004781467240072702,
      -0.004962626453527192,
      -0.003002884255194511,
      -0.0030774556330383455,
      -0.0025148061950204014,
      -0.005140211266972975,
      -0.005475852296968475,
      -0.004861839002326302,
      -0.005741100618874214,
      -0.003651745519100031,
      -0.005076297167549763,
      -0.005024111375407221,
      -0.004838686957308029
    ],
    "absolute_return_acf": [
      0.20656844739678712,
      0.1922649166012373,
      0.18502046696859087,
      0.18060029214385967,
      0.174584718788038,
      0.16714998138662623,
      0.1627788868580016,
      0.15835492024189687,
      0.1529090778217073,
      0.1476814092047014,
      0.1433509402700837,
      0.13725176235006323,
      0.13267592092311614,
      0.12887188654171136,
      0.12302771613925506,
      0.11853936604314928,
      0.1131347198172691,
      0.11189050479904786,
      0.10596426584470503,
      0.10239129260287502,
      0.0985216145576692,
      0.09443342939757439,
      0.08981614237033066,
      0.08705492499495257,
      0.08157656954355501,
      0.07789166358527524,
      0.07378744971998186,
      0.07081376094170075,
      0.06714759398423553,
      0.06349647770997319,
      0.06105061096730448,
      0.05910791085217064,
      0.053016016650528686,
      0.049455652837590285,
      0.0457026517999406,
      0.04218600693631717,
      0.04072277802277045,
      0.03808124420529646,
      0.03548318069275492,
      0.033056559716619194,
      0.029987535957640556,
      0.027574696626414732,
      0.02389173055167119,
      0.020972308556884298,
      0.01879830612091661,
      0.015579814199282654,
      0.013603403648165894,
      0.009866639604241983,
      0.008062562202832906,
      0.004905196194781621
    ],
    "leverage_correlation": [
      -0.09943094089616247,
      -0.027471815601135516,
      -0.024383250511513774,
      -0.025764392329950255,
      -0.02462162715232402,
      -0.024427155156331135,
      -0.022724819586791175,
      -0.02082862995361603,
      -0.023142720070771953,
      -0.021799153011419277
    ],
    "aggregational_kurtosis": {
      "1": 2.852647226940542,
      "5": 4.160890195815195,
      "21": 4.312689250929295
    },
    "tail_index": 8.231992461719907
  },
  "stylized_facts_comparison": {
    "kurtosis_real": 4.60339786339658,
    "kurtosis_fake": 2.852647226940542,
    "kurtosis_abs_diff": 1.7507506364560381,
    "return_acf_l1": 0.002255297876789687,
    "absolute_return_acf_l1": 0.04502208312648937,
    "leverage_correlation_l1": 0.011004058555781961,
    "aggregational_kurtosis_l1": {
      "1": 1.7507506364560381,
      "5": 0.42585864313265276,
      "21": 0.48840692153515697
    },
    "tail_index_real": 4.278436214587005,
    "tail_index_fake": 8.231992461719907,
    "tail_index_abs_diff": 3.9535562471329015
  },
  "distances": {
    "marginal_wasserstein_mean": 0.011354610680704005,
    "marginal_wasserstein_max": 0.012270943425020504,