{
  "real_facts": {
    "kurtosis": 4.60339786339658,
    "return_acf": [
      -0.006129896495456233,
      -0.005410572515444318,
      -0.004850442150800915,
      -0.0036463281274129967,
      -0.005386376919333319,
      -0.0031757095684462507,
      -0.0038579477775226357,
      -0.0039151866634744275,
      -0.005292579737192809,
      -0.003945431906172928,
      -0.004851899003124628,
      -0.0046194163631568036,
      -0.005172885457709455,
      -0.004211124507857456,
      -0.003735645228058452,
      -0.0037680503626371766,
      -0.004010344632969521,
      -0.003202785018342763,
      -0.0032783054102908417,
      -0.004305299142885759
    ],
    "absolute_return_acf": [
      0.08947994314640795,
      0.08706221495064048,
      0.08482332847898004,
      0.08305845971378771,
      0.08067919327684936,
      0.07845742851805035,
      0.07822117883161873,
      0.07314431128699136,
      0.07130771041124338,
      0.07008872915004222,
      0.06696331074490364,
      0.06571267470156224,
      0.06297135471751543,
      0.06143142913263746,
      0.058780572831940825,
      0.05806321182989763,
      0.05548740810128411,
      0.053705708316469335,
      0.05131013846360228,
      0.0498567169204288,
      0.04751329320018901,
      0.04666906945559521,
      0.04433729311956561,
      0.04351708917810179,
      0.040605979435813976,
      0.03982570287915335,
      0.03750091418173794,
      0.035092790865346994,
      0.03401017096821067,
      0.0322637376223491,
      0.030973581918145796,
      0.03080148907385584,
      0.027930149354695358,
      0.027127365950542544,
      0.02524615258377359,
      0.023932512169302107,
      0.02233021877941033,
      0.020586613788424087,
      0.01928397702155667,
      0.01715488076489573,
      0.01650369251883455,
      0.014150051520215104,
      0.013640884493037063,
      0.012754180978707456,
      0.011389362354853725,
      0.007673126877138603,
      0.007936203346543302,
      0.00707422777302266,
      0.006542557740364,
      0.00457947612939156
    ],
    "leverage_correlation": [
      -0.03220236985226149,
      -0.030007698100387906,
      -0.031877264599439036,
      -0.030177338239747133,
      -0.029888435813181728,
      -0.028638150486819166,
      -0.02749954963028258,
      -0.027585348466969264,
      -0.02666613555497109,
      -0.025635656995973862
    ],
    "aggregational_kurtosis": {
      "1": 4.60339786339658,
      "5": 4.586748838947848,
      "21": 4.801096172464452
    },
    "tail_index": 4.278436214587005
  },
  "fake_facts": {
    "kurtosis": 4.265330975515382,
    "return_acf": [
      -0.004422375763015824,
      -0.002709479938908425,
      -0.0026874951517494743,
      -0.0033796066074500515,
      -0.0034976603960774873,
      -0.0035534903315701458,
      -0.002924549149682729,
      -0.004458022243664041,
      -0.004249278135310772,
      -0.002292148410254509,
      -0.003373392313209677,
      -0.0027009053001031368,
      -0.0038612821445842185,
      -0.0048275961700363105,
      -0.0042135972644650604,
      -0.005893140169651352,
      -0.0031842287124360037,
      -0.004319837070244833,
      -0.003936665377181029,
      -0.004015433883518067
    ],
    "absolute_return_acf": [
      0.08576868085030348,
      0.08566744919874159,
      0.0820608697048408,
      0.08044915389245098,
      0.07732187172225541,
      0.07455188150615658,
      0.07251105871404279,
      0.07080938886620368,
      0.06907466915541047,
      0.06625843449980144,
      0.06436171804105467,
      0.06112999242306941,
      0.0605485814214264,
      0.058461407639827385,
      0.05441272558191673,
      0.053340938475427445,
      0.05082167332222107,
      0.050802083291442306,
      0.04838243276682438,
      0.04601617643699774,
      0.0438454986565239,
      0.04349120057867736,
      0.0408664467728158,
      0.040224205501398984,
      0.037829791230037525,
      0.035264624364938,
      0.035342185474927325,
      0.03332873357594482,
      0.03056795384810717,
      0.029711300677545655,
      0.0297966667889027,
      0.029103114552132228,
      0.023846691151172446,
      0.023971748681740422,
      0.02127998981264153,
      0.0204282254843427,
      0.01919342719832632,
      0.01649244129354559,
      0.017473384234749197,
      0.01623811458931427,
      0.01470902307402005,
      0.014943958831607861,
      0.010974472330037894,
      0.009565325653362636,
      0.00818486351828961,
      0.00791900312421779,
      0.007962615514414165,
      0.003779895587029568,
      0.005233882632837011,
      0.0025885295868384446
    ],
    "leverage_correlation": [
      -0.03589767789103189,
      -0.02763696350752536,
      -0.026987534178604392,
      -0.02848383903590752,
      -0.02765468392250082,
      -0.026493537483066917,
      -0.025299744379385834,
      -0.023524779217394168,
      -0.025222160322158026,
      -0.024349974087844447
    ],
    "aggregational_kurtosis": {
      "1": 4.265330975515382,
      "5": 4.27288919393591,
      "21": 4.195207547659955
    },
    "tail_index": 4.428719353451209
  },
  "stylized_facts_comparison": {
    "kurtosis_real": 4.60339786339658,
    "kurtosis_fake": 4.265330975515382,
    "kurtosis_abs_diff": 0.3380668878811983,
    "return_acf_l1": 0.0012048563095293674,
    "absolute_return_acf_l1": 0.002895513183789179,
    "leverage_correlation_l1": 0.002601766979215468,
    "aggregational_kurtosis_l1": {
      "1": 0.3380668878811983,
      "5": 0.31385964501193797,
      "21": 0.6058886248044972
    },
    "tail_index_real": 4.278436214587005,
    "tail_index_fake": 4.428719353451209,
    "tail_index_abs_diff": 0.15028313886420364
  },
  "distances": {
    "marginal_wasserstein_mean": 0.0010957860555063116,
    "marginal_wasserstein_max": 0.0018596790171313952,