{
  "real_facts": {
    "kurtosis": 4.60339786339658,
    "return_acf": [
      -0.006129896495456233,
      -0.005410572515444318,
      -0.004850442150800915,
      -0.0036463281274129967,
      -0.005386376919333319,
      -0.0031757095684462507,
      -0.0038579477775226357,
      -0.0039151866634744275,
      -0.005292579737192809,
      -0.003945431906172928,
      -0.004851899003124628,
      -0.0046194163631568036,
      -0.005172885457709455,
      -0.004211124507857456,
      -0.003735645228058452,
      -0.0037680503626371766,
      -0.004010344632969521,
      -0.003202785018342763,
      -0.0032783054102908417,
      -0.004305299142885759
    ],
    "absolute_return_acf": [
      0.08947994314640795,
      0.08706221495064048,
      0.08482332847898004,
      0.08305845971378771,
      0.08067919327684936,
      0.07845742851805035,
      0.07822117883161873,
      0.07314431128699136,
      0.07130771041124338,
      0.07008872915004222,
      0.06696331074490364,
      0.06571267470156224,
      0.06297135471751543,
      0.06143142913263746,
      0.058780572831940825,
      0.05806321182989763,
      0.05548740810128411,
      0.053705708316469335,
      0.05131013846360228,
      0.0498567169204288,
      0.04751329320018901,
      0.04666906945559521,
      0.04433729311956561,
      0.04351708917810179,
      0.040605979435813976,
      0.03982570287915335,
      0.03750091418173794,
      0.035092790865346994,
      0.03401017096821067,
      0.0322637376223491,
      0.030973581918145796,
      0.03080148907385584,
      0.027930149354695358,
      0.027127365950542544,
      0.02524615258377359,
      0.023932512169302107,
      0.02233021877941033,
      0.020586613788424087,
      0.01928397702155667,
      0.01715488076489573,
      0.01650369251883455,
      0.014150051520215104,
      0.013640884493037063,
      0.012754180978707456,
      0.011389362354853725,
      0.007673126877138603,
      0.007936203346543302,
      0.00707422777302266,
      0.006542557740364,
      0.00457947612939156
    ],
    "leverage_correlation": [
      -0.03220236985226149,
      -0.030007698100387906,
      -0.031877264599439036,
      -0.030177338239747133,
      -0.029888435813181728,
      -0.028638150486819166,
      -0.02749954963028258,
      -0.027585348466969264,
      -0.02666613555497109,
      -0.025635656995973862
    ],
    "aggregational_kurtosis": {
      "1": 4.60339786339658,
      "5": 4.586748838947848,
      "21": 4.801096172464452
    },
    "tail_index": 4.278436214587005
  },
  "fake_facts": {
    "kurtosis": 4.412341956571056,
    "return_acf": [
      0.025652833262181565,
      0.007845238491917522,
      0.007264244652962718,
      0.0064662159979559375,
      0.0061230591569965825,
      0.005819556812769375,
      0.006367485000167247,
      0.004540834500110155,
      0.0045569782303963415,
      0.006385558278698029,
      0.004971109260828121,
      0.005359031807862142,
      0.0041393448187052465,
      0.002914111225939274,
      0.0031907047051867392,
      0.001604160624430748,
      0.0037958097654590297,
      0.0027212224952859495,
      0.002976981466611263,
      0.0025752678423055625
    ],
    "absolute_return_acf": [
      0.07072034158069829,
      0.06971173444452705,
      0.06650189263647784,
      0.06476165511639709,
      0.06238516908079124,
      0.06079014346598086,
      0.05859370969560298,
      0.05759852523533751,
      0.056530019409137,
      0.053754717582003175,
      0.05288594271190854,
      0.04998008106261958,
      0.04926107416973796,
      0.048329064565080626,
      0.04385327515809368,
      0.04408976044839478,
      0.041348240153094726,
      0.04150630058664261,
      0.03976322300135843,
      0.037514880652138906,
      0.03609472426417826,
      0.03626254620734216,
      0.03386673105951355,
      0.03360393117928708,
      0.03182680901607642,
      0.02898191699531639,
      0.029074725601896494,
      0.028069654967748305,
      0.025378459800273045,
      0.025035261372756603,
      0.025032663289699095,
      0.024253681079053457,
      0.019884710924463093,
      0.0205188690657687,
      0.018563804561047115,
      0.01751558156350558,
      0.016289666170956278,
      0.01384723194726123,
      0.015059912320432675,
      0.013615885868988443,
      0.012664706550500813,
      0.012870469846089987,
      0.009791340303381033,
      0.008417168818902589,
      0.00721669589139407,
      0.007271179736141217,
      0.007711654768704966,
      0.003589174114759659,
      0.005259919887729819,
      0.0030257893406861777
    ],
    "leverage_correlation": [
      -0.04701020127902916,
      -0.0428772641871898,
      -0.04165217821660183,
      -0.04288008347406707,
      -0.0410859398336873,
      -0.040097575894369936,
      -0.03866606506999052,
      -0.03632233551001152,
      -0.03771117890257338,
      -0.03647401775352906
    ],
    "aggregational_kurtosis": {
      "1": 4.412341956571056,
      "5": 5.253252725208074,
      "21": 7.4362717762608455
    },
    "tail_index": 4.39944241104149
  },
  "stylized_facts_comparison": {
    "kurtosis_real": 4.60339786339658,
    "kurtosis_fake": 4.412341956571056,
    "kurtosis_abs_diff": 0.19105590682552442,
    "return_acf_l1": 0.01010179876925296,
    "absolute_return_acf_l1": 0.009781543045954997,
    "leverage_correlation_l1": 0.011459889238101633,
    "aggregational_kurtosis_l1": {
      "1": 0.19105590682552442,
      "5": 0.6665038862602257,
      "21": 2.6351756037963936
    },
    "tail_index_real": 4.278436214587005,
    "tail_index_fake": 4.39944241104149,
    "tail_index_abs_diff": 0.12100619645448507
  },
  "distances": {
    "marginal_wasserstein_mean": 0.0006402511104169449,
    "marginal_wasserstein_max": 0.0012579690296794866,