{
  "real_facts": {
    "kurtosis": 4.60339786339658,
    "return_acf": [
      -0.006129896495456233,
      -0.005410572515444318,
      -0.004850442150800915,
      -0.0036463281274129967,
      -0.005386376919333319,
      -0.0031757095684462507,
      -0.0038579477775226357,
      -0.0039151866634744275,
      -0.005292579737192809,
      -0.003945431906172928,
      -0.004851899003124628,
      -0.0046194163631568036,
      -0.005172885457709455,
      -0.004211124507857456,
      -0.003735645228058452,
      -0.0037680503626371766,
      -0.004010344632969521,
      -0.003202785018342763,
      -0.0032783054102908417,
      -0.004305299142885759
    ],
    "absolute_return_acf": [
      0.08947994314640795,
      0.08706221495064048,
      0.08482332847898004,
      0.08305845971378771,
      0.08067919327684936,
      0.07845742851805035,
      0.07822117883161873,
      0.07314431128699136,
      0.07130771041124338,
      0.07008872915004222,
      0.06696331074490364,
      0.06571267470156224,
      0.06297135471751543,
      0.06143142913263746,
      0.058780572831940825,
      0.05806321182989763,
      0.05548740810128411,
      0.053705708316469335,
      0.05131013846360228,
      0.0498567169204288,
      0.04751329320018901,
      0.04666906945559521,
      0.04433729311956561,
      0.04351708917810179,
      0.040605979435813976,
      0.03982570287915335,
      0.03750091418173794,
      0.035092790865346994,
      0.03401017096821067,
      0.0322637376223491,
      0.030973581918145796,
      0.03080148907385584,
      0.027930149354695358,
      0.027127365950542544,
      0.02524615258377359,
      0.023932512169302107,
      0.02233021877941033,
      0.020586613788424087,
      0.01928397702155667,
      0.01715488076489573,
      0.01650369251883455,
      0.014150051520215104,
      0.013640884493037063,
      0.012754180978707456,
      0.011389362354853725,
      0.007673126877138603,
      0.007936203346543302,
      0.00707422777302266,
      0.006542557740364,
      0.00457947612939156
    ],
    "leverage_correlation": [
      -0.03220236985226149,
      -0.030007698100387906,
      -0.031877264599439036,
      -0.030177338239747133,
      -0.029888435813181728,
      -0.028638150486819166,
      -0.02749954963028258,
      -0.027585348466969264,
      -0.02666613555497109,
      -0.025635656995973862
    ],
    "aggregational_kurtosis": {
      "1": 4.60339786339658,
      "5": 4.586748838947848,
      "21": 4.801096172464452
    },
    "tail_index": 4.278436214587005
  },
  "fake_facts": {
    "kurtosis": 4.079226408726868,
    "return_acf": [
      0.028302312069275273,
      0.006145101881699184,
      0.004736622755878407,
      0.004363402607034868,
      0.004320873974184067,
      0.0037950148332721568,
      0.004072053453572575,
      0.00265619774784637,
      0.002432443769764413,
      0.004156774430377048,
      0.0030763374473179433,
      0.003450120956275439,
      0.0018655748467076361,
      0.001303639000085527,
      0.0016022382060435073,
      -0.0003432511191373872,
      0.0022285845931108595,
      0.001014082891315341,
      0.000932505660312892,
      0.0007233803373487662
    ],
    "absolute_return_acf": [
      0.06290381815091821,
      0.06217240254028817,
      0.05918998607175766,
      0.05791924439306031,
      0.05591302173581722,
      0.05381442272431788,
      0.052407090683124796,
      0.051717748688547706,
      0.05014115666360987,
      0.04781470670558437,
      0.04775371984881143,
      0.044465085774845765,
      0.04342708121960508,
      0.0430027334350956,
      0.03948490501409388,
      0.03946668049848614,
      0.03639772001089349,
      0.037830259351899,
      0.03551458360422304,
      0.03394328530371653,
      0.03252644600594025,
      0.03242391389448296,
      0.02983624230705342,
      0.029917200403982252,
      0.028038762133776134,
      0.02581106801160787,
      0.025382750090956023,
      0.02456486357406534,
      0.02255205676277777,
      0.021976897375342884,
      0.0221707534566851,
      0.022288387425820774,
      0.017132745995079798,
      0.017330651878555786,
      0.015719812109298233,
      0.014731986875207614,
      0.014581124438930263,
      0.012246736450883111,
      0.013052097904352312,
      0.011999878002874305,
      0.011148996322141579,
      0.011557679631762177,
      0.008460893910963614,
      0.00762698538448096,
      0.006405760551425135,
      0.0056985793177043425,
      0.006350289348497527,
      0.0023687613771387673,
      0.0038302091428130524,
      0.0020306363344537114
    ],
    "leverage_correlation": [
      -0.05121302208205242,
      -0.03497891598236029,
      -0.03329555992656292,
      -0.03552173583530234,
      -0.03337437796601675,
      -0.032807812321734096,
      -0.031373328707716294,
      -0.02908486232293028,
      -0.030757196625612993,
      -0.029895443761529743
    ],
    "aggregational_kurtosis": {
      "1": 4.079226408726868,
      "5": 4.36082474738968,
      "21": 4.6941482662714575
    },
    "tail_index": 4.4847399773124055
  },
  "stylized_facts_comparison": {
    "kurtosis_real": 4.60339786339658,
    "kurtosis_fake": 4.079226408726868,
    "kurtosis_abs_diff": 0.5241714546697125,
    "return_acf_l1": 0.008380011866528729,
    "absolute_return_acf_l1": 0.013490179014597557,
    "leverage_correlation_l1": 0.005212430779178487,
    "aggregational_kurtosis_l1": {
      "1": 0.5241714546697125,
      "5": 0.22592409155816817,
      "21": 0.10694790619299432
    },
    "tail_index_real": 4.278436214587005,
    "tail_index_fake": 4.4847399773124055,
    "tail_index_abs_diff": 0.2063037627254003
  },
  "distances": {
    "marginal_wasserstein_mean": 0.0006239150348549946,
    "marginal_wasserstein_max": 0.0014030052543781495,