{
  "real_facts": {
    "kurtosis": 4.60339786339658,
    "return_acf": [
      -0.006129896495456233,
      -0.005410572515444318,
      -0.004850442150800915,
      -0.0036463281274129967,
      -0.005386376919333319,
      -0.0031757095684462507,
      -0.0038579477775226357,
      -0.0039151866634744275,
      -0.005292579737192809,
      -0.003945431906172928,
      -0.004851899003124628,
      -0.0046194163631568036,
      -0.005172885457709455,
      -0.004211124507857456,
      -0.003735645228058452,
      -0.0037680503626371766,
      -0.004010344632969521,
      -0.003202785018342763,
      -0.0032783054102908417,
      -0.004305299142885759
    ],
    "absolute_return_acf": [
      0.08947994314640795,
      0.08706221495064048,
      0.08482332847898004,
      0.08305845971378771,
      0.08067919327684936,
      0.07845742851805035,
      0.07822117883161873,
      0.07314431128699136,
      0.07130771041124338,
      0.07008872915004222,
      0.06696331074490364,
      0.06571267470156224,
      0.06297135471751543,
      0.06143142913263746,
      0.058780572831940825,
      0.05806321182989763,
      0.05548740810128411,
      0.053705708316469335,
      0.05131013846360228,
      0.0498567169204288,
      0.04751329320018901,
      0.04666906945559521,
      0.04433729311956561,
      0.04351708917810179,
      0.040605979435813976,
      0.03982570287915335,
      0.03750091418173794,
      0.035092790865346994,
      0.03401017096821067,
      0.0322637376223491,
      0.030973581918145796,
      0.03080148907385584,
      0.027930149354695358,
      0.027127365950542544,
      0.02524615258377359,
      0.023932512169302107,
      0.02233021877941033,
      0.020586613788424087,
      0.01928397702155667,
      0.01715488076489573,
      0.01650369251883455,
      0.014150051520215104,
      0.013640884493037063,
      0.012754180978707456,
      0.011389362354853725,
      0.007673126877138603,
      0.007936203346543302,
      0.00707422777302266,
      0.006542557740364,
      0.00457947612939156
    ],
    "leverage_correlation": [
      -0.03220236985226149,
      -0.030007698100387906,
      -0.031877264599439036,
      -0.030177338239747133,
      -0.029888435813181728,
      -0.028638150486819166,
      -0.02749954963028258,
      -0.027585348466969264,
      -0.02666613555497109,
      -0.025635656995973862
    ],
    "aggregational_kurtosis": {
      "1": 4.60339786339658,
      "5": 4.586748838947848,
      "21": 4.801096172464452
    },
    "tail_index": 4.278436214587005
  },
  "fake_facts": {
    "kurtosis": 4.079226407611345,
    "return_acf": [
      0.02830231207223494,
      0.006145101860162637,
      0.004736622798920704,
      0.004363402581277859,
      0.004320874019186191,
      0.003795014844980965,
      0.004072053451731295,
      0.002656197819827129,
      0.0024324437278992646,
      0.004156774474183703,
      0.0030763374791105583,
      0.0034501209331740165,
      0.0018655748628000311,
      0.0013036390392893388,
      0.0016022382128884445,
      -0.0003432510904858058,
      0.0022285845196189777,
      0.0010140828725947223,
      0.0009325055917392499,
      0.0007233803764160454
    ],
    "absolute_return_acf": [
      0.07092820089384042,
      0.06839974621116644,
      0.06506790626473659,
      0.06411808956753777,
      0.06162740952828716,
      0.05961949554971033,
      0.05800712406564544,
      0.056856563613604985,
      0.05546860185826847,
      0.05292252226761569,
      0.05260998466865459,
      0.04939735366861624,
      0.04779796873810821,
      0.04742295033970907,
      0.043837352744853834,
      0.04359174407163982,
      0.04032243151373566,
      0.04187179868995512,
      0.039193128662883416,
      0.037648272537787415,
      0.03638003265340555,
      0.03587659239739569,
      0.033257482811142054,
      0.03289233896816784,
      0.030887207219461924,
      0.028607524970662622,
      0.028224017547432624,
      0.02727864895035621,
      0.02504401811223617,
      0.024667411849212867,
      0.024432126994761993,
      0.02463148025599055,
      0.019252267474372482,
      0.019439154919916483,
      0.01756160503665763,
      0.016292247331694786,
      0.016200740908262568,
      0.014028364245682124,
      0.014466702856121241,
      0.013519917172031052,
      0.012609067841446312,
      0.012794048516036619,
      0.009521244671562314,
      0.008353551454511431,
      0.007305118882558673,
      0.006669718232162561,
      0.007329397495151292,
      0.0030454068135615077,
      0.0047249226459436435,
      0.0025468179280776072
    ],
    "leverage_correlation": [
      -0.053579729647751456,
      -0.03516310983965843,
      -0.03339044916089681,
      -0.035530498747900256,
      -0.033453561059861664,
      -0.03275211558412782,
      -0.031411988099551494,
      -0.0289184813515269,
      -0.03062385711415394,
      -0.029900204577539165
    ],
    "aggregational_kurtosis": {
      "1": 4.079226407611345,
      "5": 4.3608247458568945,
      "21": 4.694148258084759
    },
    "tail_index": 4.429617202490809
  },
  "stylized_facts_comparison": {
    "kurtosis_real": 4.60339786339658,
    "kurtosis_fake": 4.079226407611345,
    "kurtosis_abs_diff": 0.5241714557852353,
    "return_acf_l1": 0.008380011871791996,
    "absolute_return_acf_l1": 0.010300078939105877,
    "leverage_correlation_l1": 0.005454604744293469,
    "aggregational_kurtosis_l1": {
      "1": 0.5241714557852353,
      "5": 0.22592409309095363,
      "21": 0.10694791437969275
    },
    "tail_index_real": 4.278436214587005,
    "tail_index_fake": 4.429617202490809,
    "tail_index_abs_diff": 0.1511809879038042
  },
  "distances": {
    "marginal_wasserstein_mean": 0.0019519052468508886,
    "marginal_wasserstein_max": 0.0033982467628774207,