{
  "real_facts": {
    "kurtosis": 4.60339786339658,
    "return_acf": [
      -0.006129896495456233,
      -0.005410572515444318,
      -0.004850442150800915,
      -0.0036463281274129967,
      -0.005386376919333319,
      -0.0031757095684462507,
      -0.0038579477775226357,
      -0.0039151866634744275,
      -0.005292579737192809,
      -0.003945431906172928,
      -0.004851899003124628,
      -0.0046194163631568036,
      -0.005172885457709455,
      -0.004211124507857456,
      -0.003735645228058452,
      -0.0037680503626371766,
      -0.004010344632969521,
      -0.003202785018342763,
      -0.0032783054102908417,
      -0.004305299142885759
    ],
    "absolute_return_acf": [
      0.08947994314640795,
      0.08706221495064048,
      0.08482332847898004,
      0.08305845971378771,
      0.08067919327684936,
      0.07845742851805035,
      0.07822117883161873,
      0.07314431128699136,
      0.07130771041124338,
      0.07008872915004222,
      0.06696331074490364,
      0.06571267470156224,
      0.06297135471751543,
      0.06143142913263746,
      0.058780572831940825,
      0.05806321182989763,
      0.05548740810128411,
      0.053705708316469335,
      0.05131013846360228,
      0.0498567169204288,
      0.04751329320018901,
      0.04666906945559521,
      0.04433729311956561,
      0.04351708917810179,
      0.040605979435813976,
      0.03982570287915335,
      0.03750091418173794,
      0.035092790865346994,
      0.03401017096821067,
      0.0322637376223491,
      0.030973581918145796,
      0.03080148907385584,
      0.027930149354695358,
      0.027127365950542544,
      0.02524615258377359,
      0.023932512169302107,
      0.02233021877941033,
      0.020586613788424087,
      0.01928397702155667,
      0.01715488076489573,
      0.01650369251883455,
      0.014150051520215104,
      0.013640884493037063,
      0.012754180978707456,
      0.011389362354853725,
      0.007673126877138603,
      0.007936203346543302,
      0.00707422777302266,
      0.006542557740364,
      0.00457947612939156
    ],
    "leverage_correlation": [
      -0.03220236985226149,
      -0.030007698100387906,
      -0.031877264599439036,
      -0.030177338239747133,
      -0.029888435813181728,
      -0.028638150486819166,
      -0.02749954963028258,
      -0.027585348466969264,
      -0.02666613555497109,
      -0.025635656995973862
    ],
    "aggregational_kurtosis": {
      "1": 4.60339786339658,
      "5": 4.586748838947848,
      "21": 4.801096172464452
    },
    "tail_index": 4.278436214587005
  },
  "fake_facts": {
    "kurtosis": 4.412341955230736,
    "return_acf": [
      0.025652833255208413,
      0.007845238561106289,
      0.007264244630801614,
      0.006466215933162055,
      0.006123059163625697,
      0.005819556827789667,
      0.0063674849298671005,
      0.0045408344397678,
      0.004556978312017672,
      0.006385558229619948,
      0.00497110927300636,
      0.0053590317922510115,
      0.004139344819625317,
      0.0029141112129282623,
      0.0031907046468784054,
      0.0016041606528680123,
      0.0037958097815411103,
      0.002721222512136411,
      0.0029769815382909696,
      0.0025752678792522266
    ],
    "absolute_return_acf": [
      0.07849180716833373,
      0.07683195313906076,
      0.07318883904912113,
      0.07174322696786059,
      0.06899580003056897,
      0.06727710189062995,
      0.06492092115628421,
      0.06360816927368143,
      0.06256366075175822,
      0.05948136306557585,
      0.05842236294516514,
      0.05557135944422829,
      0.054224593835908295,
      0.05339653025012447,
      0.048722962247302666,
      0.04894887660335948,
      0.04579586312714282,
      0.04623367880348754,
      0.043900508022699694,
      0.04184173882810189,
      0.04055122498161268,
      0.040114366013104315,
      0.03767536795222055,
      0.03694118308173839,
      0.0351996040563091,
      0.032354208413892124,
      0.032391831033879624,
      0.031239558510841214,
      0.028415772198605485,
      0.027998399823352952,
      0.027575747398085822,
      0.02701293590533742,
      0.022427869850424886,
      0.022946368242415725,
      0.02069093357965898,
      0.019411840661166135,
      0.01837090603074448,
      0.01596713222779916,
      0.01674353575671181,
      0.015362138604971591,
      0.014349531328268822,
      0.014351132826036917,
      0.010985442498728928,
      0.00927326159472645,
      0.00813041818656155,
      0.008430891339514924,
      0.008749054705156419,
      0.004386704503726759,
      0.00619678825168293,
      0.0035529076018853568
    ],
    "leverage_correlation": [
      -0.048958147308987746,
      -0.043039669929284936,
      -0.04183930160604007,
      -0.042904697023760464,
      -0.04119089461576767,
      -0.040091160010202624,
      -0.03876881593297011,
      -0.03617131332987769,
      -0.03760245250074652,
      -0.03656157174168565
    ],
    "aggregational_kurtosis": {
      "1": 4.412341955230736,
      "5": 5.253252728904354,
      "21": 7.43627176012859
    },
    "tail_index": 4.337992365595267
  },
  "stylized_facts_comparison": {
    "kurtosis_real": 4.60339786339658,
    "kurtosis_fake": 4.412341955230736,
    "kurtosis_abs_diff": 0.19105590816584428,
    "return_acf_l1": 0.010101798769001701,
    "absolute_return_acf_l1": 0.006222735801233859,
    "leverage_correlation_l1": 0.011695007625929022,
    "aggregational_kurtosis_l1": {
      "1": 0.19105590816584428,
      "5": 0.6665038899565054,
      "21": 2.635175587664138
    },
    "tail_index_real": 4.278436214587005,
    "tail_index_fake": 4.337992365595267,
    "tail_index_abs_diff": 0.059556151008261615
  },
  "distances": {
    "marginal_wasserstein_mean": 0.0013281150837299144,
    "marginal_wasserstein_max": 0.001946131093870576,