{
  "real_facts": {
    "kurtosis": 4.60339786339658,
    "return_acf": [
      -0.006129896495456233,
      -0.005410572515444318,
      -0.004850442150800915,
      -0.0036463281274129967,
      -0.005386376919333319,
      -0.0031757095684462507,
      -0.0038579477775226357,
      -0.0039151866634744275,
      -0.005292579737192809,
      -0.003945431906172928,
      -0.004851899003124628,
      -0.0046194163631568036,
      -0.005172885457709455,
      -0.004211124507857456,
      -0.003735645228058452,
      -0.0037680503626371766,
      -0.004010344632969521,
      -0.003202785018342763,
      -0.0032783054102908417,
      -0.004305299142885759
    ],
    "absolute_return_acf": [
      0.08947994314640795,
      0.08706221495064048,
      0.08482332847898004,
      0.08305845971378771,
      0.08067919327684936,
      0.07845742851805035,
      0.07822117883161873,
      0.07314431128699136,
      0.07130771041124338,
      0.07008872915004222,
      0.06696331074490364,
      0.06571267470156224,
      0.06297135471751543,
      0.06143142913263746,
      0.058780572831940825,
      0.05806321182989763,
      0.05548740810128411,
      0.053705708316469335,
      0.05131013846360228,
      0.0498567169204288,
      0.04751329320018901,
      0.04666906945559521,
      0.04433729311956561,
      0.04351708917810179,
      0.040605979435813976,
      0.03982570287915335,
      0.03750091418173794,
      0.035092790865346994,
      0.03401017096821067,
      0.0322637376223491,
      0.030973581918145796,
      0.03080148907385584,
      0.027930149354695358,
      0.027127365950542544,
      0.02524615258377359,
      0.023932512169302107,
      0.02233021877941033,
      0.020586613788424087,
      0.01928397702155667,
      0.01715488076489573,
      0.01650369251883455,
      0.014150051520215104,
      0.013640884493037063,
      0.012754180978707456,
      0.011389362354853725,
      0.007673126877138603,
      0.007936203346543302,
      0.00707422777302266,
      0.006542557740364,
      0.00457947612939156
    ],
    "leverage_correlation": [
      -0.03220236985226149,
      -0.030007698100387906,
      -0.031877264599439036,
      -0.030177338239747133,
      -0.029888435813181728,
      -0.028638150486819166,
      -0.02749954963028258,
      -0.027585348466969264,
      -0.02666613555497109,
      -0.025635656995973862
    ],
    "aggregational_kurtosis": {
      "1": 4.60339786339658,
      "5": 4.586748838947848,
      "21": 4.801096172464452
    },
    "tail_index": 4.278436214587005
  },
  "fake_facts": {
    "kurtosis": 4.265330974836279,
    "return_acf": [
      -0.0044223757398350085,
      -0.0027094799572346885,
      -0.002687495087954664,
      -0.0033796066028830792,
      -0.003497660366151886,
      -0.0035534903091605356,
      -0.002924549206775737,
      -0.0044580222586987255,
      -0.004249278106009089,
      -0.0022921484079094488,
      -0.0033733923206163466,
      -0.002700905424120861,
      -0.0038612821546562762,
      -0.004827596178566716,
      -0.00421359730904797,
      -0.005893140101098222,
      -0.0031842286683887466,
      -0.004319836999403805,
      -0.003936665318328675,
      -0.004015433874078517
    ],
    "absolute_return_acf": [
      0.08575747868063975,
      0.08565771380778761,
      0.08205199242231352,
      0.08043949917324643,
      0.07731288032811216,
      0.07454332867786072,
      0.07250292680510044,
      0.0708015352622415,
      0.06906673123708523,
      0.06625091513833352,
      0.06435459044075166,
      0.061122690676299864,
      0.06054225422726416,
      0.0584550746796441,
      0.05440648129517144,
      0.05333481839805091,
      0.05081618906630586,
      0.05079591669287857,
      0.04837730403455388,
      0.04601047206509577,
      0.043839717190352165,
      0.04348632023068522,
      0.04086163469932651,
      0.04022022477608241,
      0.037825586173120915,
      0.03526035806397357,
      0.03533792300445939,
      0.03332463813406899,
      0.03056401289599148,
      0.02970725056604623,
      0.02979355910840145,
      0.029099607512539892,
      0.023843859773881287,
      0.023968648628989887,
      0.02127754787030964,
      0.02042611047657304,
      0.019190983339058745,
      0.016489968707876508,
      0.017471434655878616,
      0.016235702412194908,
      0.014707088978505076,
      0.01494199472027413,
      0.010973164978280528,
      0.009564542757480829,
      0.008183943914469952,
      0.007917531287958943,
      0.007961254627809273,
      0.003779102922503443,
      0.0052327095963588185,
      0.0025879477943816704
    ],
    "leverage_correlation": [
      -0.03589898071653723,
      -0.027637763126222438,
      -0.026988226670003314,
      -0.028484821893533272,
      -0.027655510616867572,
      -0.02649455723806364,
      -0.025300515146499933,
      -0.023526034161362026,
      -0.02522324828943609,
      -0.024350739669515318
    ],
    "aggregational_kurtosis": {
      "1": 4.265330974836279,
      "5": 4.272889193381195,
      "21": 4.195207551295033
    },
    "tail_index": 4.429113114363464
  },
  "stylized_facts_comparison": {
    "kurtosis_real": 4.60339786339658,
    "kurtosis_fake": 4.265330974836279,
    "kurtosis_abs_diff": 0.3380668885603013,
    "return_acf_l1": 0.001204856301388263,
    "absolute_return_acf_l1": 0.002899988088906942,
    "leverage_correlation_l1": 0.00260107719405439,
    "aggregational_kurtosis_l1": {
      "1": 0.3380668885603013,
      "5": 0.31385964556665336,
      "21": 0.6058886211694192
    },
    "tail_index_real": 4.278436214587005,
    "tail_index_fake": 4.429113114363464,
    "tail_index_abs_diff": 0.15067689977645848
  },
  "distances": {
    "marginal_wasserstein_mean": 0.0005225393868228137,
    "marginal_wasserstein_max": 0.001421040337130492,