{
  "real_facts": {
    "kurtosis": 4.60339786339658,
    "return_acf": [
      -0.006129896495456233,
      -0.005410572515444318,
      -0.004850442150800915,
      -0.0036463281274129967,
      -0.005386376919333319,
      -0.0031757095684462507,
      -0.0038579477775226357,
      -0.0039151866634744275,
      -0.005292579737192809,
      -0.003945431906172928,
      -0.004851899003124628,
      -0.0046194163631568036,
      -0.005172885457709455,
      -0.004211124507857456,
      -0.003735645228058452,
      -0.0037680503626371766,
      -0.004010344632969521,
      -0.003202785018342763,
      -0.0032783054102908417,
      -0.004305299142885759
    ],
    "absolute_return_acf": [
      0.08947994314640795,
      0.08706221495064048,
      0.08482332847898004,
      0.08305845971378771,
      0.08067919327684936,
      0.07845742851805035,
      0.07822117883161873,
      0.07314431128699136,
      0.07130771041124338,
      0.07008872915004222,
      0.06696331074490364,
      0.06571267470156224,
      0.06297135471751543,
      0.06143142913263746,
      0.058780572831940825,
      0.05806321182989763,
      0.05548740810128411,
      0.053705708316469335,
      0.05131013846360228,
      0.0498567169204288,
      0.04751329320018901,
      0.04666906945559521,
      0.04433729311956561,
      0.04351708917810179,
      0.040605979435813976,
      0.03982570287915335,
      0.03750091418173794,
      0.035092790865346994,
      0.03401017096821067,
      0.0322637376223491,
      0.030973581918145796,
      0.03080148907385584,
      0.027930149354695358,
      0.027127365950542544,
      0.02524615258377359,
      0.023932512169302107,
      0.02233021877941033,
      0.020586613788424087,
      0.01928397702155667,
      0.01715488076489573,
      0.01650369251883455,
      0.014150051520215104,
      0.013640884493037063,
      0.012754180978707456,
      0.011389362354853725,
      0.007673126877138603,
      0.007936203346543302,
      0.00707422777302266,
      0.006542557740364,
      0.00457947612939156
    ],
    "leverage_correlation": [
      -0.03220236985226149,
      -0.030007698100387906,
      -0.031877264599439036,
      -0.030177338239747133,
      -0.029888435813181728,
      -0.028638150486819166,
      -0.02749954963028258,
      -0.027585348466969264,
      -0.02666613555497109,
      -0.025635656995973862
    ],
    "aggregational_kurtosis": {
      "1": 4.60339786339658,
      "5": 4.586748838947848,
      "21": 4.801096172464452
    },
    "tail_index": 4.278436214587005
  },
  "fake_facts": {
    "kurtosis": 2.8526472269248755,
    "return_acf": [
      0.016264802610984008,
      -0.0019179236102658211,
      -0.0038604965827479945,
      -0.0036078868516210504,
      -0.0035559374545119766,
      -0.004477894741143971,
      -0.003989759737054641,
      -0.004781467202183965,
      -0.004962626499126884,
      -0.00300288422786971,
      -0.0030774556271421344,
      -0.002514806197826891,
      -0.00514021125284475,
      -0.005475852408167791,
      -0.004861839088190624,
      -0.005741100623038333,
      -0.003651745548637929,
      -0.00507629723500457,
      -0.0050241113709729385,
      -0.004838686955304322
    ],
    "absolute_return_acf": [
      0.20283635458390523,
      0.19079497751253327,
      0.18367784147353566,
      0.17916519624870197,
      0.17328606014825654,
      0.16580891602319306,
      0.16151364710352895,
      0.15722940460032556,
      0.15170305104409232,
      0.14655276169072828,
      0.1422687107553568,
      0.13615176623788672,
      0.13169135630580892,
      0.12793311516038225,
      0.12208351076800611,
      0.1176154978570274,
      0.1122731025916663,
      0.110950192444658,
      0.1051567014522278,
      0.10154845704193366,
      0.09768513607972643,
      0.0937055028296862,
      0.08904487877085461,
      0.08641174455094676,
      0.08098960061395102,
      0.0772488052253936,
      0.07320486681832813,
      0.07023602594002323,
      0.06662948745659758,
      0.06285704706400176,
      0.06051883786765658,
      0.05862370633167483,
      0.052597499491866394,
      0.04908829907901105,
      0.045345340421767306,
      0.04192866248845881,
      0.04043082833393196,
      0.03772583839491035,
      0.03522954703768958,
      0.03271578350792743,
      0.02974710788152047,
      0.027374359712159464,
      0.02373010743443946,
      0.02087068138041472,
      0.018738076301790245,
      0.015445128584892276,
      0.01342233150100721,
      0.009871943097579517,
      0.007988491359221708,
      0.0048347315197124294
    ],
    "leverage_correlation": [
      -0.09899224263559388,
      -0.027699500566063306,
      -0.024669110084859953,
      -0.026029303424350725,
      -0.024887039468450334,
      -0.024737485662996526,
      -0.02300279536801973,
      -0.021151599109067335,
      -0.02344751639047854,
      -0.02203669195923023
    ],
    "aggregational_kurtosis": {
      "1": 2.8526472269248755,
      "5": 4.160890194895269,
      "21": 4.312689252195325
    },
    "tail_index": 8.287042890008125
  },
  "stylized_facts_comparison": {
    "kurtosis_real": 4.60339786339658,
    "kurtosis_fake": 2.8526472269248755,
    "kurtosis_abs_diff": 1.7507506364717047,
    "return_acf_l1": 0.002255297887435409,
    "absolute_return_acf_l1": 0.04429858497106538,
    "leverage_correlation_l1": 0.010710440863758747,
    "aggregational_kurtosis_l1": {
      "1": 1.7507506364717047,
      "5": 0.4258586440525791,
      "21": 0.488406920269127
    },
    "tail_index_real": 4.278436214587005,
    "tail_index_fake": 8.287042890008125,
    "tail_index_abs_diff": 4.00860667542112
  },
  "distances": {
    "marginal_wasserstein_mean": 0.0010834332866373995,
    "marginal_wasserstein_max": 0.0013975735067036847,