{
  "real_facts": {
    "kurtosis": 4.60339786339658,
    "return_acf": [
      -0.006129896495456233,
      -0.005410572515444318,
      -0.004850442150800915,
      -0.0036463281274129967,
      -0.005386376919333319,
      -0.0031757095684462507,
      -0.0038579477775226357,
      -0.0039151866634744275,
      -0.005292579737192809,
      -0.003945431906172928,
      -0.004851899003124628,
      -0.0046194163631568036,
      -0.005172885457709455,
      -0.004211124507857456,
      -0.003735645228058452,
      -0.0037680503626371766,
      -0.004010344632969521,
      -0.003202785018342763,
      -0.0032783054102908417,
      -0.004305299142885759
    ],
    "absolute_return_acf": [
      0.08947994314640795,
      0.08706221495064048,
      0.08482332847898004,
      0.08305845971378771,
      0.08067919327684936,
      0.07845742851805035,
      0.07822117883161873,
      0.07314431128699136,
      0.07130771041124338,
      0.07008872915004222,
      0.06696331074490364,
      0.06571267470156224,
      0.06297135471751543,
      0.06143142913263746,
      0.058780572831940825,
      0.05806321182989763,
      0.05548740810128411,
      0.053705708316469335,
      0.05131013846360228,
      0.0498567169204288,
      0.04751329320018901,
      0.04666906945559521,
      0.04433729311956561,
      0.04351708917810179,
      0.040605979435813976,
      0.03982570287915335,
      0.03750091418173794,
      0.035092790865346994,
      0.03401017096821067,
      0.0322637376223491,
      0.030973581918145796,
      0.03080148907385584,
      0.027930149354695358,
      0.027127365950542544,
      0.02524615258377359,
      0.023932512169302107,
      0.02233021877941033,
      0.020586613788424087,
      0.01928397702155667,
      0.01715488076489573,
      0.01650369251883455,
      0.014150051520215104,
      0.013640884493037063,
      0.012754180978707456,
      0.011389362354853725,
      0.007673126877138603,
      0.007936203346543302,
      0.00707422777302266,
      0.006542557740364,
      0.00457947612939156
    ],
    "leverage_correlation": [
      -0.03220236985226149,
      -0.030007698100387906,
      -0.031877264599439036,
      -0.030177338239747133,
      -0.029888435813181728,
      -0.028638150486819166,
      -0.02749954963028258,
      -0.027585348466969264,
      -0.02666613555497109,
      -0.025635656995973862
    ],
    "aggregational_kurtosis": {
      "1": 4.60339786339658,
      "5": 4.586748838947848,
      "21": 4.801096172464452
    },
    "tail_index": 4.278436214587005
  },
  "fake_facts": {
    "kurtosis": 3.7511702830890012,
    "return_acf": [
      -0.0006267162239434736,
      -0.004555059691721842,
      -0.005104077664227089,
      -0.0035931478242973093,
      -0.0036461478531401134,
      -0.005367837077458936,
      -0.0028391101070681267,
      -0.006021733790618818,
      -0.005458512180987498,
      -0.005410320876959527,
      -0.004243911028960474,
      -0.005436464853730291,
      -0.006679326334939968,
      -0.004204540356946798,
      -0.005218632035786485,
      -0.0051359205693601315,
      -0.004061215370483547,
      -0.005823184095870253,
      -0.0033166940242304703,
      -0.0050752421446175755
    ],
    "absolute_return_acf": [
      0.04847131866688946,
      0.045409046421711056,
      0.04606439924336117,
      0.043315841156894595,
      0.04338882417227116,
      0.040827597938576245,
      0.039584307840975275,
      0.0378294833434382,
      0.03676508613061039,
      0.03728436193093128,
      0.03449378355991368,
      0.03341316470426067,
      0.0312708830099055,
      0.03151152975523492,
      0.02952741085155048,
      0.029187678986527923,
      0.02865151494615755,
      0.027452882072851792,
      0.026705862308612213,
      0.025651155531013183,
      0.024682968986390472,
      0.022890187439602378,
      0.022186815908536144,
      0.01969255619941424,
      0.019466803731066948,
      0.020517614574448655,
      0.016736393933508533,
      0.01666741314521002,
      0.015572754580506717,
      0.014538035311821849,
      0.013846053208165765,
      0.013504697219247271,
      0.010893785939821717,
      0.011519695643191519,
      0.009873755231977652,
      0.008924875715814328,
      0.008611168782799192,
      0.00925346237844491,
      0.007447333226688741,
      0.00576993089477619,
      0.0054593114104831714,
      0.0051656213469928125,
      0.003933914091965764,
      0.002552610657089459,
      0.002902642151382044,
      0.004568887321571168,
      0.0003461267819979446,
      -0.00019279175779214416,
      -0.0004794597360727204,
      0.0003225029822660647
    ],
    "leverage_correlation": [
      -0.024676981195715895,
      -0.02056986159127774,
      -0.020828590793149204,
      -0.02219953839034069,
      -0.019778481744305673,
      -0.019668907207326333,
      -0.02071467770350488,
      -0.018391923101035258,
      -0.018133094026520042,
      -0.018421270436823362
    ],
    "aggregational_kurtosis": {
      "1": 3.7511702830890012,
      "5": 3.7532596262595486,
      "21": 3.751187538350792
    },
    "tail_index": 4.84647743643301
  },
  "stylized_facts_comparison": {
    "kurtosis_real": 4.60339786339658,
    "kurtosis_fake": 3.7511702830890012,
    "kurtosis_abs_diff": 0.852227580307579,
    "return_acf_l1": 0.0012311295818602966,
    "absolute_return_acf_l1": 0.021911399393892476,
    "leverage_correlation_l1": 0.008679462155003417,
    "aggregational_kurtosis_l1": {
      "1": 0.852227580307579,
      "5": 0.8334892126882996,
      "21": 1.0499086341136596
    },
    "tail_index_real": 4.278436214587005,
    "tail_index_fake": 4.84647743643301,
    "tail_index_abs_diff": 0.5680412218460047
  },
  "distances": {
    "marginal_wasserstein_mean": 0.0006445652458914883,
    "marginal_wasserstein_max": 0.0010077080295794812,