{
  "real_facts": {
    "kurtosis": 4.60339786339658,
    "return_acf": [
      -0.006129896495456233,
      -0.005410572515444318,
      -0.004850442150800915,
      -0.0036463281274129967,
      -0.005386376919333319,
      -0.0031757095684462507,
      -0.0038579477775226357,
      -0.0039151866634744275,
      -0.005292579737192809,
      -0.003945431906172928,
      -0.004851899003124628,
      -0.0046194163631568036,
      -0.005172885457709455,
      -0.004211124507857456,
      -0.003735645228058452,
      -0.0037680503626371766,
      -0.004010344632969521,
      -0.003202785018342763,
      -0.0032783054102908417,
      -0.004305299142885759
    ],
    "absolute_return_acf": [
      0.08947994314640795,
      0.08706221495064048,
      0.08482332847898004,
      0.08305845971378771,
      0.08067919327684936,
      0.07845742851805035,
      0.07822117883161873,
      0.07314431128699136,
      0.07130771041124338,
      0.07008872915004222,
      0.06696331074490364,
      0.06571267470156224,
      0.06297135471751543,
      0.06143142913263746,
      0.058780572831940825,
      0.05806321182989763,
      0.05548740810128411,
      0.053705708316469335,
      0.05131013846360228,
      0.0498567169204288,
      0.04751329320018901,
      0.04666906945559521,
      0.04433729311956561,
      0.04351708917810179,
      0.040605979435813976,
      0.03982570287915335,
      0.03750091418173794,
      0.035092790865346994,
      0.03401017096821067,
      0.0322637376223491,
      0.030973581918145796,
      0.03080148907385584,
      0.027930149354695358,
      0.027127365950542544,
      0.02524615258377359,
      0.023932512169302107,
      0.02233021877941033,
      0.020586613788424087,
      0.01928397702155667,
      0.01715488076489573,
      0.01650369251883455,
      0.014150051520215104,
      0.013640884493037063,
      0.012754180978707456,
      0.011389362354853725,
      0.007673126877138603,
      0.007936203346543302,
      0.00707422777302266,
      0.006542557740364,
      0.00457947612939156
    ],
    "leverage_correlation": [
      -0.03220236985226149,
      -0.030007698100387906,
      -0.031877264599439036,
      -0.030177338239747133,
      -0.029888435813181728,
      -0.028638150486819166,
      -0.02749954963028258,
      -0.027585348466969264,
      -0.02666613555497109,
      -0.025635656995973862
    ],
    "aggregational_kurtosis": {
      "1": 4.60339786339658,
      "5": 4.586748838947848,
      "21": 4.801096172464452
    },
    "tail_index": 4.278436214587005
  },
  "fake_facts": {
    "kurtosis": 3.751170281402876,
    "return_acf": [
      -0.0006267162495631279,
      -0.0045550597242175975,
      -0.0051040777025536015,
      -0.003593147739754297,
      -0.0036461478541355992,
      -0.005367837080669192,
      -0.0028391100913593794,
      -0.00602173378552565,
      -0.00545851217849289,
      -0.005410320903173629,
      -0.004243910977811479,
      -0.005436464824277173,
      -0.006679326358053136,
      -0.0042045403682638505,
      -0.005218632031722567,
      -0.005135920573947486,
      -0.004061215354799468,
      -0.005823184052419776,
      -0.0033166940551726653,
      -0.005075242127829898
    ],
    "absolute_return_acf": [
      0.04762948323734325,
      0.04458722330400675,
      0.0452456165276482,
      0.04256374961257223,
      0.04274848292140453,
      0.04008192342832218,
      0.03894807299985266,
      0.03725536401891304,
      0.03614348153355909,
      0.036699802536742064,
      0.0338746357939231,
      0.0327727898489749,
      0.030767002960403318,
      0.030998611116815476,
      0.029125192749096328,
      0.028759086441962744,
      0.02817172871731943,
      0.026957839876044942,
      0.026345247186644202,
      0.02529943913689934,
      0.02418987918122919,
      0.022533748675734065,
      0.02189520326520716,
      0.019239656445800106,
      0.019232932260949433,
      0.020371317446151723,
      0.016351895448986294,
      0.016409533019657415,
      0.015324005598100389,
      0.014276512098808357,
      0.013549356685863878,
      0.01335991365110432,
      0.010569365028252441,
      0.011217288380195818,
      0.009623141241084097,
      0.008647005711071479,
      0.008470838426390112,
      0.008992394727026268,
      0.007184061030433628,
      0.005628308172286119,
      0.005273153453364676,
      0.00519801049207357,
      0.0038501456745760505,
      0.0026495997297377744,
      0.0027227331647502093,
      0.0044069474877741766,
      0.00033763621224902043,
      -0.0001951510618087849,
      -0.00041752744548088645,
      0.00040568994609020947
    ],
    "leverage_correlation": [
      -0.024730406190892194,
      -0.020769717331028135,
      -0.02105463626679548,
      -0.022361719107154863,
      -0.019964338872832377,
      -0.019928866899757567,
      -0.020845325156113124,
      -0.018663107125126255,
      -0.01838433727904871,
      -0.01864962916730829
    ],
    "aggregational_kurtosis": {
      "1": 3.751170281402876,
      "5": 3.7532596272675978,
      "21": 3.751187538918816
    },
    "tail_index": 4.851708348632358
  },
  "stylized_facts_comparison": {
    "kurtosis_real": 4.60339786339658,
    "kurtosis_fake": 3.751170281402876,
    "kurtosis_abs_diff": 0.8522275819937044,
    "return_acf_l1": 0.0012311295863772645,
    "absolute_return_acf_l1": 0.022265588029430416,
    "leverage_correlation_l1": 0.008482586434397626,
    "aggregational_kurtosis_l1": {
      "1": 0.8522275819937044,
      "5": 0.8334892116802504,
      "21": 1.0499086335456358
    },
    "tail_index_real": 4.278436214587005,
    "tail_index_fake": 4.851708348632358,
    "tail_index_abs_diff": 0.5732721340453528
  },
  "distances": {
    "marginal_wasserstein_mean": 0.002042765898568917,
    "marginal_wasserstein_max": 0.002549353793095355,