{
  "real_facts": {
    "kurtosis": 4.60339786339658,
    "return_acf": [
      -0.006129896495456233,
      -0.005410572515444318,
      -0.004850442150800915,
      -0.0036463281274129967,
      -0.005386376919333319,
      -0.0031757095684462507,
      -0.0038579477775226357,
      -0.0039151866634744275,
      -0.005292579737192809,
      -0.003945431906172928,
      -0.004851899003124628,
      -0.0046194163631568036,
      -0.005172885457709455,
      -0.004211124507857456,
      -0.003735645228058452,
      -0.0037680503626371766,
      -0.004010344632969521,
      -0.003202785018342763,
      -0.0032783054102908417,
      -0.004305299142885759
    ],
    "absolute_return_acf": [
      0.08947994314640795,
      0.08706221495064048,
      0.08482332847898004,
      0.08305845971378771,
      0.08067919327684936,
      0.07845742851805035,
      0.07822117883161873,
      0.07314431128699136,
      0.07130771041124338,
      0.07008872915004222,
      0.06696331074490364,
      0.06571267470156224,
      0.06297135471751543,
      0.06143142913263746,
      0.058780572831940825,
      0.05806321182989763,
      0.05548740810128411,
      0.053705708316469335,
      0.05131013846360228,
      0.0498567169204288,
      0.04751329320018901,
      0.04666906945559521,
      0.04433729311956561,
      0.04351708917810179,
      0.040605979435813976,
      0.03982570287915335,
      0.03750091418173794,
      0.035092790865346994,
      0.03401017096821067,
      0.0322637376223491,
      0.030973581918145796,
      0.03080148907385584,
      0.027930149354695358,
      0.027127365950542544,
      0.02524615258377359,
      0.023932512169302107,
      0.02233021877941033,
      0.020586613788424087,
      0.01928397702155667,
      0.01715488076489573,
      0.01650369251883455,
      0.014150051520215104,
      0.013640884493037063,
      0.012754180978707456,
      0.011389362354853725,
      0.007673126877138603,
      0.007936203346543302,
      0.00707422777302266,
      0.006542557740364,
      0.00457947612939156
    ],
    "leverage_correlation": [
      -0.03220236985226149,
      -0.030007698100387906,
      -0.031877264599439036,
      -0.030177338239747133,
      -0.029888435813181728,
      -0.028638150486819166,
      -0.02749954963028258,
      -0.027585348466969264,
      -0.02666613555497109,
      -0.025635656995973862
    ],
    "aggregational_kurtosis": {
      "1": 4.60339786339658,
      "5": 4.586748838947848,
      "21": 4.801096172464452
    },
    "tail_index": 4.278436214587005
  },
  "fake_facts": {
    "kurtosis": 3.882785995457892,
    "return_acf": [
      -0.003116464325606882,
      -0.00395030510530436,
      -0.004139217887607776,
      -0.006305877381260695,
      -0.004550484553225727,
      -0.0035884839608078395,
      -0.005677210475040283,
      -0.004240230884197708,
      -0.004471555660404509,
      -0.0047093502129168735,
      -0.004996714742392995,
      -0.005121955634260188,
      -0.00502561899928779,
      -0.0039963625982621,
      -0.004999599624098477,
      -0.0038376645217547307,
      -0.004758383698120031,
      -0.004783061208974803,
      -0.0042526186801522745,
      -0.004180773519721017
    ],
    "absolute_return_acf": [
      0.06458785594503012,
      0.06157382733004848,
      0.05853867754518459,
      0.05796103979151179,
      0.055554859301528085,
      0.05480408309359862,
      0.05334945191408716,
      0.051050972071558655,
      0.048253784212813025,
      0.047394749476837465,
      0.046946025121248215,
      0.04348132861876615,
      0.0418241927723605,
      0.04160360536493126,
      0.03965721555088975,
      0.03822702031456837,
      0.03778873073855919,
      0.03483313756342427,
      0.03337608922063594,
      0.03260249297635801,
      0.031712932875242364,
      0.029318956844688403,
      0.02674648607631546,
      0.027503601684593235,
      0.025525646874631512,
      0.024040451530809193,
      0.021603578801049426,
      0.020846472135813948,
      0.02149199896377534,
      0.019297516125604413,
      0.01803243095459137,
      0.016397328543351297,
      0.015113844839380107,
      0.014020873978303521,
      0.012851202713464599,
      0.01251619566844735,
      0.011072765086035437,
      0.010373823624178538,
      0.008478861276235072,
      0.00715658224348536,
      0.007056997478033513,
      0.006745645816244677,
      0.005017087624027989,
      0.004627789684814208,
      0.005334339192120577,
      0.0027185010581833305,
      0.001655344363010428,
      0.0014152364313445873,
      -0.00238640357360472,
      -0.002039814764390753
    ],
    "leverage_correlation": [
      -0.025980985274085815,
      -0.025302378887884124,
      -0.025163692907268498,
      -0.024727095210503394,
      -0.02398235981984908,
      -0.022888673023334003,
      -0.023856683534882538,
      -0.023879389316492514,
      -0.021521039384753898,
      -0.020625059281874605
    ],
    "aggregational_kurtosis": {
      "1": 3.882785995457892,
      "5": 3.887134500468197,
      "21": 3.8756757832509323
    },
    "tail_index": 4.784835008548743
  },
  "stylized_facts_comparison": {
    "kurtosis_real": 4.60339786339658,
    "kurtosis_fake": 3.882785995457892,
    "kurtosis_abs_diff": 0.7206118679386884,
    "return_acf_l1": 0.0009296247619813788,
    "absolute_return_acf_l1": 0.015637927129878153,
    "leverage_correlation_l1": 0.005225059109910479,
    "aggregational_kurtosis_l1": {
      "1": 0.7206118679386884,
      "5": 0.6996143384796509,
      "21": 0.9254203892135195
    },
    "tail_index_real": 4.278436214587005,
    "tail_index_fake": 4.784835008548743,
    "tail_index_abs_diff": 0.506398793961738
  },
  "distances": {
    "marginal_wasserstein_mean": 0.0020132237883400675,
    "marginal_wasserstein_max": 0.002777034741024073,