{
  "real_facts": {
    "kurtosis": 4.60339786339658,
    "return_acf": [
      -0.006129896495456233,
      -0.005410572515444318,
      -0.004850442150800915,
      -0.0036463281274129967,
      -0.005386376919333319,
      -0.0031757095684462507,
      -0.0038579477775226357,
      -0.0039151866634744275,
      -0.005292579737192809,
      -0.003945431906172928,
      -0.004851899003124628,
      -0.0046194163631568036,
      -0.005172885457709455,
      -0.004211124507857456,
      -0.003735645228058452,
      -0.0037680503626371766,
      -0.004010344632969521,
      -0.003202785018342763,
      -0.0032783054102908417,
      -0.004305299142885759
    ],
    "absolute_return_acf": [
      0.08947994314640795,
      0.08706221495064048,
      0.08482332847898004,
      0.08305845971378771,
      0.08067919327684936,
      0.07845742851805035,
      0.07822117883161873,
      0.07314431128699136,
      0.07130771041124338,
      0.07008872915004222,
      0.06696331074490364,
      0.06571267470156224,
      0.06297135471751543,
      0.06143142913263746,
      0.058780572831940825,
      0.05806321182989763,
      0.05548740810128411,
      0.053705708316469335,
      0.05131013846360228,
      0.0498567169204288,
      0.04751329320018901,
      0.04666906945559521,
      0.04433729311956561,
      0.04351708917810179,
      0.040605979435813976,
      0.03982570287915335,
      0.03750091418173794,
      0.035092790865346994,
      0.03401017096821067,
      0.0322637376223491,
      0.030973581918145796,
      0.03080148907385584,
      0.027930149354695358,
      0.027127365950542544,
      0.02524615258377359,
      0.023932512169302107,
      0.02233021877941033,
      0.020586613788424087,
      0.01928397702155667,
      0.01715488076489573,
      0.01650369251883455,
      0.014150051520215104,
      0.013640884493037063,
      0.012754180978707456,
      0.011389362354853725,
      0.007673126877138603,
      0.007936203346543302,
      0.00707422777302266,
      0.006542557740364,
      0.00457947612939156
    ],
    "leverage_correlation": [
      -0.03220236985226149,
      -0.030007698100387906,
      -0.031877264599439036,
      -0.030177338239747133,
      -0.029888435813181728,
      -0.028638150486819166,
      -0.02749954963028258,
      -0.027585348466969264,
      -0.02666613555497109,
      -0.025635656995973862
    ],
    "aggregational_kurtosis": {
      "1": 4.60339786339658,
      "5": 4.586748838947848,
      "21": 4.801096172464452
    },
    "tail_index": 4.278436214587005
  },
  "fake_facts": {
    "kurtosis": 5.302363605415503,
    "return_acf": [
      2.1658769172671883e-05,
      0.005898468983597823,
      -0.004795147615505975,
      -0.009382549420360035,
      -0.007563489202233086,
      -0.0001675937420323906,
      -0.000561302892336438,
      -0.011039559253604956,
      -0.004069904838031521,
      -0.004850900328441211,
      -0.0027221873703391596,
      -0.011875133794661446,
      0.0009733235347862046,
      -0.0015129185698416322,
      -0.0013298722019101019,
      -0.012207273966474306,
      -0.0013583898556760311,
      0.0010848249424107715,
      -0.008161956453928644,
      0.0031629825789172158
    ],
    "absolute_return_acf": [
      0.08849807121592243,
      0.08658976773109638,
      0.08493186551999984,
      0.08140280571998872,
      0.08142696325185396,
      0.07732081214018739,
      0.07965895780473423,
      0.07260503575754014,
      0.07346079822027986,
      0.06679745660016219,
      0.0670850302916752,
      0.0713115040415773,
      0.06598994076994637,
      0.06290170194947771,
      0.061773664804877525,
      0.05474982503555558,
      0.05978414313243268,
      0.0555251455961102,
      0.0547713514467384,
      0.05777136614666787,
      0.050021254414526525,
      0.04657100046439705,
      0.04850349863540926,
      0.05237035695028576,
      0.04284834953317184,
      0.03998805560415137,
      0.038934361690003166,
      0.044516836555758894,
      0.035437546443821674,
      0.03373263467754363,
      0.035868012272018954,
      0.04540365731336597,
      0.03100944820518257,
      0.026344927460568993,
      0.024819673159702897,
      0.031589177556190985,
      0.023557370789824738,
      0.02274125004963883,
      0.0247249843139651,
      0.025929746806674155,
      0.02344245633877296,
      0.019218981874117982,
      0.02074463381813626,
      0.02483152548264275,
      0.016339169103694234,
      0.01446766319541529,
      0.014290032105525284,
      0.018022831286626434,
      0.011833975317096975,
      0.006775715065569509
    ],
    "leverage_correlation": [
      -0.041022493952203504,
      -0.0360617707427878,
      -0.03348296853672888,
      -0.02797334857371061,
      -0.03378876284183324,
      -0.029423240063143407,
      -0.027745700314118084,
      -0.026822511567550316,
      -0.029844389301927485,
      -0.030974786334244702
    ],
    "aggregational_kurtosis": {
      "1": 5.302363605415503,
      "5": 4.811599969242733,
      "21": 5.176723740641791
    },
    "tail_index": 4.123575452720491
  },
  "stylized_facts_comparison": {
    "kurtosis_real": 4.60339786339658,
    "kurtosis_fake": 5.302363605415503,
    "kurtosis_abs_diff": 0.698965742018923,
    "return_acf_l1": 0.004467641981312391,
    "absolute_return_acf_l1": 0.0039015717338842302,
    "leverage_correlation_l1": 0.0032895677619125723,
    "aggregational_kurtosis_l1": {
      "1": 0.698965742018923,
      "5": 0.22485113029488524,
      "21": 0.37562756817733955
    },
    "tail_index_real": 4.278436214587005,
    "tail_index_fake": 4.123575452720491,
    "tail_index_abs_diff": 0.1548607618665141
  },
  "distances": {
    "marginal_wasserstein_mean": 0.0004045912766301806,
    "marginal_wasserstein_max": 0.0011399193238207659,