{
  "real_facts": {
    "kurtosis": 4.60339786339658,
    "return_acf": [
      -0.006129896495456233,
      -0.005410572515444318,
      -0.004850442150800915,
      -0.0036463281274129967,
      -0.005386376919333319,
      -0.0031757095684462507,
      -0.0038579477775226357,
      -0.0039151866634744275,
      -0.005292579737192809,
      -0.003945431906172928,
      -0.004851899003124628,
      -0.0046194163631568036,
      -0.005172885457709455,
      -0.004211124507857456,
      -0.003735645228058452,
      -0.0037680503626371766,
      -0.004010344632969521,
      -0.003202785018342763,
      -0.0032783054102908417,
      -0.004305299142885759
    ],
    "absolute_return_acf": [
      0.08947994314640795,
      0.08706221495064048,
      0.08482332847898004,
      0.08305845971378771,
      0.08067919327684936,
      0.07845742851805035,
      0.07822117883161873,
      0.07314431128699136,
      0.07130771041124338,
      0.07008872915004222,
      0.06696331074490364,
      0.06571267470156224,
      0.06297135471751543,
      0.06143142913263746,
      0.058780572831940825,
      0.05806321182989763,
      0.05548740810128411,
      0.053705708316469335,
      0.05131013846360228,
      0.0498567169204288,
      0.04751329320018901,
      0.04666906945559521,
      0.04433729311956561,
      0.04351708917810179,
      0.040605979435813976,
      0.03982570287915335,
      0.03750091418173794,
      0.035092790865346994,
      0.03401017096821067,
      0.0322637376223491,
      0.030973581918145796,
      0.03080148907385584,
      0.027930149354695358,
      0.027127365950542544,
      0.02524615258377359,
      0.023932512169302107,
      0.02233021877941033,
      0.020586613788424087,
      0.01928397702155667,
      0.01715488076489573,
      0.01650369251883455,
      0.014150051520215104,
      0.013640884493037063,
      0.012754180978707456,
      0.011389362354853725,
      0.007673126877138603,
      0.007936203346543302,
      0.00707422777302266,
      0.006542557740364,
      0.00457947612939156
    ],
    "leverage_correlation": [
      -0.03220236985226149,
      -0.030007698100387906,
      -0.031877264599439036,
      -0.030177338239747133,
      -0.029888435813181728,
      -0.028638150486819166,
      -0.02749954963028258,
      -0.027585348466969264,
      -0.02666613555497109,
      -0.025635656995973862
    ],
    "aggregational_kurtosis": {
      "1": 4.60339786339658,
      "5": 4.586748838947848,
      "21": 4.801096172464452
    },
    "tail_index": 4.278436214587005
  },
  "fake_facts": {
    "kurtosis": 4.476385648300697,
    "return_acf": [
      -0.0035983328931644748,
      -0.0035001595297632178,
      -0.0035309910017794948,
      -0.0060136382242897204,
      -0.0041820053563078295,
      -0.003223951471068493,
      -0.005384932714621829,
      -0.0040105665083776205,
      -0.0039881215218373215,
      -0.004313944790360193,
      -0.0045915762828617635,
      -0.004870443659032332,
      -0.004741077150669186,
      -0.0037682362457511537,
      -0.004820315164028935,
      -0.0034577983724491668,
      -0.004778517345547516,
      -0.004695617228226255,
      -0.004084617048030881,
      -0.004194498147233326
    ],
    "absolute_return_acf": [
      0.10115791294896939,
      0.09720092705895211,
      0.09356266510419409,
      0.09213594561962102,
      0.08883449407984968,
      0.08746854883669554,
      0.08524232585220672,
      0.082060349055047,
      0.0786642580889645,
      0.07697479449975689,
      0.07584892903451658,
      0.071719129115264,
      0.06913456436252365,
      0.06825685625335491,
      0.0656413407136338,
      0.06350116297529278,
      0.06205647401186946,
      0.05881827214700452,
      0.05656349891145094,
      0.055175568408153526,
      0.05361684543500925,
      0.05060043958025325,
      0.047285444693085626,
      0.047567560474379385,
      0.04477898523858892,
      0.0426322454971437,
      0.039545181073319086,
      0.03830800155248064,
      0.03810400828012923,
      0.03550210368312073,
      0.0333818844042871,
      0.03130639180866366,
      0.029375269183933732,
      0.027587879660253656,
      0.02605551500366047,
      0.024916573325696727,
      0.022976791616119555,
      0.021730404585756792,
      0.01928448159742879,
      0.017492156166918578,
      0.016568560546295734,
      0.015823969706528856,
      0.013741906273674323,
      0.012642551370107512,
      0.012879460168019326,
      0.009980343245857892,
      0.008303080670403019,
      0.007527063957588988,
      0.0033538682366292213,
      0.003101864453619679
    ],
    "leverage_correlation": [
      -0.025992556524108756,
      -0.027082874924352348,
      -0.02699650541866411,
      -0.02687917307106776,
      -0.025925944580051315,
      -0.025009869129120964,
      -0.02622422076643479,
      -0.026044093466820028,
      -0.02369445671680382,
      -0.023113979635084894
    ],
    "aggregational_kurtosis": {
      "1": 4.476385648300697,
      "5": 4.547458576728617,
      "21": 4.538954582978273
    },
    "tail_index": 4.386981357665531
  },
  "stylized_facts_comparison": {
    "kurtosis_real": 4.60339786339658,
    "kurtosis_fake": 4.476385648300697,
    "kurtosis_abs_diff": 0.127012215095883,
    "return_acf_l1": 0.0009317886624180644,
    "absolute_return_acf_l1": 0.004119858811497214,
    "leverage_correlation_l1": 0.003321427350752447,
    "aggregational_kurtosis_l1": {
      "1": 0.127012215095883,
      "5": 0.03929026221923149,
      "21": 0.2621415894861787
    },
    "tail_index_real": 4.278436214587005,
    "tail_index_fake": 4.386981357665531,
    "tail_index_abs_diff": 0.10854514307852625
  },
  "distances": {
    "marginal_wasserstein_mean": 0.0012409311355598663,
    "marginal_wasserstein_max": 0.002009384373699032,