{
  "real_facts": {
    "kurtosis": 4.60339786339658,
    "return_acf": [
      -0.006129896495456233,
      -0.005410572515444318,
      -0.004850442150800915,
      -0.0036463281274129967,
      -0.005386376919333319,
      -0.0031757095684462507,
      -0.0038579477775226357,
      -0.0039151866634744275,
      -0.005292579737192809,
      -0.003945431906172928,
      -0.004851899003124628,
      -0.0046194163631568036,
      -0.005172885457709455,
      -0.004211124507857456,
      -0.003735645228058452,
      -0.0037680503626371766,
      -0.004010344632969521,
      -0.003202785018342763,
      -0.0032783054102908417,
      -0.004305299142885759
    ],
    "absolute_return_acf": [
      0.08947994314640795,
      0.08706221495064048,
      0.08482332847898004,
      0.08305845971378771,
      0.08067919327684936,
      0.07845742851805035,
      0.07822117883161873,
      0.07314431128699136,
      0.07130771041124338,
      0.07008872915004222,
      0.06696331074490364,
      0.06571267470156224,
      0.06297135471751543,
      0.06143142913263746,
      0.058780572831940825,
      0.05806321182989763,
      0.05548740810128411,
      0.053705708316469335,
      0.05131013846360228,
      0.0498567169204288,
      0.04751329320018901,
      0.04666906945559521,
      0.04433729311956561,
      0.04351708917810179,
      0.040605979435813976,
      0.03982570287915335,
      0.03750091418173794,
      0.035092790865346994,
      0.03401017096821067,
      0.0322637376223491,
      0.030973581918145796,
      0.03080148907385584,
      0.027930149354695358,
      0.027127365950542544,
      0.02524615258377359,
      0.023932512169302107,
      0.02233021877941033,
      0.020586613788424087,
      0.01928397702155667,
      0.01715488076489573,
      0.01650369251883455,
      0.014150051520215104,
      0.013640884493037063,
      0.012754180978707456,
      0.011389362354853725,
      0.007673126877138603,
      0.007936203346543302,
      0.00707422777302266,
      0.006542557740364,
      0.00457947612939156
    ],
    "leverage_correlation": [
      -0.03220236985226149,
      -0.030007698100387906,
      -0.031877264599439036,
      -0.030177338239747133,
      -0.029888435813181728,
      -0.028638150486819166,
      -0.02749954963028258,
      -0.027585348466969264,
      -0.02666613555497109,
      -0.025635656995973862
    ],
    "aggregational_kurtosis": {
      "1": 4.60339786339658,
      "5": 4.586748838947848,
      "21": 4.801096172464452
    },
    "tail_index": 4.278436214587005
  },
  "fake_facts": {
    "kurtosis": 3.5159639452183113,
    "return_acf": [
      -0.0059307004588683085,
      -0.004232927904757363,
      -0.004600564581805305,
      -0.006554164682669165,
      -0.004793005103636182,
      -0.0040178703169027885,
      -0.006011687945156914,
      -0.004583601518902286,
      -0.005044989588554279,
      -0.005242145655063638,
      -0.005693102316182949,
      -0.005569816405886401,
      -0.005483296157815202,
      -0.004297005770885063,
      -0.005484803762432176,
      -0.004619296597064347,
      -0.0050561992243564466,
      -0.005266495436802654,
      -0.004514298555362295,
      -0.004313985148341836
    ],
    "absolute_return_acf": [
      0.039970560055328584,
      0.037946164529586664,
      0.03513995038559349,
      0.0353252285365924,
      0.03337607460094962,
      0.03307473583793593,
      0.03217028392743757,
      0.03063502108359259,
      0.028452022572254765,
      0.028140425495845632,
      0.028396612771493357,
      0.024997977743303444,
      0.024273870524346857,
      0.024212692134595197,
      0.023112638706819674,
      0.02173251710398581,
      0.022255257832010492,
      0.019878530079440803,
      0.01906433725457211,
      0.01872901670975471,
      0.01821170383008521,
      0.016331418150116343,
      0.014329132517731241,
      0.01533021489983741,
      0.013927455941602563,
      0.01297980650772045,
      0.010789092636941614,
      0.010549738999368662,
      0.011788146825862772,
      0.009777073919791936,
      0.00901469681428999,
      0.008199661714650634,
      0.007094766855877044,
      0.006529205150844756,
      0.005580271699626602,
      0.005647426564686473,
      0.004564662438493472,
      0.0042104277955607,
      0.0027685881898986795,
      0.0018345970643392406,
      0.002622023211905993,
      0.0024814149571001417,
      0.0006517117056103246,
      0.0009011477350643961,
      0.0014538936047093286,
      -0.0007671242381736902,
      -0.0012459083819943773,
      -0.0009061595306509686,
      -0.004519380314810538,
      -0.003937987203476742
    ],
    "leverage_correlation": [
      -0.01657851571360244,
      -0.014968388456990658,
      -0.015097898576560846,
      -0.015101085017179596,
      -0.014836389403413372,
      -0.013588669339746394,
      -0.015044820765043473,
      -0.014949576943518172,
      -0.01312652066624782,
      -0.012178955889258323
    ],
    "aggregational_kurtosis": {
      "1": 3.5159639452183113,
      "5": 3.5673675897118122,
      "21": 3.6245945879185975
    },
    "tail_index": 5.133521392131081
  },
  "stylized_facts_comparison": {
    "kurtosis_real": 4.60339786339658,
    "kurtosis_fake": 3.5159639452183113,
    "kurtosis_abs_diff": 1.0874339181782688,
    "return_acf_l1": 0.000973954525218411,
    "absolute_return_acf_l1": 0.02764952263239156,
    "leverage_correlation_l1": 0.014470712696847216,
    "aggregational_kurtosis_l1": {
      "1": 1.0874339181782688,
      "5": 1.019381249236036,
      "21": 1.1765015845458544
    },
    "tail_index_real": 4.278436214587005,
    "tail_index_fake": 5.133521392131081,
    "tail_index_abs_diff": 0.8550851775440762
  },
  "distances": {
    "marginal_wasserstein_mean": 0.001223253522659251,
    "marginal_wasserstein_max": 0.0017679654117850815,