{
  "real_facts": {
    "kurtosis": 4.60339786339658,
    "return_acf": [
      -0.006129896495456233,
      -0.005410572515444318,
      -0.004850442150800915,
      -0.0036463281274129967,
      -0.005386376919333319,
      -0.0031757095684462507,
      -0.0038579477775226357,
      -0.0039151866634744275,
      -0.005292579737192809,
      -0.003945431906172928,
      -0.004851899003124628,
      -0.0046194163631568036,
      -0.005172885457709455,
      -0.004211124507857456,
      -0.003735645228058452,
      -0.0037680503626371766,
      -0.004010344632969521,
      -0.003202785018342763,
      -0.0032783054102908417,
      -0.004305299142885759
    ],
    "absolute_return_acf": [
      0.08947994314640795,
      0.08706221495064048,
      0.08482332847898004,
      0.08305845971378771,
      0.08067919327684936,
      0.07845742851805035,
      0.07822117883161873,
      0.07314431128699136,
      0.07130771041124338,
      0.07008872915004222,
      0.06696331074490364,
      0.06571267470156224,
      0.06297135471751543,
      0.06143142913263746,
      0.058780572831940825,
      0.05806321182989763,
      0.05548740810128411,
      0.053705708316469335,
      0.05131013846360228,
      0.0498567169204288,
      0.04751329320018901,
      0.04666906945559521,
      0.04433729311956561,
      0.04351708917810179,
      0.040605979435813976,
      0.03982570287915335,
      0.03750091418173794,
      0.035092790865346994,
      0.03401017096821067,
      0.0322637376223491,
      0.030973581918145796,
      0.03080148907385584,
      0.027930149354695358,
      0.027127365950542544,
      0.02524615258377359,
      0.023932512169302107,
      0.02233021877941033,
      0.020586613788424087,
      0.01928397702155667,
      0.01715488076489573,
      0.01650369251883455,
      0.014150051520215104,
      0.013640884493037063,
      0.012754180978707456,
      0.011389362354853725,
      0.007673126877138603,
      0.007936203346543302,
      0.00707422777302266,
      0.006542557740364,
      0.00457947612939156
    ],
    "leverage_correlation": [
      -0.03220236985226149,
      -0.030007698100387906,
      -0.031877264599439036,
      -0.030177338239747133,
      -0.029888435813181728,
      -0.028638150486819166,
      -0.02749954963028258,
      -0.027585348466969264,
      -0.02666613555497109,
      -0.025635656995973862
    ],
    "aggregational_kurtosis": {
      "1": 4.60339786339658,
      "5": 4.586748838947848,
      "21": 4.801096172464452
    },
    "tail_index": 4.278436214587005
  },
  "fake_facts": {
    "kurtosis": 3.630284814293006,
    "return_acf": [
      0.05086456668816456,
      0.00041180784235926593,
      -0.004220772198769007,
      -0.004172334836460335,
      -0.004085083231551443,
      -0.004738136373277335,
      -0.004261248110291362,
      -0.005214823809832968,
      -0.005608105967066294,
      -0.003699024930291273,
      -0.003626368095686465,
      -0.003317119993518508,
      -0.00551825746917246,
      -0.005708514798159121,
      -0.005175736973715343,
      -0.006297721278387085,
      -0.004047669550525253,
      -0.0054833540869517715,
      -0.005567049534739162,
      -0.0055614120995245665
    ],
    "absolute_return_acf": [
      0.16813976619473228,
      0.15498962669703437,
      0.14920692733121235,
      0.14572722908459276,
      0.14054474859873411,
      0.13462364767681267,
      0.13203749185956906,
      0.1285455201296198,
      0.12358934739231159,
      0.11975097933525447,
      0.11707064175454454,
      0.11163802189940736,
      0.10814561376578677,
      0.1056632367331489,
      0.10107161528007348,
      0.0972333481465832,
      0.09293128233033951,
      0.09265052311506923,
      0.08772222008876035,
      0.08495355064496762,
      0.08171052749378847,
      0.07896597832255983,
      0.07503068924361572,
      0.07332029615518242,
      0.06859308193744444,
      0.0657326981365464,
      0.06264803496754849,
      0.060264305732867715,
      0.057186170623384484,
      0.05394980450598053,
      0.052730898468629155,
      0.05164599114792583,
      0.045725928921390914,
      0.042773275358078885,
      0.03983263055473097,
      0.037149101812385954,
      0.03638749141826361,
      0.033708858409485995,
      0.03212496900381068,
      0.03011875144833594,
      0.02770570300891932,
      0.026029512264866963,
      0.02262789664275241,
      0.02091193585904198,
      0.018585092097435023,
      0.015993963763100288,
      0.014664279210020607,
      0.011321047657207395,
      0.009950070362776198,
      0.007156833307127624
    ],
    "leverage_correlation": [
      -0.07994748193468945,
      -0.023262882798434817,
      -0.018003245933664026,
      -0.020018137591337387,
      -0.018694352588403827,
      -0.01863666364689524,
      -0.017544057361276226,
      -0.015510730979970605,
      -0.017478254239627657,
      -0.01684341941033054
    ],
    "aggregational_kurtosis": {
      "1": 3.630284814293006,
      "5": 4.820635801516921,
      "21": 5.059155043245448
    },
    "tail_index": 5.507124974332936
  },
  "stylized_facts_comparison": {
    "kurtosis_real": 4.60339786339658,
    "kurtosis_fake": 3.630284814293006,
    "kurtosis_abs_diff": 0.9731130491035742,
    "return_acf_l1": 0.00416521073437494,
    "absolute_return_acf_l1": 0.030424587726522633,
    "leverage_correlation_l1": 0.013972894542025941,
    "aggregational_kurtosis_l1": {
      "1": 0.9731130491035742,
      "5": 0.2338869625690725,
      "21": 0.2580588707809959
    },
    "tail_index_real": 4.278436214587005,
    "tail_index_fake": 5.507124974332936,
    "tail_index_abs_diff": 1.228688759745931
  },
  "distances": {
    "marginal_wasserstein_mean": 0.0005571605620790053,
    "marginal_wasserstein_max": 0.0009335108023765994,