{
  "real_facts": {
    "kurtosis": 4.60339786339658,
    "return_acf": [
      -0.006129896495456233,
      -0.005410572515444318,
      -0.004850442150800915,
      -0.0036463281274129967,
      -0.005386376919333319,
      -0.0031757095684462507,
      -0.0038579477775226357,
      -0.0039151866634744275,
      -0.005292579737192809,
      -0.003945431906172928,
      -0.004851899003124628,
      -0.0046194163631568036,
      -0.005172885457709455,
      -0.004211124507857456,
      -0.003735645228058452,
      -0.0037680503626371766,
      -0.004010344632969521,
      -0.003202785018342763,
      -0.0032783054102908417,
      -0.004305299142885759
    ],
    "absolute_return_acf": [
      0.08947994314640795,
      0.08706221495064048,
      0.08482332847898004,
      0.08305845971378771,
      0.08067919327684936,
      0.07845742851805035,
      0.07822117883161873,
      0.07314431128699136,
      0.07130771041124338,
      0.07008872915004222,
      0.06696331074490364,
      0.06571267470156224,
      0.06297135471751543,
      0.06143142913263746,
      0.058780572831940825,
      0.05806321182989763,
      0.05548740810128411,
      0.053705708316469335,
      0.05131013846360228,
      0.0498567169204288,
      0.04751329320018901,
      0.04666906945559521,
      0.04433729311956561,
      0.04351708917810179,
      0.040605979435813976,
      0.03982570287915335,
      0.03750091418173794,
      0.035092790865346994,
      0.03401017096821067,
      0.0322637376223491,
      0.030973581918145796,
      0.03080148907385584,
      0.027930149354695358,
      0.027127365950542544,
      0.02524615258377359,
      0.023932512169302107,
      0.02233021877941033,
      0.020586613788424087,
      0.01928397702155667,
      0.01715488076489573,
      0.01650369251883455,
      0.014150051520215104,
      0.013640884493037063,
      0.012754180978707456,
      0.011389362354853725,
      0.007673126877138603,
      0.007936203346543302,
      0.00707422777302266,
      0.006542557740364,
      0.00457947612939156
    ],
    "leverage_correlation": [
      -0.03220236985226149,
      -0.030007698100387906,
      -0.031877264599439036,
      -0.030177338239747133,
      -0.029888435813181728,
      -0.028638150486819166,
      -0.02749954963028258,
      -0.027585348466969264,
      -0.02666613555497109,
      -0.025635656995973862
    ],
    "aggregational_kurtosis": {
      "1": 4.60339786339658,
      "5": 4.586748838947848,
      "21": 4.801096172464452
    },
    "tail_index": 4.278436214587005
  },
  "fake_facts": {
    "kurtosis": 3.6773271063215636,
    "return_acf": [
      -0.008514175823680137,
      -0.0016688858899987196,
      -0.0034981286183226714,
      -0.0030973901690853813,
      -0.0029552551243658257,
      -0.003679355474872719,
      -0.003211153494768422,
      -0.004109430381545193,
      -0.004593379458941726,
      -0.0027031835249954257,
      -0.0027347062426119444,
      -0.002252117086130734,
      -0.004574202374326484,
      -0.004607108756101161,
      -0.003998440351199042,
      -0.005375861778455508,
      -0.0029353007662575527,
      -0.004413784000298451,
      -0.004520202276504889,
      -0.004452131653629358
    ],
    "absolute_return_acf": [
      0.1627896784426161,
      0.1526677977662594,
      0.14706422175160602,
      0.14338526842166474,
      0.13832351593025527,
      0.1327370058170758,
      0.12990859544422798,
      0.1266736611079084,
      0.12190031938894379,
      0.11813249212411862,
      0.11518589466497674,
      0.10993994270071054,
      0.10651339240137381,
      0.10397591594087316,
      0.09945618611440143,
      0.09588496226570256,
      0.09163014489756234,
      0.09123327840428777,
      0.08637482267665174,
      0.08334720149342788,
      0.08055037136670233,
      0.07780318209776853,
      0.07369435355584257,
      0.07240543855269987,
      0.06766188766958353,
      0.06462687083586427,
      0.06182147843398778,
      0.05923032485687165,
      0.05667944556775036,
      0.05335768478302634,
      0.05207302656334935,
      0.051094806487820006,
      0.04490154711680949,
      0.04220753800669303,
      0.039557391568156235,
      0.036833886077453665,
      0.03584994480780658,
      0.03350052119874621,
      0.03165351057951446,
      0.02953402731881061,
      0.027480852335473458,
      0.025962867775733395,
      0.022337358882446496,
      0.020267607225933126,
      0.018547279590977774,
      0.0158033051241714,
      0.014218315693419466,
      0.010997679699496872,
      0.009717023867494822,
      0.00723017627303775
    ],
    "leverage_correlation": [
      -0.098249975203616,
      -0.02337397448712485,
      -0.02154793505869848,
      -0.024068722584967766,
      -0.02253070268170557,
      -0.022307197184559265,
      -0.02109863736466821,
      -0.018845055713628607,
      -0.02076809085814315,
      -0.019962571206549328
    ],
    "aggregational_kurtosis": {
      "1": 3.6773271063215636,
      "5": 4.78087175015929,
      "21": 4.878966792437304
    },
    "tail_index": 5.402394865461373
  },
  "stylized_facts_comparison": {
    "kurtosis_real": 4.60339786339658,
    "kurtosis_fake": 3.6773271063215636,
    "kurtosis_abs_diff": 0.9260707570750166,
    "return_acf_l1": 0.0012384504969936271,
    "absolute_return_acf_l1": 0.02930344464200917,
    "leverage_correlation_l1": 0.012952029609908105,
    "aggregational_kurtosis_l1": {
      "1": 0.9260707570750166,
      "5": 0.19412291121144154,
      "21": 0.0778706199728525
    },
    "tail_index_real": 4.278436214587005,
    "tail_index_fake": 5.402394865461373,
    "tail_index_abs_diff": 1.1239586508743677
  },
  "distances": {
    "marginal_wasserstein_mean": 0.000513487315383189,
    "marginal_wasserstein_max": 0.0009030975635547062,