{
  "real_facts": {
    "kurtosis": 4.60339786339658,
    "return_acf": [
      -0.006129896495456233,
      -0.005410572515444318,
      -0.004850442150800915,
      -0.0036463281274129967,
      -0.005386376919333319,
      -0.0031757095684462507,
      -0.0038579477775226357,
      -0.0039151866634744275,
      -0.005292579737192809,
      -0.003945431906172928,
      -0.004851899003124628,
      -0.0046194163631568036,
      -0.005172885457709455,
      -0.004211124507857456,
      -0.003735645228058452,
      -0.0037680503626371766,
      -0.004010344632969521,
      -0.003202785018342763,
      -0.0032783054102908417,
      -0.004305299142885759
    ],
    "absolute_return_acf": [
      0.08947994314640795,
      0.08706221495064048,
      0.08482332847898004,
      0.08305845971378771,
      0.08067919327684936,
      0.07845742851805035,
      0.07822117883161873,
      0.07314431128699136,
      0.07130771041124338,
      0.07008872915004222,
      0.06696331074490364,
      0.06571267470156224,
      0.06297135471751543,
      0.06143142913263746,
      0.058780572831940825,
      0.05806321182989763,
      0.05548740810128411,
      0.053705708316469335,
      0.05131013846360228,
      0.0498567169204288,
      0.04751329320018901,
      0.04666906945559521,
      0.04433729311956561,
      0.04351708917810179,
      0.040605979435813976,
      0.03982570287915335,
      0.03750091418173794,
      0.035092790865346994,
      0.03401017096821067,
      0.0322637376223491,
      0.030973581918145796,
      0.03080148907385584,
      0.027930149354695358,
      0.027127365950542544,
      0.02524615258377359,
      0.023932512169302107,
      0.02233021877941033,
      0.020586613788424087,
      0.01928397702155667,
      0.01715488076489573,
      0.01650369251883455,
      0.014150051520215104,
      0.013640884493037063,
      0.012754180978707456,
      0.011389362354853725,
      0.007673126877138603,
      0.007936203346543302,
      0.00707422777302266,
      0.006542557740364,
      0.00457947612939156
    ],
    "leverage_correlation": [
      -0.03220236985226149,
      -0.030007698100387906,
      -0.031877264599439036,
      -0.030177338239747133,
      -0.029888435813181728,
      -0.028638150486819166,
      -0.02749954963028258,
      -0.027585348466969264,
      -0.02666613555497109,
      -0.025635656995973862
    ],
    "aggregational_kurtosis": {
      "1": 4.60339786339658,
      "5": 4.586748838947848,
      "21": 4.801096172464452
    },
    "tail_index": 4.278436214587005
  },
  "fake_facts": {
    "kurtosis": 3.6745668119305797,
    "return_acf": [
      0.0169923269154558,
      -0.0018843734529390317,
      -0.0038890534934025896,
      -0.003536946390062407,
      -0.0034084095904232357,
      -0.004117453255815274,
      -0.0036424838134147676,
      -0.004560740791403823,
      -0.005024573312521633,
      -0.0031303611940192593,
      -0.0030937686271160438,
      -0.0026969496715685713,
      -0.004973160848941872,
      -0.0050608323192002334,
      -0.004477465205113464,
      -0.005759968979534958,
      -0.0033842826135441974,
      -0.004842536919807487,
      -0.004953396668771549,
      -0.004924046894115939
    ],
    "absolute_return_acf": [
      0.16677405830151484,
      0.15421568325505325,
      0.14848814376988012,
      0.1450669408772129,
      0.13977598144437617,
      0.13416680507596998,
      0.13139270926945978,
      0.12791912197719707,
      0.12316708204321776,
      0.11930821469325036,
      0.11649314389530034,
      0.11119206548580937,
      0.1076295841048837,
      0.10513316891042065,
      0.10056921857275532,
      0.09684356938939166,
      0.09253379754885174,
      0.09231984054932003,
      0.08731995432721701,
      0.08443084276149043,
      0.0815128073452204,
      0.07863783343860145,
      0.07470278031328378,
      0.07309410654753626,
      0.0682817538422344,
      0.06537315660566353,
      0.06242421775250407,
      0.059901711341854444,
      0.057136746878092434,
      0.05390906844848188,
      0.052599168640769814,
      0.051605546326712895,
      0.04541626174967588,
      0.0425436370111315,
      0.039816349320379474,
      0.03698479941813012,
      0.03620068192929209,
      0.03378062601381367,
      0.031885872648163456,
      0.02997052987656537,
      0.027683964098609123,
      0.02607209830840944,
      0.022558964292747494,
      0.02052158094853888,
      0.01851985979552933,
      0.015934053697194816,
      0.014502106598395858,
      0.011133359642190543,
      0.009858513483242418,
      0.0072082893445303085
    ],
    "leverage_correlation": [
      -0.0906465774090407,
      -0.023342872271331482,
      -0.01973241378459228,
      -0.022171327975827857,
      -0.020713202324189797,
      -0.020530371221244473,
      -0.01939146334284072,
      -0.017186348329845155,
      -0.019142122087265408,
      -0.01846171098187902
    ],
    "aggregational_kurtosis": {
      "1": 3.6745668119305797,
      "5": 4.784924374626362,
      "21": 4.9237774145545234
    },
    "tail_index": 5.398915924091094
  },
  "stylized_facts_comparison": {
    "kurtosis_real": 4.60339786339658,
    "kurtosis_fake": 3.6745668119305797,
    "kurtosis_abs_diff": 0.9288310514660005,
    "return_acf_l1": 0.0022303210062784174,
    "absolute_return_acf_l1": 0.030099172046848813,
    "leverage_correlation_l1": 0.013574795312553479,
    "aggregational_kurtosis_l1": {
      "1": 0.9288310514660005,
      "5": 0.19817553567851398,
      "21": 0.12268124209007158
    },
    "tail_index_real": 4.278436214587005,
    "tail_index_fake": 5.398915924091094,
    "tail_index_abs_diff": 1.1204797095040888
  },
  "distances": {
    "marginal_wasserstein_mean": 0.008537871855383608,
    "marginal_wasserstein_max": 0.00952407086111408,