{
  "real_facts": {
    "kurtosis": 4.60339786339658,
    "return_acf": [
      -0.006129896495456233,
      -0.005410572515444318,
      -0.004850442150800915,
      -0.0036463281274129967,
      -0.005386376919333319,
      -0.0031757095684462507,
      -0.0038579477775226357,
      -0.0039151866634744275,
      -0.005292579737192809,
      -0.003945431906172928,
      -0.004851899003124628,
      -0.0046194163631568036,
      -0.005172885457709455,
      -0.004211124507857456,
      -0.003735645228058452,
      -0.0037680503626371766,
      -0.004010344632969521,
      -0.003202785018342763,
      -0.0032783054102908417,
      -0.004305299142885759
    ],
    "absolute_return_acf": [
      0.08947994314640795,
      0.08706221495064048,
      0.08482332847898004,
      0.08305845971378771,
      0.08067919327684936,
      0.07845742851805035,
      0.07822117883161873,
      0.07314431128699136,
      0.07130771041124338,
      0.07008872915004222,
      0.06696331074490364,
      0.06571267470156224,
      0.06297135471751543,
      0.06143142913263746,
      0.058780572831940825,
      0.05806321182989763,
      0.05548740810128411,
      0.053705708316469335,
      0.05131013846360228,
      0.0498567169204288,
      0.04751329320018901,
      0.04666906945559521,
      0.04433729311956561,
      0.04351708917810179,
      0.040605979435813976,
      0.03982570287915335,
      0.03750091418173794,
      0.035092790865346994,
      0.03401017096821067,
      0.0322637376223491,
      0.030973581918145796,
      0.03080148907385584,
      0.027930149354695358,
      0.027127365950542544,
      0.02524615258377359,
      0.023932512169302107,
      0.02233021877941033,
      0.020586613788424087,
      0.01928397702155667,
      0.01715488076489573,
      0.01650369251883455,
      0.014150051520215104,
      0.013640884493037063,
      0.012754180978707456,
      0.011389362354853725,
      0.007673126877138603,
      0.007936203346543302,
      0.00707422777302266,
      0.006542557740364,
      0.00457947612939156
    ],
    "leverage_correlation": [
      -0.03220236985226149,
      -0.030007698100387906,
      -0.031877264599439036,
      -0.030177338239747133,
      -0.029888435813181728,
      -0.028638150486819166,
      -0.02749954963028258,
      -0.027585348466969264,
      -0.02666613555497109,
      -0.025635656995973862
    ],
    "aggregational_kurtosis": {
      "1": 4.60339786339658,
      "5": 4.586748838947848,
      "21": 4.801096172464452
    },
    "tail_index": 4.278436214587005
  },
  "fake_facts": {
    "kurtosis": 3.6745668121977078,
    "return_acf": [
      0.01699232693774154,
      -0.001884373492444805,
      -0.003889053634699595,
      -0.0035369463856492205,
      -0.003408409589412647,
      -0.004117453310649864,
      -0.0036424838472315082,
      -0.004560740753191554,
      -0.005024573264886943,
      -0.003130361281316778,
      -0.0030937686707876414,
      -0.0026969497708105913,
      -0.004973160859680364,
      -0.0050608322308984275,
      -0.0044774652929440144,
      -0.005759968979617904,
      -0.003384282599901945,
      -0.00484253695684542,
      -0.004953396669314968,
      -0.004924047005595471
    ],
    "absolute_return_acf": [
      0.16339344879054496,
      0.1528839516753488,
      0.14726848013468594,
      0.1437263962073309,
      0.13861274696290224,
      0.13292023208408651,
      0.13021911385940918,
      0.12689121423550206,
      0.12204601028077391,
      0.11826650815713645,
      0.11547203177072676,
      0.11014498138299043,
      0.10672860246092813,
      0.10425256750785948,
      0.09969258338049546,
      0.09598173527857512,
      0.09174918219574218,
      0.09144552616379338,
      0.08654084141016803,
      0.08362760773253207,
      0.08071356386969145,
      0.07794379280742891,
      0.07394403087763385,
      0.07248126732351731,
      0.06773780823104952,
      0.0647469046308414,
      0.06184977269970044,
      0.05935031658931975,
      0.056638166044453826,
      0.05331184225577246,
      0.052062484492819,
      0.051145227392455396,
      0.04502779033606652,
      0.04216862638338598,
      0.03946522636764861,
      0.036742558885853094,
      0.03590836807482629,
      0.03342627020783445,
      0.031667282565297265,
      0.029597886040434743,
      0.02743890088538292,
      0.025854715573114452,
      0.022358194900562157,
      0.020397198568656533,
      0.018434596291706292,
      0.01576895994873514,
      0.014301479281754646,
      0.011102848521282372,
      0.009729370475119504,
      0.00712754567461833
    ],
    "leverage_correlation": [
      -0.09022976700762109,
      -0.023551646609635664,
      -0.019992463081841657,
      -0.022409254068997814,
      -0.020945470251462008,
      -0.02081235183462423,
      -0.019634496549308298,
      -0.017478287896822268,
      -0.0194227722139303,
      -0.018688544324627736
    ],
    "aggregational_kurtosis": {
      "1": 3.6745668121977078,
      "5": 4.784924373416312,
      "21": 4.923777408355445
    },
    "tail_index": 5.418700671899182
  },
  "stylized_facts_comparison": {
    "kurtosis_real": 4.60339786339658,
    "kurtosis_fake": 3.6745668121977078,
    "kurtosis_abs_diff": 0.9288310511988724,
    "return_acf_l1": 0.002230320996214028,
    "absolute_return_acf_l1": 0.02941509976601735,
    "leverage_correlation_l1": 0.013306768821188137,
    "aggregational_kurtosis_l1": {
      "1": 0.9288310511988724,
      "5": 0.19817553446846414,
      "21": 0.122681235890993
    },
    "tail_index_real": 4.278436214587005,
    "tail_index_fake": 5.418700671899182,
    "tail_index_abs_diff": 1.1402644573121767
  },
  "distances": {
    "marginal_wasserstein_mean": 0.0005247011609303138,
    "marginal_wasserstein_max": 0.0009107915882249921,