{
  "real_facts": {
    "kurtosis": 4.60339786339658,
    "return_acf": [
      -0.006129896495456233,
      -0.005410572515444318,
      -0.004850442150800915,
      -0.0036463281274129967,
      -0.005386376919333319,
      -0.0031757095684462507,
      -0.0038579477775226357,
      -0.0039151866634744275,
      -0.005292579737192809,
      -0.003945431906172928,
      -0.004851899003124628,
      -0.0046194163631568036,
      -0.005172885457709455,
      -0.004211124507857456,
      -0.003735645228058452,
      -0.0037680503626371766,
      -0.004010344632969521,
      -0.003202785018342763,
      -0.0032783054102908417,
      -0.004305299142885759
    ],
    "absolute_return_acf": [
      0.08947994314640795,
      0.08706221495064048,
      0.08482332847898004,
      0.08305845971378771,
      0.08067919327684936,
      0.07845742851805035,
      0.07822117883161873,
      0.07314431128699136,
      0.07130771041124338,
      0.07008872915004222,
      0.06696331074490364,
      0.06571267470156224,
      0.06297135471751543,
      0.06143142913263746,
      0.058780572831940825,
      0.05806321182989763,
      0.05548740810128411,
      0.053705708316469335,
      0.05131013846360228,
      0.0498567169204288,
      0.04751329320018901,
      0.04666906945559521,
      0.04433729311956561,
      0.04351708917810179,
      0.040605979435813976,
      0.03982570287915335,
      0.03750091418173794,
      0.035092790865346994,
      0.03401017096821067,
      0.0322637376223491,
      0.030973581918145796,
      0.03080148907385584,
      0.027930149354695358,
      0.027127365950542544,
      0.02524615258377359,
      0.023932512169302107,
      0.02233021877941033,
      0.020586613788424087,
      0.01928397702155667,
      0.01715488076489573,
      0.01650369251883455,
      0.014150051520215104,
      0.013640884493037063,
      0.012754180978707456,
      0.011389362354853725,
      0.007673126877138603,
      0.007936203346543302,
      0.00707422777302266,
      0.006542557740364,
      0.00457947612939156
    ],
    "leverage_correlation": [
      -0.03220236985226149,
      -0.030007698100387906,
      -0.031877264599439036,
      -0.030177338239747133,
      -0.029888435813181728,
      -0.028638150486819166,
      -0.02749954963028258,
      -0.027585348466969264,
      -0.02666613555497109,
      -0.025635656995973862
    ],
    "aggregational_kurtosis": {
      "1": 4.60339786339658,
      "5": 4.586748838947848,
      "21": 4.801096172464452
    },
    "tail_index": 4.278436214587005
  },
  "fake_facts": {
    "kurtosis": 3.677327108506183,
    "return_acf": [
      -0.008514175853885326,
      -0.0016688858983551298,
      -0.003498128625549986,
      -0.0030973901279300197,
      -0.002955255105110943,
      -0.003679355489193683,
      -0.0032111534643183832,
      -0.004109430310409937,
      -0.004593379433918121,
      -0.0027031835962384736,
      -0.002734706206119187,
      -0.002252117059856347,
      -0.004574202370211344,
      -0.004607108721285275,
      -0.003998440336228645,
      -0.005375861775586501,
      -0.0029353007944349554,
      -0.004413784021484566,
      -0.004520202327529037,
      -0.004452131732778466
    ],
    "absolute_return_acf": [
      0.16727356230802704,
      0.15437293288506823,
      0.14867879757813665,
      0.14515653170516934,
      0.13988290841714307,
      0.13439070117480442,
      0.1314943920057936,
      0.12806617344795498,
      0.12337779518202344,
      0.11954426986990747,
      0.11655383866701648,
      0.1113352788944361,
      0.10772405332455484,
      0.10517344889529343,
      0.10062774010217111,
      0.09704459612728389,
      0.09267862503460066,
      0.09238749204135172,
      0.08740489716120545,
      0.08441804686838306,
      0.08159247215256128,
      0.07871847154251842,
      0.07469344788310443,
      0.07322510972415074,
      0.06839551299498658,
      0.06545540011085615,
      0.06256199410357284,
      0.05995554411654183,
      0.05734309014012922,
      0.05413019445002107,
      0.05275899927938468,
      0.051709940872031714,
      0.04541912839421459,
      0.04272361064101026,
      0.040010279074597595,
      0.037184173544410955,
      0.036213085416139386,
      0.033967393839480046,
      0.03195618118434,
      0.0299968757755987,
      0.027810332077469628,
      0.026260557862129594,
      0.022598722225797764,
      0.020433137299041275,
      0.01865274302928368,
      0.016001874206191046,
      0.014488766843485967,
      0.011055209107136693,
      0.009880411120822103,
      0.007325494977487464
    ],
    "leverage_correlation": [
      -0.09758936014905886,
      -0.023138270408591975,
      -0.021257067906029038,
      -0.023803482769289577,
      -0.022275859741149758,
      -0.02199083473356356,
      -0.020829619124417564,
      -0.018517141038707788,
      -0.02045337160145975,
      -0.019711330522663724
    ],
    "aggregational_kurtosis": {
      "1": 3.677327108506183,
      "5": 4.78087175499811,
      "21": 4.878966790887093
    },
    "tail_index": 5.388572207610922
  },
  "stylized_facts_comparison": {
    "kurtosis_real": 4.60339786339658,
    "kurtosis_fake": 3.677327108506183,
    "kurtosis_abs_diff": 0.926070754890397,
    "return_acf_l1": 0.0012384505039864757,
    "absolute_return_acf_l1": 0.03021104932222387,
    "leverage_correlation_l1": 0.013138559033869643,
    "aggregational_kurtosis_l1": {
      "1": 0.926070754890397,
      "5": 0.19412291605026155,
      "21": 0.07787061842264098
    },
    "tail_index_real": 4.278436214587005,
    "tail_index_fake": 5.388572207610922,
    "tail_index_abs_diff": 1.110135993023917
  },
  "distances": {
    "marginal_wasserstein_mean": 0.00855500084997612,
    "marginal_wasserstein_max": 0.009560099055022397,