{
  "real_facts": {
    "kurtosis": 4.60339786339658,
    "return_acf": [
      -0.006129896495456233,
      -0.005410572515444318,
      -0.004850442150800915,
      -0.0036463281274129967,
      -0.005386376919333319,
      -0.0031757095684462507,
      -0.0038579477775226357,
      -0.0039151866634744275,
      -0.005292579737192809,
      -0.003945431906172928,
      -0.004851899003124628,
      -0.0046194163631568036,
      -0.005172885457709455,
      -0.004211124507857456,
      -0.003735645228058452,
      -0.0037680503626371766,
      -0.004010344632969521,
      -0.003202785018342763,
      -0.0032783054102908417,
      -0.004305299142885759
    ],
    "absolute_return_acf": [
      0.08947994314640795,
      0.08706221495064048,
      0.08482332847898004,
      0.08305845971378771,
      0.08067919327684936,
      0.07845742851805035,
      0.07822117883161873,
      0.07314431128699136,
      0.07130771041124338,
      0.07008872915004222,
      0.06696331074490364,
      0.06571267470156224,
      0.06297135471751543,
      0.06143142913263746,
      0.058780572831940825,
      0.05806321182989763,
      0.05548740810128411,
      0.053705708316469335,
      0.05131013846360228,
      0.0498567169204288,
      0.04751329320018901,
      0.04666906945559521,
      0.04433729311956561,
      0.04351708917810179,
      0.040605979435813976,
      0.03982570287915335,
      0.03750091418173794,
      0.035092790865346994,
      0.03401017096821067,
      0.0322637376223491,
      0.030973581918145796,
      0.03080148907385584,
      0.027930149354695358,
      0.027127365950542544,
      0.02524615258377359,
      0.023932512169302107,
      0.02233021877941033,
      0.020586613788424087,
      0.01928397702155667,
      0.01715488076489573,
      0.01650369251883455,
      0.014150051520215104,
      0.013640884493037063,
      0.012754180978707456,
      0.011389362354853725,
      0.007673126877138603,
      0.007936203346543302,
      0.00707422777302266,
      0.006542557740364,
      0.00457947612939156
    ],
    "leverage_correlation": [
      -0.03220236985226149,
      -0.030007698100387906,
      -0.031877264599439036,
      -0.030177338239747133,
      -0.029888435813181728,
      -0.028638150486819166,
      -0.02749954963028258,
      -0.027585348466969264,
      -0.02666613555497109,
      -0.025635656995973862
    ],
    "aggregational_kurtosis": {
      "1": 4.60339786339658,
      "5": 4.586748838947848,
      "21": 4.801096172464452
    },
    "tail_index": 4.278436214587005
  },
  "fake_facts": {
    "kurtosis": 3.6302848153927116,
    "return_acf": [
      0.050864566686951565,
      0.0004118078125787356,
      -0.004220772200883792,
      -0.00417233475636797,
      -0.0040850833212804595,
      -0.004738136405501725,
      -0.004261248109398939,
      -0.005214823676641636,
      -0.005608105982944167,
      -0.003699024944339194,
      -0.0036263681184809274,
      -0.0033171200711606206,
      -0.005518257574939744,
      -0.005708514818920288,
      -0.005175736862603966,
      -0.006297721241748845,
      -0.004047669606969403,
      -0.005483354088651983,
      -0.005567049497959469,
      -0.005561412102969703
    ],
    "absolute_return_acf": [
      0.17014845567519313,
      0.155740749477078,
      0.14985138834693035,
      0.14644726148634798,
      0.14115961483521694,
      0.13528926294131075,
      0.13266386365507354,
      0.1290727774653816,
      0.12418682571759475,
      0.12028628047439353,
      0.11759584907046189,
      0.1121964972207753,
      0.10861684452407558,
      0.10612198866777098,
      0.10155533823896731,
      0.09768636043103983,
      0.0933370276957765,
      0.09313257079793424,
      0.08813460980288988,
      0.08538919760988484,
      0.08215318183368985,
      0.0793326596858087,
      0.07544748944749363,
      0.07364159455932455,
      0.06887509380447329,
      0.06605172028237309,
      0.06296644386842394,
      0.060566466159176095,
      0.057447800540495496,
      0.05428253916653813,
      0.05302075205785537,
      0.05190196349249096,
      0.045914058800394925,
      0.04296462241854061,
      0.040018979392525765,
      0.037250950563689836,
      0.036544662284259455,
      0.03390602571767189,
      0.0322147337583961,
      0.0303238142289386,
      0.027831857184569396,
      0.02614331617248929,
      0.02273436837832257,
      0.020971319210529773,
      0.01863957932363546,
      0.016089862658917563,
      0.014777870958877696,
      0.01132970667791046,
      0.01002935151785029,
      0.007212901472433072
    ],
    "leverage_correlation": [
      -0.08116441708187005,
      -0.02316368066336707,
      -0.01780073205418564,
      -0.0198244163485456,
      -0.01850270869426705,
      -0.018411978263773356,
      -0.01734642577900645,
      -0.015278274444172436,
      -0.01725466547130752,
      -0.016660349031575948
    ],
    "aggregational_kurtosis": {
      "1": 3.6302848153927116,
      "5": 4.820635800834547,
      "21": 5.0591550356555555
    },
    "tail_index": 5.491765560775463
  },
  "stylized_facts_comparison": {
    "kurtosis_real": 4.60339786339658,
    "kurtosis_fake": 3.6302848153927116,
    "kurtosis_abs_diff": 0.9731130480038686,
    "return_acf_l1": 0.004165210714384588,
    "absolute_return_acf_l1": 0.030792933603691317,
    "leverage_correlation_l1": 0.014269439436717926,
    "aggregational_kurtosis_l1": {
      "1": 0.9731130480038686,
      "5": 0.23388696188669922,
      "21": 0.2580588631911036
    },
    "tail_index_real": 4.278436214587005,
    "tail_index_fake": 5.491765560775463,
    "tail_index_abs_diff": 1.2133293461884582
  },
  "distances": {
    "marginal_wasserstein_mean": 0.00856399137077405,
    "marginal_wasserstein_max": 0.009523744270505796,