{
  "real_facts": {
    "kurtosis": 4.60339786339658,
    "return_acf": [
      -0.006129896495456233,
      -0.005410572515444318,
      -0.004850442150800915,
      -0.0036463281274129967,
      -0.005386376919333319,
      -0.0031757095684462507,
      -0.0038579477775226357,
      -0.0039151866634744275,
      -0.005292579737192809,
      -0.003945431906172928,
      -0.004851899003124628,
      -0.0046194163631568036,
      -0.005172885457709455,
      -0.004211124507857456,
      -0.003735645228058452,
      -0.0037680503626371766,
      -0.004010344632969521,
      -0.003202785018342763,
      -0.0032783054102908417,
      -0.004305299142885759
    ],
    "absolute_return_acf": [
      0.08947994314640795,
      0.08706221495064048,
      0.08482332847898004,
      0.08305845971378771,
      0.08067919327684936,
      0.07845742851805035,
      0.07822117883161873,
      0.07314431128699136,
      0.07130771041124338,
      0.07008872915004222,
      0.06696331074490364,
      0.06571267470156224,
      0.06297135471751543,
      0.06143142913263746,
      0.058780572831940825,
      0.05806321182989763,
      0.05548740810128411,
      0.053705708316469335,
      0.05131013846360228,
      0.0498567169204288,
      0.04751329320018901,
      0.04666906945559521,
      0.04433729311956561,
      0.04351708917810179,
      0.040605979435813976,
      0.03982570287915335,
      0.03750091418173794,
      0.035092790865346994,
      0.03401017096821067,
      0.0322637376223491,
      0.030973581918145796,
      0.03080148907385584,
      0.027930149354695358,
      0.027127365950542544,
      0.02524615258377359,
      0.023932512169302107,
      0.02233021877941033,
      0.020586613788424087,
      0.01928397702155667,
      0.01715488076489573,
      0.01650369251883455,
      0.014150051520215104,
      0.013640884493037063,
      0.012754180978707456,
      0.011389362354853725,
      0.007673126877138603,
      0.007936203346543302,
      0.00707422777302266,
      0.006542557740364,
      0.00457947612939156
    ],
    "leverage_correlation": [
      -0.03220236985226149,
      -0.030007698100387906,
      -0.031877264599439036,
      -0.030177338239747133,
      -0.029888435813181728,
      -0.028638150486819166,
      -0.02749954963028258,
      -0.027585348466969264,
      -0.02666613555497109,
      -0.025635656995973862
    ],
    "aggregational_kurtosis": {
      "1": 4.60339786339658,
      "5": 4.586748838947848,
      "21": 4.801096172464452
    },
    "tail_index": 4.278436214587005
  },
  "fake_facts": {
    "kurtosis": 5.3023635949415615,
    "return_acf": [
      2.1658832263859184e-05,
      0.00589846909996183,
      -0.00479514753034632,
      -0.009382549284681834,
      -0.007563489097280512,
      -0.0001675936692968148,
      -0.0005613028406835668,
      -0.011039559286547202,
      -0.004069904744903118,
      -0.004850900193199398,
      -0.0027221872988452663,
      -0.011875133719472011,
      0.0009733235850540305,
      -0.0015129184177618007,
      -0.0013298721455346821,
      -0.012207273887042323,
      -0.0013583897921727456,
      0.0010848250422139942,
      -0.008161956378346385,
      0.0031629826625924136
    ],
    "absolute_return_acf": [
      0.08974046061441614,
      0.08769015163664784,
      0.08600957576684255,
      0.08258157038123781,
      0.08266528345532842,
      0.07837424774412709,
      0.08048516005304114,
      0.07351077339947927,
      0.07448912837698318,
      0.06793367935647307,
      0.06809789060920485,
      0.07231773962519657,
      0.06691387185445576,
      0.06366809407356049,
      0.06256852943261343,
      0.05584053619544854,
      0.06071965333551394,
      0.05639666475642731,
      0.05577086068540844,
      0.05858454169165897,
      0.0508981271900947,
      0.04717634101283994,
      0.04913471627699036,
      0.05346844214704944,
      0.04360301124002091,
      0.04071390285743734,
      0.03965709119823662,
      0.04559904307958836,
      0.03613671791986307,
      0.03439845659101745,
      0.03627692240827427,
      0.04631659469317172,
      0.031176232399797197,
      0.02666540329969524,
      0.025308405700883316,
      0.03216972550817837,
      0.024078247760055554,
      0.02302311643364903,
      0.025024868356280545,
      0.026475830506258267,
      0.0236255633865785,
      0.019504864711905715,
      0.02113289896222185,
      0.025225997568072714,
      0.01668676723700497,
      0.01468828683938071,
      0.01458107941354406,
      0.018578051033445925,
      0.012089002979176026,
      0.0069804472714399156
    ],
    "leverage_correlation": [
      -0.040920744387838624,
      -0.036177162428750825,
      -0.033255301907259616,
      -0.027600320688371562,
      -0.033480402169378615,
      -0.029356153329856634,
      -0.02767224897284391,
      -0.026371561321876607,
      -0.02966609335056381,
      -0.030793760471939605
    ],
    "aggregational_kurtosis": {
      "1": 5.3023635949415615,
      "5": 4.811599978390212,
      "21": 5.176723755248141
    },
    "tail_index": 4.119240743252617
  },
  "stylized_facts_comparison": {
    "kurtosis_real": 4.60339786339658,
    "kurtosis_fake": 5.3023635949415615,
    "kurtosis_abs_diff": 0.6989657315449813,
    "return_acf_l1": 0.004467642005622209,
    "absolute_return_acf_l1": 0.004320006316585345,
    "leverage_correlation_l1": 0.0032697410681583007,
    "aggregational_kurtosis_l1": {
      "1": 0.6989657315449813,
      "5": 0.22485113944236357,
      "21": 0.37562758278368946
    },
    "tail_index_real": 4.278436214587005,
    "tail_index_fake": 4.119240743252617,
    "tail_index_abs_diff": 0.15919547133438794
  },
  "distances": {
    "marginal_wasserstein_mean": 0.0009911798686976718,
    "marginal_wasserstein_max": 0.0017211095920134994,