{
  "real_facts": {
    "kurtosis": 4.60339786339658,
    "return_acf": [
      -0.006129896495456233,
      -0.005410572515444318,
      -0.004850442150800915,
      -0.0036463281274129967,
      -0.005386376919333319,
      -0.0031757095684462507,
      -0.0038579477775226357,
      -0.0039151866634744275,
      -0.005292579737192809,
      -0.003945431906172928,
      -0.004851899003124628,
      -0.0046194163631568036,
      -0.005172885457709455,
      -0.004211124507857456,
      -0.003735645228058452,
      -0.0037680503626371766,
      -0.004010344632969521,
      -0.003202785018342763,
      -0.0032783054102908417,
      -0.004305299142885759
    ],
    "absolute_return_acf": [
      0.08947994314640795,
      0.08706221495064048,
      0.08482332847898004,
      0.08305845971378771,
      0.08067919327684936,
      0.07845742851805035,
      0.07822117883161873,
      0.07314431128699136,
      0.07130771041124338,
      0.07008872915004222,
      0.06696331074490364,
      0.06571267470156224,
      0.06297135471751543,
      0.06143142913263746,
      0.058780572831940825,
      0.05806321182989763,
      0.05548740810128411,
      0.053705708316469335,
      0.05131013846360228,
      0.0498567169204288,
      0.04751329320018901,
      0.04666906945559521,
      0.04433729311956561,
      0.04351708917810179,
      0.040605979435813976,
      0.03982570287915335,
      0.03750091418173794,
      0.035092790865346994,
      0.03401017096821067,
      0.0322637376223491,
      0.030973581918145796,
      0.03080148907385584,
      0.027930149354695358,
      0.027127365950542544,
      0.02524615258377359,
      0.023932512169302107,
      0.02233021877941033,
      0.020586613788424087,
      0.01928397702155667,
      0.01715488076489573,
      0.01650369251883455,
      0.014150051520215104,
      0.013640884493037063,
      0.012754180978707456,
      0.011389362354853725,
      0.007673126877138603,
      0.007936203346543302,
      0.00707422777302266,
      0.006542557740364,
      0.00457947612939156
    ],
    "leverage_correlation": [
      -0.03220236985226149,
      -0.030007698100387906,
      -0.031877264599439036,
      -0.030177338239747133,
      -0.029888435813181728,
      -0.028638150486819166,
      -0.02749954963028258,
      -0.027585348466969264,
      -0.02666613555497109,
      -0.025635656995973862
    ],
    "aggregational_kurtosis": {
      "1": 4.60339786339658,
      "5": 4.586748838947848,
      "21": 4.801096172464452
    },
    "tail_index": 4.278436214587005
  },
  "fake_facts": {
    "kurtosis": 5.279943106089505,
    "return_acf": [
      -0.0004572224271003965,
      0.005792634216936996,
      -0.004046839006403951,
      -0.009774690876571221,
      -0.007608237949094988,
      0.0009940915758294307,
      -0.0013296738583151366,
      -0.010640156346285687,
      -0.004988767349662137,
      -0.004472454369656138,
      -0.001996555737250236,
      -0.010927150827983418,
      5.4392616858594936e-05,
      -0.00036606828230135926,
      -0.0029731938438666726,
      -0.011778161858852682,
      -0.0013900805953779294,
      0.0012637919285825995,
      -0.009752729132946933,
      0.002852251756599533
    ],
    "absolute_return_acf": [
      0.08887584398405743,
      0.09037842359437305,
      0.08741897938697372,
      0.08359388201218411,
      0.08349761909094992,
      0.07959481415846556,
      0.0819497650719439,
      0.07496904226635767,
      0.07524603572876278,
      0.06930740644688495,
      0.06956908959418089,
      0.07387517382040529,
      0.06656929125081806,
      0.06477612665213194,
      0.06353816666478156,
      0.057460419533935714,
      0.060275777199406126,
      0.05740415571723798,
      0.055949642514241636,
      0.0606576734117124,
      0.052055634918161876,
      0.050517071186804416,
      0.04976863598882431,
      0.05264735469608098,
      0.045766565883157244,
      0.04093808404978803,
      0.04037435074658933,
      0.046869168578773386,
      0.03714145458076314,
      0.034681321034775864,
      0.03619813923809657,
      0.0461008802950247,
      0.03274941550122352,
      0.028197552810627205,
      0.027209496681334048,
      0.03324626140973481,
      0.027110234481852888,
      0.024658537123521805,
      0.025606956259448425,
      0.02800101319117042,
      0.025081605732767173,
      0.020820561710381377,
      0.021412747016587314,
      0.025874448257156228,
      0.019205200671877136,
      0.015624259360194235,
      0.0155597928723059,
      0.019529590630015182,
      0.013139748748665508,
      0.010668287230621683
    ],
    "leverage_correlation": [
      -0.03979863136758869,
      -0.03595897638157482,
      -0.03423067196802268,
      -0.03004519740137655,
      -0.03274166278825177,
      -0.03210141207492816,
      -0.028938745300143,
      -0.02748124847728385,
      -0.03093650649009915,
      -0.03028274848486472
    ],
    "aggregational_kurtosis": {
      "1": 5.279943106089505,
      "5": 4.886190807905557,
      "21": 5.042691242978452
    },
    "tail_index": 4.099170157422643
  },
  "stylized_facts_comparison": {
    "kurtosis_real": 4.60339786339658,
    "kurtosis_fake": 5.279943106089505,
    "kurtosis_abs_diff": 0.6765452426929244,
    "return_acf_l1": 0.004400518891962656,
    "absolute_return_acf_l1": 0.005321727154828835,
    "leverage_correlation_l1": 0.0032810334650212117,
    "aggregational_kurtosis_l1": {
      "1": 0.6765452426929244,
      "5": 0.2994419689577086,
      "21": 0.2415950705140002
    },
    "tail_index_real": 4.278436214587005,
    "tail_index_fake": 4.099170157422643,
    "tail_index_abs_diff": 0.17926605716436228
  },
  "distances": {
    "marginal_wasserstein_mean": 0.0009611575189697264,
    "marginal_wasserstein_max": 0.0015792343892957433,